Name,Employer,From,Experience,Keys
Golang Developer (Кипр),Space307,251322.0,От 3 до 6 лет,"['Docker', 'Golang', 'Redis', 'Английский язык', 'Kafka']"
Е-mail маркетолог,Монополия,60900.0,От 1 года до 3 лет,"['Грамотность', 'Написание текстов', 'Грамотная речь', 'Написание статей']"
Оператор call-центра (удаленно),Eden Springs,,От 1 года до 3 лет,"['Клиентоориентированность', 'Ориентация на результат', 'CRM', 'Электронная почта', 'Телефонные переговоры', 'Прием и распределение телефонных звонков', 'Консультирование', 'Пользователь ПК', 'входящие звонки', 'исходящие звонки', 'Консультирование клиентов по телефону']"
Ведущий SMM специалист,Импорт Хоум,60000.0,От 1 года до 3 лет,"['Продвижение бренда', 'Креативность', 'Adobe Photoshop', 'Маркетинговый анализ', 'Adobe Illustrator', 'ABC-анализ', 'Работа в команде', 'Internet Marketing', 'Графический дизайн', 'Анализ PR стратегии конкурентов', 'Анализ конкурентной среды', 'Бюджетирование', 'Маркетинговая стратегия', 'Проведение презентаций', 'Брендинг']"
UX/UI Designer,Pride Games Studio,,От 1 года до 3 лет,"['UI', 'UX', 'gamedev', 'game design', 'проектирование интерфейсов']"
Middle Game Designer,Pride Games Studio,,От 1 года до 3 лет,[]
Специалист технического сопровождения,Global Ports Management,47850.0,Нет опыта,"['Грамотная речь', 'Грамотность', 'Работа с большим объемом информации', 'Деловая переписка']"
Back-End  Developer (Node.js),IT X100,,От 3 до 6 лет,['Node.js']
Системный администратор/DevOps,Адверт Лайн,160000.0,От 3 до 6 лет,"['devops', 'Nagios', 'Nginx', 'PHP', 'Администрирование серверов Linux', 'Linux', 'MySQL', 'Debian', 'Jenkins', 'ansible', 'SQL', 'Bash']"
Оператор станка с ЧПУ,Группа Компаний MVS,60000.0,От 1 года до 3 лет,[]
Менеджер проектов,Комплексные Коммуникации,73950.0,От 3 до 6 лет,"['Готовность к командировкам', 'Работа в условиях многозадачности', 'Коммуникабельность, ответственность', 'Умение работать в условиях многозадачности', 'Подготовка презентаций', 'Навыки презентации', 'Активные продажи', 'Деловая переписка', 'Ведение переговоров']"
CRM-специалист,Счастливый взгляд,,От 1 года до 3 лет,[]
"Специалист по контекстной рекламе Google Ads, Facebook Ads, Яндекс Директ и веб аналитике",Лира,,От 1 года до 3 лет,"['Яндекс.Директ', 'Яндекс.Метрика', 'Google Analytics', 'Google AdWords', 'Управление проектами', 'Контекстная реклама', 'Информационный стиль', 'Редактура', 'Веб-аналитика', 'Google Tag Manager', 'CRM', 'Alytics', 'Scrum', 'MS Excel', 'Веб-дизайн', 'Повышение конверсии', 'Понимаю разницу между «делать» и «сделать»', 'Арбитраж трафика', 'Google Ads']"
Специалист технической поддержки,Сестрорецкий курорт,34800.0,От 1 года до 3 лет,"['Настройка ПК', 'Настройка ПО', 'Техническая поддержка', 'Настройка сетевых подключений', 'Настройка сетевого оборудования', 'Работа с оргтехникой', 'Service Desk', 'ОС Windows']"
Региональный руководитель группы отдела продаж категории Недвижимость,Авито,,От 1 года до 3 лет,"['Управление продажами', 'Активные продажи', 'Холодные продажи', 'Проведение презентаций', 'Обучение персонала', 'Управление командой', 'Ведение переговоров', 'Аналитика продаж', 'Мотивация', 'Управление временем', 'Мотивация персонала', 'B2B Продажи', 'Организаторские навыки', 'Навыки презентации', 'Грамотная речь', 'Ориентация на результат', 'Тайм-менеджмент']"
Разработчик 1С,КОРЕАНА,120000.0,От 1 года до 3 лет,"['1С программирование', '1С: Предприятие 8']"
Backend Python Developer (middle/team lead),Клевер Солюшнс,140000.0,От 3 до 6 лет,"['Git', 'Redis', 'Django Framework', 'Базы данных', 'Python', 'Linux', 'PostgreSQL', 'SQL', 'Docker', 'Reddis']"
Технический специалист СКС,Невалинк,,От 1 года до 3 лет,"['Монтаж оборудования', 'Монтаж инженерных систем', 'Ремонт ПК', 'Настройка сетевых подключений', 'Пользователь ПК', 'Эксплуатация', 'Пуско-наладочные работы', 'Электрические системы и слаботочные системы', 'Ввод в эксплуатацию', 'Ремонтные работы', 'Прокладка кабелей', 'монтаж скс', 'Оптоволокно', 'проектирование СКУД', 'Системы видеонаблюдения', 'Наружные инженерные сети', 'ремонт сетей', 'слаботочные системы', 'электробезопасность']"
Контент-менеджер,ЭД Девелоп,30000.0,От 1 года до 3 лет,"['Работа в команде', 'Грамотная речь', 'Грамотность', 'Пользователь ПК', 'Креативность', 'Фотография', 'видео', 'контент']"
Full-Stack Developer,Grid Dynamics,,От 1 года до 3 лет,"['Node.js', 'Angular', 'microservice', 'Linux']"
"Старший инженер по автоматизации тестирования Python, Логистика / Биллинг",Ozon,,От 3 до 6 лет,"['Git', 'Python', 'SQL', 'Pytest', 'API', 'QA', 'IT', 'Разработка логистики']"
Техник-механик,Performance Group,,От 1 года до 3 лет,"['Сантехника', 'Электрика', 'Добропорядочность', 'Механик', 'Работа в условиях многозадачности']"
PHP developer (remote work),Petrosoft LLC,,От 3 до 6 лет,"['PHP', 'JavaScript', 'MySQL', 'Java', 'ООП', 'Git', 'Symfony', 'MongoDB', 'CSS', 'HTML5', 'VSTS']"
Журналист / Копирайтер,NewGen Vision,35000.0,Нет опыта,"['Журналистика', 'Наполнение контентом', 'Редактирование текстов', 'Написание статей', 'Написание сценариев', 'Рерайтинг', 'Написание текстов', 'Копирайтинг', 'Работа в команде', 'SEO-копирайтинг', 'перевод статей']"
Аналитик,Газпром нефть,,От 1 года до 3 лет,"['SQL', 'Power BI', 'Python', 'VBA', 'Анализ данных']"
Python-разработчик,FunBox,170000.0,От 1 года до 3 лет,"['Python', 'Django', 'Django REST Framework', 'PyTest', 'Git', 'Postgres', 'Linux', 'CI', 'Работа в команде']"
Ученик компьютерного мастера,Омега,45000.0,Нет опыта,"['Ремонт ПК', 'Настройка ПК', 'Сборка ПК', 'Настройка ПО']"
ReactJs разработчик - Middle+/Senior,Вайт Код,200000.0,От 3 до 6 лет,"['JavaScript', 'TypeScript', 'ReactJS', 'Git', 'React Native', 'Redux', 'MobX']"
"Программист инструментария (gamedev, video) / Tools programmer",Wargaming St. Petersburg (Lesta Studio),,От 1 года до 3 лет,[]
Web-разработчик,МЕДО,,От 3 до 6 лет,"['jQuery', 'JavaScript', 'HTML5', 'CSS3', 'Bootstrap', 'Ajax', 'MySQL', 'Bitrix', 'Адаптивность']"
Монтажник ВОЛС,КЛАСС ТЕЛЕКОМ,50000.0,От 1 года до 3 лет,[]
Системный администратор Linux / DevOps,Vilesse,87000.0,От 3 до 6 лет,"['Linux', 'AWS', 'Ansible', 'Nginx', 'Администрирование серверов Linux', 'Bash', 'Python']"
Frontend Javascript разработчик,Vilesse,130500.0,От 3 до 6 лет,[]
"Таргетолог (Facebook/Instagram, Vk Ads, TikTok, MyTarget)",AdAurum,,От 1 года до 3 лет,"['Интернет-реклама', 'Реклама', 'MS Access', 'Управление временем', 'Мотивация', 'Таргетинг', 'myTarget']"
Automation QA engineer (remote work),Petrosoft LLC,,От 1 года до 3 лет,"['QA', 'Bug Reporting', 'Test case', 'Тестирование пользовательского интерфейса', 'Тестирование', 'Регресcионное тестирование', 'Функциональное тестирование', 'SQL', 'Java', 'ООП', 'XML', 'Selenium IDE']"
Менеджер по продажам компьютерной техники,Группа Компаний КМ Северо-Запад,45000.0,От 1 года до 3 лет,[]
Программист 1С,Счастливый взгляд,,От 3 до 6 лет,"['Работа в команде', '1С программирование', '1С: Розница', 'Работа с кассовым оборудованием']"
Специалист call-центра,Невалинк,,Нет опыта,"['Навыки межличностного общения', 'Пользователь ПК', 'Ведение переговоров', 'Телефонные переговоры', 'Деловая переписка', 'Поиск и привлечение клиентов', 'Консультирование клиентов по телефону', 'Консультирование клиентов', 'Прием и распределение телефонных звонков', 'Работа с базами данных', 'Навыки презентации', 'Навыки продаж', 'Грамотная речь', 'Навыки переговоров', 'входящие звонки', 'работа с физическими лицами']"
IOS разработчик,Enjoypro,,От 1 года до 3 лет,"['ООП', 'iOS']"
Lead of QA (remote work),Petrosoft LLC,,От 3 до 6 лет,"['SQL', 'Управление командой', 'Запуск новых продуктов', 'Разработка нового продукта', 'Контроль качества', 'QA', 'Регресcионное тестирование', 'Тестирование']"
Ведущий специалист по работе с корпоративными клиентами,Цифрал-Сервис,40000.0,От 1 года до 3 лет,"['Пользователь ПК', 'Управление персоналом', 'Ориентация на результат', 'Работа с большим объемом информации', 'CRM']"
Аналитик бизнес-процессов,Комитет по градостроительству и архитектуре,50000.0,Нет опыта,[]
Инженер-проектировщик по сетям связи,Невалинк,60000.0,От 1 года до 3 лет,"['AutoCAD', 'Разработка проектной документации', 'Проектирование', 'Проектная документация', 'Чтение чертежей', 'СНиП', 'Техническая документация', 'нормативно-техническая документация', 'Инженерные системы', 'ЕСКД', 'Подготовка отчетов']"
Автор курсов по JavaScript,html academy,130000.0,От 3 до 6 лет,"['JavaScript', 'Node.js', 'HTML', 'TypeScript', 'Проведение презентаций', 'Работа в команде', 'Публичные выступления', 'React.js']"
Руководитель отдела обработки данных,Метр Квадратный,130000.0,От 3 до 6 лет,"['Работа в команде', 'Ориентация на результат', 'Управление временем', 'Опытный пользователь ПК', 'управление архивом']"
Middle Frontend-разработчик,OFFERRUM,80000.0,От 1 года до 3 лет,"['Git', 'JavaScript', 'HTML', 'CSS', 'CSS3', 'react']"
"Backend Developer (Java, Kotlin)",Intellogic,180000.0,От 1 года до 3 лет,"['PostgreSQL', 'Kotlin', 'Java', 'Spring Framework', 'dicom', 'Microservices', 'REST', 'Kafka']"
Senior PHP Developer / Team Lead,OFFERRUM,156600.0,От 1 года до 3 лет,"['Git', 'Redis', 'MySQL', 'PHP', 'MongoDB']"
"Специалист в Call-сenter(удалённо, работа из дома)",Ozon,27840.0,Нет опыта,[]
Программист 1C,Старлайнер,,От 1 года до 3 лет,"['1С программирование', '1С: Документооборот', '1С: Комплексная автоматизация', 'Автоматизация процессов', '1С: Бухгалтерия']"
Аналитик данных,Важная рыба,80000.0,От 1 года до 3 лет,"['Веб-дизайн', 'Дизайн', 'Web-дизайн', 'Немецкий язык', 'Управление временем']"
Директор IT,Важная рыба,,От 3 до 6 лет,"['Управление проектами', 'ERP', '1С: Управление предприятием', 'Системное мышление', 'Планирование карьеры']"
Gameplay Programmer,Wargaming St. Petersburg (Lesta Studio),,От 1 года до 3 лет,"['C++', 'Python']"
Специалист первой линии технической поддержки,Москомсвязь,47850.0,От 3 до 6 лет,"['Работа с жалобами клиентов', 'Грамотная речь', 'Сопровождение клиентов', 'Пользователь ПК', 'Работа в команде']"
Системный администратор,WebMasters Russia,,От 1 года до 3 лет,"['Системы видеонаблюдения', 'Администрирование сетевого оборудования', 'Администрирование серверов Windows', 'Администрирование серверов Linux', 'Linux']"
Системный администратор,FINNTRAIL (ООО Финэкип),,От 3 до 6 лет,[]
MySQL/PHP Application Developer (junior),Cbonds.ru,120000.0,От 1 года до 3 лет,"['Redis', 'MySQL', 'MongoDB', 'PostgreSQL', 'PHP']"
Разработчик C# (Backend),Human Capital,104400.0,От 1 года до 3 лет,[]
Аналитик,Банда умников,50000.0,От 1 года до 3 лет,"['Power Bi', '1С: Комплексная автоматизация', 'Экономический анализ', 'Корпоративные финансы', 'Big Data', 'SQL', 'Экономическое моделирование', 'Анализ финансовых показателей', 'Финансовый анализ', 'Бюджетирование', 'Оптимизация бизнес-процессов', 'Финансовое планирование']"
Менеджер проектов,Графит,,От 1 года до 3 лет,"['Adobe Photoshop', 'Английский язык', 'Деловая коммуникация', 'Деловая переписка', 'Грамотная речь']"
Пресейл инженер,NBCom Group,100000.0,От 1 года до 3 лет,"['Английский язык', 'Dell Servers', 'HPE', 'Lenovo', 'Cisco', 'Системы хранения данных', 'схд', 'сервера', 'presale']"
Java-программист,Юнион Смарт Технолоджи,87000.0,От 1 года до 3 лет,"['Java', 'Spring Framework', 'SQL', 'PostgreSQL', 'ООП', 'Unit Testing']"
Системный аналитик,220 Вольт,150000.0,От 1 года до 3 лет,"['SQL', 'REST', 'UML', 'BPMN', 'Kanban', 'Системный анализ', 'E-Commerce', 'Разработка технических заданий', 'YouTrack', 'Confluence']"
Support engineer (Thailand project),Weigandt-consulting,,Нет опыта,"['Linux', 'Bash', 'SQL', 'Oracle Pl/SQL']"
Junior разработчик (PL/SQL),Weigandt-consulting,60000.0,Нет опыта,"['SQL', 'Linux', 'Oracle Pl/SQL', 'Английский язык']"
Сервисный инженер,OVISION,,От 1 года до 3 лет,"['Системы видеонаблюдения', 'Работа в команде', 'Настройка сетевых подключений', 'Монтаж оборудования', 'Настройка ПО', 'Техническое обслуживание']"
Системный администратор,Beget,,От 1 года до 3 лет,"['Linux', 'Ansible', 'MySQL', 'Nginx', 'Администрирование серверов Linux']"
Технический писатель,Attek,100000.0,От 1 года до 3 лет,"['Разработка инструкций', 'Техническая документация', 'Эксплуатационные документы', 'Знание английского языка', 'Высшее образование', 'Работа в графических редакторах', 'Разработка технической документации', 'Умение организовывать работу, планировать']"
Специалист по контекстной рекламе / Директолог,Альтера Эдьюкейшн,50000.0,От 1 года до 3 лет,"['Контекстная реклама', 'Яндекс.Директ', 'Google AdWords', 'Яндекс.Метрика', 'Интернет-реклама']"
Сетевой программист C++,Геоскан,,От 1 года до 3 лет,[]
Senior/Lead PHP Engineer,Lumio Technologies Ltd,324801.0,Более 6 лет,"['Git', 'Работа в команде', 'Symfony', 'PHPUnit', 'Behat', 'Docker', 'PHP', 'CI/CD', 'ООП', 'SQL', 'MongoDB']"
Бизнес-аналитик / Продуктовый аналитик по управлению товарными запасами,ГАРВИН (ГК ГаражТулс),,От 3 до 6 лет,"['Управление товарными запасами', 'Ориентация на результат', 'Логистика поставок', 'Управление цепочкой поставок', 'MS Excel', 'Product Management']"
Front-end Developer,КЛЭЙ ГЛОБАЛ,130000.0,От 3 до 6 лет,"['Английский язык', 'Работа в команде', 'React']"
Frontend разработчик (Middle+),Раймс Мьюзик,174000.0,От 1 года до 3 лет,"['JavaScript', 'Git', 'HTML5', 'Figma', 'CSS3']"
Web-программист,Компания Л1,,От 1 года до 3 лет,"['ASP.NET', 'C#', 'Visual Studio C#', 'CSS', 'С#', 'MS SQL', 'HTML', 'Web', 'Java Script', 'JavaScript', 'MySQL', 'MS Visual Studio', 'SQL']"
Ведущий программист,Компания Л1,,От 3 до 6 лет,"['C#', 'ASP.NET', '.NET Framework', 'MS Visual Studio', 'JavaScript']"
Team-lead по разработке,Serenity,70000.0,От 1 года до 3 лет,"['PHP', 'Удаленная работа', 'Управление проектами', 'Высокий уровень самоорганизации', 'Git']"
Ведущий разработчик 1С,Раймс Мьюзик,150000.0,От 3 до 6 лет,"['Atlassian Jira', 'ERP', '1С-Битрикс', '1С: Комплексная автоматизация', 'ERP-системы на базе 1С']"
PHP-разработчик,Раймс Мьюзик,120000.0,От 3 до 6 лет,"['Git', 'PHP', 'Английский язык', 'GraphQL', 'MongoDB']"
Оператор call-центра,"NEWLINK, провайдер интернета",30000.0,Нет опыта,"['Проведение опросов клиентов', 'входящие звонки', 'Консультирование клиентов по телефону', 'исходящие звонки', 'оператор контактного центра', 'консультант', 'менеджер по работе с клиентами', 'менеджер по продажам']"
Оператор,Пункт отбора на военную службу по контракту по Санкт-Петербургу,21750.0,Нет опыта,[]
QA Engineer (Middle/Senior),Siren Group,,От 3 до 6 лет,"['SQL', 'HTML', 'Английский язык', 'CSS', 'Bug Reporting', 'QA', 'API', 'REST', 'automation testing']"
Разработчик С/С++,AISA,100000.0,От 1 года до 3 лет,"['C++', 'C/C++', 'Linux', 'STL']"
Senior/Middle PHP Backend developer,7waysconsult,150000.0,От 1 года до 3 лет,"['ООП', 'MySQL', 'PHP', 'MVC', 'Паттерны проектирования']"
Middle PHP Developer,Siren Group,,От 3 до 6 лет,"['ООП', 'Git', 'MySQL', 'PHP', 'Linux', 'Symfony', 'Laravel', 'Atlassian Jira', 'Удаленная работа', 'SOLID']"
Разработчик C#,AISA,100000.0,От 1 года до 3 лет,"['C#', '.NET Framework', 'Windows Forms', 'SQL', 'PostgreSQL', 'JSON', 'REST', 'HTTP', 'HTML', 'Entity Framework', 'Git', 'Jira']"
Сервисный инженер по модульному ремонту компьютеров и смартфонов,Кузница Кадров,,От 1 года до 3 лет,"['Adobe Photoshop', 'Ремонт ПК', 'Работа в команде', 'Windows 7', 'Розничная торговля', 'Пользователь ПК', 'Гарантийное обслуживание', 'Послепродажное обслуживание', 'ремонт телефонов', 'Модульный ремонт', 'Ремонт техники', 'Мастер', 'Инженер']"
Senior Front-End Developer,Cytiva,,От 3 до 6 лет,"['JavaScript', 'CSS', 'Angular', 'TypeScript', 'HTML', 'CI/CD', 'AWS']"
Инженер-механик (грузоподъёмное оборудование),Агентство КИТ Консалт,70000.0,От 3 до 6 лет,['Водительское удостоверение категории B']
Маркетолог,Домострой,75000.0,От 1 года до 3 лет,[]
Разработчик PHP,Эдутех,,От 1 года до 3 лет,"['JavaScript', 'MySQL', 'Yii', 'Веб-программирование', 'PHP5', 'PHP', 'ООП', 'API']"
Программист 1С,Сфера,156600.0,От 1 года до 3 лет,"['1С: Управление Торговлей', '1С программирование', 'ERP-системы на базе 1С', '1С: Зарплата и управление персоналом', '1С: Предприятие 8']"
Junior Software Analyst (Product Management),Veeam Software,,От 1 года до 3 лет,[]
ServiceNow Application Administrator,Veeam Software,,От 1 года до 3 лет,"['ITIL', 'AngularJS', 'Unix', 'HTML5', 'Team management']"
Frontend-разработчик (VueJS),AISA,100000.0,От 1 года до 3 лет,"['HTML5', 'CSS3', 'JavaScript', 'VueJS', 'Git']"
Frontend-разработчик (ReactJS),AISA,100000.0,От 1 года до 3 лет,"['HTML5', 'CSS3', 'JavaScript', 'ReactJS', 'Git']"
QA-инженер в gamedev-компанию,Силиз,87000.0,От 1 года до 3 лет,"['QA', 'Тестирование', 'Git', 'Функциональное тестирование', 'Тестирование пользовательского интерфейса', 'Регресcионное тестирование', 'SQL', 'HTTP', 'Bash', 'Python', 'Scrum', 'Shell Scripting']"
Ведущий инженер-программист по разработке программного обеспечения микроконтроллеров,Импульс-Автоматика,108750.0,Более 6 лет,"['C++', 'STL', 'STM32', 'IAR Embedded Workbench', 'ARM', 'FreeRTOS', 'UART', 'I2C', 'SPI']"
Senior Frontend Developer,Xfamily,298668.0,От 3 до 6 лет,"['JavaScript', 'Node.js', 'HTML', 'CSS', 'Английский язык', 'Vue.js&Vuex', 'Nuxt.js']"
Оператор лазерного станка,НК ПРОИЗВОДСТВЕННАЯ КОМПАНИЯ,60000.0,От 1 года до 3 лет,[]
"Ведущий специалист поддержки систем Atlassian (Jira, Confluence)",СберРешения,,От 1 года до 3 лет,"['Atlassian Jira', 'Linux', 'C#', 'PHP', 'Коммуникабельность']"
Digital маркетолог,EX CORP.,,От 3 до 6 лет,[]
Старший дизайнер коммуникаций,Криптоюниверс Маркет,,От 1 года до 3 лет,[]
QA JAVA (Автотестирование),HR Prime,,От 3 до 6 лет,"['Java', 'Maven', 'Git', 'postman', 'Selenium IDE']"
Программист 1С,Группа компаний АФГ Националь,90000.0,От 3 до 6 лет,"['1С: Управление Производственным Предприятием', '1С программирование', '1С: Зарплата и управление персоналом', 'MS SQL', 'SQL', 'Системная интеграция', 'Кд2', 'Оптимизация систем', 'MS SQL Server', 'ЭДО', 'Рефакторинг кода']"
2D Artist middle+ (художник иллюстрации / иконки / скетчи / окружение) Freelance,Infinite Art Solutions,,От 3 до 6 лет,"['Adobe Photoshop', 'Работа в команде', 'Креативность', 'Illustration', 'Artist', 'Gamedev']"
Project Manager / Менеджер Проектов,Evercode Lab,,От 1 года до 3 лет,"['Управление проектами', 'Agile Project Management', 'Деловая коммуникация', 'Аналитическое мышление']"
Бизнес-аналитик,Insitech Development,,От 3 до 6 лет,"['Atlassian Confluence', 'Системное мышление', 'Анализ бизнес показателей', 'Аналитика', 'Навыки презентации', 'Atlassian Jira', 'B2B', 'Коммуникативные навыки', 'Analysis']"
Product Owner (Producer) GameDev,ROCKSTONE,,От 3 до 6 лет,"['Обучение персонала', 'Бизнес-анализ', 'Тренинги', 'Обучение и развитие', 'Управление командой', 'Развитие продукта (AERM, FTUE)', 'Анализ затрат', 'Лидерство', 'Командообразование', 'Стратегия Развития', 'Деловая коммуникация', 'Управление временем', 'Тайм-менеджмент', 'Внутренний контроль', 'Управление процессами']"
Game Designer / Геймдизайнер,ROCKSTONE,,От 1 года до 3 лет,"['Game Design', 'Креативность', 'Unity', 'Монетизация', 'Игровые метрики', 'Мобильные игры', 'Управление командой']"
Game Designer,ROCKSTONE,,От 1 года до 3 лет,"['Game Design', 'Аналитика', 'F2P']"
Специалист поддержки пользователей,KUPIBILET.RU,35000.0,Нет опыта,"['Работа с претензиями', 'Техническая поддержка', 'Пользователь ПК', 'Консультирование клиентов', 'Деловая переписка', 'Деловое общение']"
Копирайтер в SEO отдел,МАКСИМУС МЕДИА,20000.0,От 1 года до 3 лет,"['Копирайтинг', 'Наполнение контентом', 'Рерайтинг', 'SMM', 'Контекстная реклама']"
Frontend разработчик (middle/middle+),Инноскрипта Интернешнл,121800.0,От 1 года до 3 лет,"['Английский язык', 'JavaScript', 'React', 'Redux']"
QA Automation/Continuous Integration Engineer- KernelCare [Remote],Cloud Linux,,От 3 до 6 лет,"['Python', 'Jenkins', 'Shell Scripting', 'Ansible', 'Docker', 'Linux']"
Специалист по защите информации,Газпром нефть,,От 1 года до 3 лет,"['Информационная безопасность', 'Информационные технологии', 'Выявление каналов утечки информации', 'Регистрация', 'Умение слушать']"
Backend Developer (C++),Аркадия,,От 1 года до 3 лет,"['Git', 'C#', 'Английский язык', 'WPF', '.NET Framework', 'C++']"
Junior Backend Developer,Кабанов Иван Сергеевич,40000.0,Нет опыта,"['Node.js', 'JavaScript', 'MongoDB', 'Blockchain', 'Git', 'MySQL', 'Криптовалюта', 'Web', 'Блокчейн', 'Java Script']"
Web-дизайнер с навыками векторной иллюстрации и 2D анимации,AT-WORK,,От 1 года до 3 лет,"['UI', 'figma', 'фигма', 'Figma', 'Web Design', 'Веб-дизайн', 'Графический дизайн', 'Дизайн интерфейсов', 'Работа в команде', 'Adobe Illustrator', 'Adobe Photoshop', 'Web-дизайн', 'Проектирование пользовательских интерфейсов', 'Прототипирование', 'Дизайн', 'Английский язык', 'Usability']"
Программист 1С(работа из офиса),Нордпласт,,От 3 до 6 лет,"['1С: Бухгалтерия', '1С: Предприятие 8', 'XML', '1С: Зарплата и управление персоналом', '1С: Управление Производственным Предприятием', '1С: Зарплата и кадры']"
Менеджер проектов аутсорсинга,БС Актив,70000.0,От 1 года до 3 лет,"['Управление персоналом', 'Аутсорсинг', '1С: Предприятие 8', 'Деловое общение', 'Мобильность', 'Управленческая отчетность', 'Урегулирование конфликтов', 'Управление отношениями с клиентами', 'Ведение отчетности', 'Навыки межличностного общения', 'Внутренний контроль', 'Пользователь ПК', 'Работа с персоналом', 'Умение работать в режиме многозадачности', 'Знание программы 1С', 'Опытный пользователь ПК, знание MS Office', 'Высшее образование', 'Контроль работы персонала', 'B2B Продажи']"
Администратор сайта/ web-программист,Нордпласт,70000.0,От 1 года до 3 лет,"['jQuery', 'MySQL', 'CSS', 'HTML', 'JavaScript', '1С-Битрикс']"
Маркетолог,Кисточки Финанс,70000.0,От 1 года до 3 лет,"['Google Analytics', 'Google Tag Manager', 'B2C маркетинг', 'Оперативный поиск информации в сети Интернет', 'GTM', 'Digital Marketing', 'Internet Marketing']"
Стажер Software Developer Engineer in Test (SDET) по направлению Java,VK,,От 1 года до 3 лет,"['Java', 'QA automation']"
Главный технолог,Ключевые Системы и Компоненты,,Более 6 лет,"['Руководство коллективом', '1С: Производство', 'ERP-системы на базе 1С', 'Сборочное производство', 'Производство комплектующих', 'Вентиляция и кондиционирование', 'ЖД компоненты', 'Главный технолог', 'Технологические бизнес-процессы']"
Backend developer (Python),The Head,150000.0,От 1 года до 3 лет,"['Python', 'MySQL', 'Linux', 'Мобильность', 'Базы данных', 'Django Framework', 'PostgreSQL', 'SQL']"
Инженер технической поддержки (PL/SQL),Weigandt-consulting,,Нет опыта,"['SQL', 'Linux', 'Oracle Pl/SQL', 'Английский язык']"
DevOps инженер (СберЧат),Сбербанк,,От 1 года до 3 лет,"['Linux', 'Разработка технических заданий', 'Обучение', 'Мобильность', 'Windows Os']"
Начинающий программист 1С,Веллдорис,100000.0,От 1 года до 3 лет,"['Работа в команде', '1С программирование', '1С: Документооборот', '1С: Управление Торговлей', '1С: Комплексная автоматизация', 'Знание 1С', 'Отличное знание ПК']"
Node.JS Senior Developer,Itransition,,От 3 до 6 лет,"['JavaScript', 'Node.js', 'AngularJS', 'HTML', 'ООП']"
Senior Game designer/ Producer | SPB,Sperasoft,,От 3 до 6 лет,"['Project management', 'Английский язык', 'MS PowerPoint', 'Atlassian Confluence', 'Multitasking']"
Главный инженер проекта (комплексный),Интеграция проектов,,Более 6 лет,[]
Инженер слаботочных систем,Управляющая компания,,От 3 до 6 лет,"['Оперативный поиск информации в сети Интернет', 'Google Chrome', 'Материальная ответственность', 'проектирование СКУД', 'ПК', 'Точность и внимательность к деталям', 'Умение работать в условиях многозадачности', 'Работа с электроинструментом', 'Способность к систематизации', 'Самостоятельная работа']"
Администратор баз данных/ Linux администратор,Российский аукционный дом,,От 3 до 6 лет,"['Zabbix', 'Ansible', 'Gitlab', 'VMware', 'Docker', 'Jenkins']"
Методист образовательных продуктов,Skyeng,,От 3 до 6 лет,"['Управление проектами', 'Креативность', 'Обучение и развитие']"
Системный администратор,Sungwoo Hitech,49590.0,От 1 года до 3 лет,"['Windows Server 2003', 'Active Directory', 'Администрирование серверов Windows', 'DHCP', 'WSUS']"
Сервисный менеджер (удаленно),ОпенСервис,40000.0,От 1 года до 3 лет,"['SQL', 'Точность и внимательность к деталям', 'Работа с клиентами', 'Системное мышление', 'iiko', 'R-Keeper', 'ServiceDesk', 'Удаленная работа', 'Выявление потребностей клиента', 'Умение работать с людьми', 'Желание работать и развиваться']"
Senior DevOps Engineer (Remote),Spark Equation,210000.0,От 3 до 6 лет,"['SQL', 'AWS', 'Azure', 'Linux', 'Scripting', 'Docker', 'CI/CD', 'Terraform']"
DevOps engineer,Сбербанк,,От 1 года до 3 лет,"['Linux', 'Jenkins', 'Atlassian Jira', 'Python', 'Git']"
Помощник программиста 1С,ТД Форт,40000.0,От 1 года до 3 лет,"['1С программирование', '1С: Бухгалтерия', '1С: Бухгалтерия и склад', '1С: Документооборот']"
Web-дизайнер,Маслов Групп,60000.0,От 1 года до 3 лет,"['Adobe Photoshop', 'Интернет-реклама', 'Креативность', 'Навыки презентации']"
Менеджер по продажам Санкт-Петербург,АйТи Лайт,50000.0,От 1 года до 3 лет,"['Деловое общение', 'Навыки продаж', 'Ведение переговоров']"
QA Engineer (Тестировщик),Валов Евгений Дмитриевич,,От 1 года до 3 лет,"['Test case', 'Тестирование', 'iOS', 'API', 'Android', 'Тестирование мобильных приложений', 'Стратегическое мышление', 'Системное мышление', 'QA', 'Web', 'Умение адаптироваться']"
Оператор станков с ЧПУ,"Реком, Завод Деталей Трубопроводов",56550.0,Нет опыта,[]
Data Scientist (Remote),Spark Equation,120000.0,От 3 до 6 лет,"['Machine Learning', 'Python', 'Java', 'SQL', 'Data Mining', 'Data Analysis', 'MATLAB']"
Оператор отдела контроля качества,Интеллектуальная Безопасность,29000.0,Нет опыта,"['Оперативный поиск информации в сети Интернет', 'Пользователь ПК', 'Английский язык', 'Уверенное владение компьютером']"
Performance marketing manager / Digital marketing / CMO in Fintech startup,ГУРУ,,От 3 до 6 лет,"['Английский язык', 'Digital Marketing', 'Marketing', 'Launching new projects', 'Marketing Strategy Development']"
Senior New Business manager,Internest,150000.0,От 1 года до 3 лет,[]
Senior digital manager/ Senior sales manager/ Ведущий менеджер по продажам,Internest,,От 3 до 6 лет,[]
Junior Linux System Engineer,Intermedia,,От 1 года до 3 лет,[]
Senior Mobile developer,Самокат (ООО Умное пространство),,От 3 до 6 лет,"['React Native', 'Android', 'iOS']"
Senior DevOps Engineer,Эквид,250000.0,От 3 до 6 лет,"['Linux', 'Python', 'Terraform', 'AWS', 'PostgreSQL']"
Мастер по обслуживанию абонентов,Магистральные Сети Связи,54000.0,От 1 года до 3 лет,"['Монтаж оборудования', 'Системы видеонаблюдения', 'Электрические системы и слаботочные системы', 'Технический склад ума']"
Middle DevOps Engineer,Эквид,180000.0,От 1 года до 3 лет,"['Linux', 'Python', 'Terraform', 'Kubernetes', 'PostgreSQL']"
Руководитель отдела аутсорсинга,You Staff,95700.0,От 3 до 6 лет,"['Работа в команде', 'Управление персоналом', 'Мотивация персонала', 'Ориентация на результат', 'Мотивация']"
Администратор баз данных,"АЛИДИ, Группа компаний",,От 1 года до 3 лет,"['Linux', 'MS SQL', 'MS SQL Server', 'SSIS', 'SSAS', 'SSRS', 'MDS', 'Transact-SQL', 'VMware', 'SQL']"
Backend C# Developer,Plumsail,120000.0,От 1 года до 3 лет,"['C#', 'JavaScript', 'CSS', 'HTML', 'Git', 'ASP.NET', 'Sass', 'TypeScript', 'Webpack', 'Web Application Development', 'Веб-программирование', '.NET Framework']"
Middle Developer / Программист (Unity),Matryoshka Games,125000.0,От 1 года до 3 лет,"['GameDev', 'Game Programming']"
Azure Solutions Architect,ICL Services,,Более 6 лет,[]
Product Analyst,Selectel,,От 3 до 6 лет,"['SQL', 'Qlik Sense', 'Ad Hoc Analysis', 'Продуктовые метрики', 'BI', 'Управление проектами']"
Инженер по тестированию,СКАУТ Разработчик Системы,,От 1 года до 3 лет,[]
PHP-разработчик,МКК ТВОЙ.КРЕДИТ,150000.0,От 3 до 6 лет,"['MySQL', 'Yii', 'JavaScript', 'CSS', 'PHP', 'jQuery']"
Специалист MLOps,FunBox,200000.0,От 3 до 6 лет,"['Machine Learning', 'ML', 'DS', 'Data Science', 'DevOps', 'MLOps', 'Python']"
Программист Delphi,"Аукционная компания Союзпушнина, Обособленное структурное подразделение в Санкт-Петербурге",70000.0,От 1 года до 3 лет,"['SQL', 'MySQL', 'XML', 'Embarcadero Delphi', 'Delphi']"
Супервайзер отдела прямых продаж,Билайн,,Нет опыта,"['Работа в команде', 'Обучение персонала', 'Активные продажи', 'Прямые продажи', 'Обучение и развитие']"
Оператор call-центра,Сервис,45000.0,Нет опыта,"['входящие звонки', 'Проведение опросов клиентов', 'исходящие звонки', 'Консультирование клиентов по телефону', 'Работа с претензиями', 'работа с физическими лицами']"
Специалист технической поддержки контроля качества работы,Сервис,45000.0,Нет опыта,"['Пользователь ПК', 'Грамотная речь', 'Грамотность', 'Работа с большим объемом информации', 'Работа в команде']"
Frontend-разработчик (Vue.js),Модум Лаб,,От 1 года до 3 лет,"['Sass', 'CSS', 'JavaScript', 'HTML', 'Node.js', 'Vue.js', 'Vuex', 'PHP', 'MySQL', 'Git', 'Mercurial', 'Верстка', 'Адаптивная верстка']"
QA Engineer/Тестировщик мобильных приложений IOS/Android,Валов Евгений Дмитриевич,,От 1 года до 3 лет,"['Test case', 'Тестирование', 'iOS', 'API', 'Android', 'Тестирование мобильных приложений', 'Стратегическое мышление', 'Системное мышление', 'QA', 'Web', 'Умение адаптироваться']"
Разработчик Python,Vilesse,130500.0,От 3 до 6 лет,"['Python', 'CSS', 'JavaScript', 'React', 'Docker', 'Git', 'HTML5', 'Redux', 'Django Framework', 'Flask']"
Редактор (со знанием английского языка),Малтри,,От 1 года до 3 лет,"['MS PowerPoint', '1С-Битрикс', 'интернет аналитика', 'Администрирование сайтов', 'Английский язык']"
PHP-разработчик,Vilesse,121800.0,От 3 до 6 лет,"['PHP5', 'JavaScript', 'MySQL', 'HTML', 'CSS', 'jQuery', 'HTML5', 'Git', 'Linux', 'CMS Wordpress', 'Apache HTTP Server', 'Symfony', 'Laravel', 'Redis', 'Nginx', 'Ajax', 'AWS']"
Программист - Биостатистик / Statistical Programmer - Biostatistician,Parexel International,,Нет опыта,"['SQL', 'Статистический анализ', 'Статистика', 'Базы данных', 'Математическое программирование']"
Биостатистик / Biostatistician,Parexel International,,Нет опыта,"['Linux', 'Математическая статистика', 'Python', 'MATLAB', 'Sas']"
SEO-специалист,Novakid Inc,100000.0,Более 6 лет,"['SEO оптимизация', 'Составление семантического ядра', 'Google Analytics', 'CSS', 'HTML']"
Дизайнер,АКМ,60000.0,От 3 до 6 лет,"['Adobe Photoshop', 'CorelDRAW', 'Adobe Illustrator', 'Adobe InDesign', 'Дизайн', 'Фотография', 'Графический дизайн', 'Дизайн полиграфии', 'Пользователь ПК']"
Senior Java Developer,Scalable Solutions,250000.0,От 3 до 6 лет,"['Java', 'Spring Framework', 'PostgreSQL', 'Highload', 'JVM']"
Инженер-программист С#,Импульс-Автоматика,,Более 6 лет,"['UART', 'Git', 'TCP/IP', 'GUI', 'C# в Visual Studio', 'ОС Linux', 'Ethernet,']"
Ведущий менеджер по работе с клиентами,ОПТЕН-ТЕЛЕКОМ,45000.0,От 1 года до 3 лет,"['Ведение переговоров', 'B2B Продажи', 'Деловая переписка', 'Поиск и привлечение клиентов', 'Деловая коммуникация', 'проектные продажи', 'Навыки продаж', 'CRM', 'Активные продажи', 'Аналитическое мышление', 'Управление продажами', 'Agile Project Management', 'Клиентоориентированность', 'кабель', 'кабельно-проводниковая продукция', 'электротехника']"
Инженер-проектировщик ИТ инфраструктуры (главный специалист),Москомсвязь,,Более 6 лет,"['VMware', 'Информационные технологии', 'Системное мышление', 'Проектирование', 'Системная интеграция', 'MS SQL', 'Cистемы управления базами данных', 'Linux', 'Виртуализация', 'Veeam', 'Hardware', 'MS Windows', 'Разработка рабочей документации', 'Подбор оборудования', 'Разработка технических заданий', 'Широкий кругозор', 'Знание нормативной документации', 'Работа в команде']"
Верстальщик,8base,25000.0,От 1 года до 3 лет,"['JavaScript', 'CSS', 'HTML', 'Английский язык', 'Git']"
Backend-разработчик для поддержки существующего проекта,Вортекс Коннекшнс,17400.0,От 1 года до 3 лет,"['Git', 'Spring Framework', 'PostgreSQL', 'Hibernate ORM', 'Java']"
Middle Frontend React Engineer (Remote),Spark Equation,140000.0,От 1 года до 3 лет,"['JavaScript', 'Ajax', 'CSS', 'HTML', 'React', 'Git', 'TDD', 'ReactJS', 'Redux', 'Angular']"
Инженер-программист,"Сигнал, группа компаний",90000.0,От 3 до 6 лет,"['C++', 'C/C++', 'MS Visual Studio', 'Pascal', 'Программирование микроконтроллеров', 'микроконтроллеры', 'Стабильность', 'Высшее образование', 'С++']"
Configuration Engineer / System administrator,Veeam Software,,От 3 до 6 лет,[]
Middle product manager (platform),Яндекс,,От 1 года до 3 лет,"['Английский язык', 'Работа в команде', 'Аналитическое мышление', 'UX', 'Figma', 'Тайм-менеджмент', 'Разработка нового продукта', 'Стратегическое мышление', 'Системное мышление']"
Технический специалист сервисного центра,СМАРТ ОРАНЖ,40000.0,Нет опыта,"['MS Outlook', 'Грамотная речь', 'Электронная почта', 'Телефонные переговоры', 'Работа в команде']"
Game Designer / Гейм-дизайнер (Balance/Баланс),Matryoshka Games,45000.0,Нет опыта,['GameDev']
Иллюстратор YouTube-проекта,TheSoul Publishing (AdMe),,От 1 года до 3 лет,"['Иллюстрирование', 'Художник', 'Креативность', 'Творческое мышление', 'Умение работать в команде', 'Adobe Photoshop', 'Adobe Illustrator']"
Специалист по IT,Филиал ФКУ Налог-Сервис ФНС России по ЦОД в г.Москве,30000.0,От 1 года до 3 лет,"['Windows 7', 'Информационные технологии', 'Администрирование сетевого оборудования', 'Администрирование серверов Windows']"
Программист 1С,Веллдорис,100000.0,От 1 года до 3 лет,"['Работа в команде', '1С программирование', '1С: Документооборот', '1С: Управление Торговлей', '1С: Комплексная автоматизация', 'Знание 1С', 'Отличное знание ПК']"
IT-специалист,Филиал ФКУ Налог-Сервис ФНС России по ЦОД в г.Москве,30000.0,От 1 года до 3 лет,[]
Сетевой инженер,Филиал ФКУ Налог-Сервис ФНС России по ЦОД в г.Москве,30000.0,От 1 года до 3 лет,[]
Java Engineer,Grid Dynamics,,От 3 до 6 лет,"['Java', 'Spring Framework', 'Hibernate ORM', 'Kafka']"
Product marketing manager / Продуктовый маркетолог,Semrush,150000.0,Нет опыта,"['Английский язык', 'Английский язык - C1 - Продвинутый', 'Digital Marketing', 'Google Analytics', 'CRM', 'Internet Marketing']"
Инженер-электроник / Схемотехник (Красное Село),Радар ММС,,Более 6 лет,"['C++', 'C#', 'ARM']"
Технический писатель,НТЦ НАРТИС,60900.0,От 3 до 6 лет,"['Грамотная речь', 'Техническая документация', 'ЕСКД', 'ГОСТ', 'Грамотность']"
"Инженер - программист С, С++, С# (Красное село)",Радар ММС,,Нет опыта,"['SQL', 'MS SQL', 'Разработка ПО', 'Visual C++', 'MS Visual Studio', 'Microsoft Visual Studio', 'C#', 'Обучение и развитие', 'MS Visual C++', 'MySQL']"
Data engineer,Самокат (ООО Умное пространство),,От 3 до 6 лет,[]
Инженер-механик,Essity,,От 3 до 6 лет,"['AutoCAD', 'Английский язык', 'Техническое обслуживание', 'Контроль исправности оборудования', 'Техническая эксплуатация']"
Talent Sourcer,Nexters,,От 1 года до 3 лет,"['Английский язык', 'Грамотная речь', 'Грамотность', 'Поиск информации в интернет']"
Ведущий программист 1С в торгово-производственную компанию,МЕДИТЕК Знамя Труда,150000.0,От 3 до 6 лет,"['1C: Бухгалтерия', '1С: Предприятие 8', '1С: Комплексная автоматизация', 'ERP-системы на базе 1С', '1С: Управление предприятием']"
Агент активных продаж,ЭР-Телеком,55000.0,Нет опыта,"['Пользователь ПК', 'Работа в команде', 'Грамотная речь', 'Деловое общение', 'Умение работать в команде', 'Умение общаться с людьми', 'Желание работать и зарабатывать', 'Желание обучаться', 'Умение слушать, находить подход к клиентам', 'Ответственность и пунктуальность', 'Коммуникабельность, ответственность', 'Умение общаться с клиентами', 'Умение работать с клиентами']"
Сервисный инженер,ЭР-Телеком,55000.0,От 1 года до 3 лет,"['Клиентоориентированность', 'Ориентация на результат', 'Выездное обслуживание', 'Ориентация на клиента', 'Уверенный пользователь ПК']"
Ментор JavaScript,Remokate,90000.0,От 3 до 6 лет,"['Преподавание', 'JavaScript', 'Git', 'Node.js', 'jQuery']"
Senior Front-End Developer,SmartTel Plus OÜ SP z.o.o. oddział w Polsce,,От 1 года до 3 лет,"['Node.js', 'React', 'JavaScript', 'Vue.js', 'express.js', 'Webpack', 'Scrum', 'Pug']"
Помощник контент-менеджера,Красный Алмаз,20000.0,От 1 года до 3 лет,"['Наполнение контентом', 'SEO', 'Управление проектами', 'Редактирование', 'SEO-копирайтинг', 'Рерайтинг', 'Администрирование сайтов', 'HTML', 'Adobe Photoshop', 'CSS', 'Маркетинговый анализ', 'HTML5', 'CSS3', 'CorelDRAW', 'Joomla CMS', 'CMS Wordpress']"
2D Аниматор Middle/+ (Spine) FREELANCE,Infinite Art Solutions,,От 1 года до 3 лет,"['Adobe Photoshop', 'Unity', 'Работа в команде', 'Spine']"
Администратор приложений Oracle,Яндекс,,От 3 до 6 лет,"['Linux', 'Bash', 'Weblogic', 'Apache Tomcat', 'Unix', 'ORACLE', 'Python']"
Database Reliability Engineer (Oracle DBA) в Биллинг,Яндекс,,От 3 до 6 лет,"['Python', 'PostgreSQL', 'ORACLE', 'Terraform', 'Grafana', 'SRE', 'DevOPS', 'Clickhouse', 'Go']"
Аналитик бизнес-процессов,"МАГНИТ, Розничная сеть",,От 1 года до 3 лет,"['COBIT', 'Анализ бизнес показателей', 'Atlassian Confluence']"
Аналитик бизнес-процессов,"МАГНИТ, Розничная сеть",,От 1 года до 3 лет,"['Atlassian Jira', 'COBIT', 'Анализ бизнес показателей']"
Инженер по внедрению,Компас,60000.0,От 1 года до 3 лет,"['Kompas (Erp)', 'MS SQL', 'ORACLE', 'ERP', 'Автоматизация склада', 'Автоматизация документооборота', 'Автоматизация кадрового документооборота', 'CRM', 'Автоматизация производства', 'СУБД', 'SQL', '1C: Зарплата и кадры', '1С: Бухгалтерия']"
Senior Product Manager (СберЗвук Бизнес),СберЗвук,,Более 6 лет,[]
Product Designer (СберЗвук Бизнес),СберЗвук,,От 1 года до 3 лет,[]
Менеджер по развитию бизнеса Enterprise / Sales B2B (СберЗвук Бизнес),СберЗвук,,От 3 до 6 лет,[]
PHP программист,Кельник Студиос,70000.0,От 1 года до 3 лет,"['PHP', '1С-Битрикс', 'Git', 'Linux', 'SQL', 'Ajax', 'ООП', 'MySQL', 'Laravel', 'Java Script', 'Веб-программирование', 'Паттерны проектирования', 'MVC', 'Composer', 'PHP7', 'PHP5', 'ORM', 'Удаленная работа', 'PostgreSQL']"
Ведущий сетевой инженер (Архитектор),Москомсвязь,,От 3 до 6 лет,['Системная интеграция']
Менеджер проектов / Project manager (digital маркетинг),Zum Punkt,52200.0,От 1 года до 3 лет,"['Интернет-реклама', 'Ориентация на результат', 'Internet Marketing', 'Управление отношениями с клиентами', 'Управление проектами', 'Ведение переговоров', 'Оценка потребностей клиентов', 'Управление командой', 'Тайм-менеджмент', 'Soft skills', 'Эмпатия', 'SEO', 'Контекстная реклама']"
Java разработчик,Банк ВТБ (ПАО),,От 3 до 6 лет,"['Spring Framework', 'Hibernate ORM', 'Apache Maven', 'Java']"
IOS Team Lead (мобильный клиент для Банка),Банк ВТБ (ПАО),,От 1 года до 3 лет,"['Objective-C', 'iOS', 'Обучение и развитие', 'Mac Os', 'Мобильность']"
Оператор станка с ЧПУ,Пушкинский машиностроительный завод,65250.0,От 1 года до 3 лет,"['Пользователь ПК', 'Windows Vista', 'MS Dos']"
Разработчик Oracle,Яндекс,,От 3 до 6 лет,"['Oracle Pl/SQL', 'База данных: Oracle', 'ORACLE', 'SQL']"
Android разработчик в Yandex.Pay,Яндекс,,От 3 до 6 лет,"['Kotlin', 'Android', 'UI/UX']"
Программист 1С,АМД Транспорт,150000.0,От 3 до 6 лет,[]
JavaScript-программист (Front-End разработчик),NewGen Vision,60000.0,От 1 года до 3 лет,"['JavaScript', 'Git', 'jQuery', 'AngularJS', 'JS', 'Vue.JS', 'VueJS', 'React', 'HTML', 'HTML5', 'Sass', 'CSS3', 'Bootstrap', 'Node.js', 'Ajax', 'TypeScript']"
Senior/Team Lead Frontend developer,ИММО,,От 1 года до 3 лет,['React']
Senior / Lead Bitrix24 developer,ИММО,200000.0,От 1 года до 3 лет,"['битрикс24', 'bitrix24']"
Системный администратор,ИММО,,От 3 до 6 лет,[]
Frontend Developer (Angular),RC Studio,,От 1 года до 3 лет,"['Typescript', 'Angular']"
Программист-стажер 1C,Северные стрелы,69600.0,От 1 года до 3 лет,"['1С программирование', '1С: Управление Торговлей', '1С: Документооборот', 'СКД', '1С: Бухгалтерия', '1С: Комплексная автоматизация', '1С: Управление предприятием', '1С: Предприятие 8', 'Создание конфигурации 1С', 'SQL']"
"Ведущий разработчик C#, Логистика / Курьерская доставка",Ozon,,От 3 до 6 лет,"['SQL', 'PostgreSQL', 'C#', '.NET Framework', 'MS SQL', 'Микросервисная архитектура', 'Разработка логистики', 'IT']"
Customer Support agent (b2b software industry; remote),ApprovalMax,72883.0,От 3 до 6 лет,"['SaaS', 'Presentation skills', 'Customer Relationship Management', 'Customer Support', 'Business English']"
Аналитик,RC Studio,150000.0,От 1 года до 3 лет,"['UML', 'BPMN', 'Atlassian Jira', 'Atlassian Confluence', 'Постановка задач разработчикам']"
Bitrix разработчик (удаленно),ZeBrains,80000.0,От 1 года до 3 лет,"['MySQL', 'Обучение и развитие', '1С-Битрикс', 'Многозадачность', 'Управление временем', 'Docker', 'Linux', 'Git']"
Менеджер по продажам,Интроверт,50000.0,Нет опыта,"['amoCRM', 'B2B Продажи', 'Работа в команде', 'CRM', 'Активные продажи', 'Ведение переговоров', 'Ориентация на результат', 'Пользователь ПК', 'Телефонные переговоры', 'Навыки продаж']"
Менеджер проектов,ТД Северный,52200.0,От 3 до 6 лет,"['Поиск и привлечение клиентов', 'Ведение переговоров', 'Подготовка коммерческих предложений', 'Проведение презентаций', 'Работа в команде']"
Frontend React Developer,"Velvetech, LLC",,От 1 года до 3 лет,['React']
Lead Project manager (SCRUM),Karuna,,От 3 до 6 лет,"['Работа в команде', 'Английский язык', 'Scrum', 'Kanban', 'Atlassian Jira']"
Кабельщик-спайщик,Ростелеком,30000.0,Нет опыта,[]
Инженер,Ростелеком,38062.0,От 1 года до 3 лет,[]
Ведущий инженер-программист АСУ ТП,СПИК СЗМА,,Более 6 лет,"['АСУ ТП', 'Автоматизация производства', 'SCAD', 'C++', 'SQL']"
Senior Scrum Master,Karuna,,От 1 года до 3 лет,"['Agile', 'Scrum']"
Head of CRM,Karuna,,От 3 до 6 лет,"['CRM', 'Analytical skills', 'Market Research', 'Teamleading']"
Ментор технической поддержки,Tools For Brokers,65000.0,От 1 года до 3 лет,"['Английский язык', 'Teamplayer', 'Training', 'Networking', 'API', 'Business communication', 'Analysis', 'SQL']"
Сервис-инженер,Лабораторное Оборудование и Приборы,39150.0,От 1 года до 3 лет,[]
Разработчик Python Middle/Senior - Remote,GetConduit.app,186667.0,От 3 до 6 лет,"['Django Framework', 'Python', 'Git', 'PostgreSQL', 'pydantic', 'mypy']"
Менеджер по развитию продаж В2В,Blizko,60900.0,От 1 года до 3 лет,"['Активные продажи', 'Грамотная речь', 'Навыки продаж', 'Прямые продажи', 'B2B Продажи', 'Обучение и развитие', 'Телефонные переговоры', 'Развитие продаж', 'Работа с возражениями']"
Менеджер по продажам,Blizko,60900.0,Нет опыта,"['Грамотная речь', 'Активные продажи', 'Работа с возражениями', 'Консультирование клиентов', 'Навыки продаж']"
Front-end (React) developer with Twilio Flex,Itransition,,От 1 года до 3 лет,"['JavaScript', 'Английский язык', 'HTML5', 'CSS3', 'TypeScript']"
"Старший разработчик С#, Логистика / Коммерциализация логистики",Ozon,,От 3 до 6 лет,"['PostgreSQL', '.NET Core', '.NET Framework', 'C#', 'Docker', 'Kafka', 'gRPC', 'Linux', 'Разработка логистики', 'IT']"
IOS разработчик,Симкей,217500.0,От 3 до 6 лет,"['Swift', 'iOS', 'Удаленная работа', 'Мобильные приложения']"
Главный специалист группы автоматизации,ФГУП РСВО,,От 1 года до 3 лет,[]
Special Projects Manager,Cointelegraph Consulting,,От 1 года до 3 лет,"['Английский язык', 'Project management', 'Business English', 'MS PowerPoint', 'Leadership Skills', 'Administrating Skills', 'Project Finance', 'Business Administration']"
Инженер-программист АСУ ТП,ЭйСиЭс,,От 3 до 6 лет,"['Автоматизация производства', 'АСУ ТП', 'Автоматизация технологических процессов', 'PLC', 'WinCC', 'SCADA', 'Робототехника', 'АСУ', 'SIMATIC', 'Siemens']"
Системный аналитик (нефтеперерабатывающий завод),СофтМедиаЛаб,240000.0,От 3 до 6 лет,"['Atlassian Jira', 'XML', 'SQL', 'MS SQL', 'Разработка технических заданий', 'Системное мышление', 'UML', 'BPMN', 'Системный анализ', 'Постановка задач разработчикам', 'UI/UX']"
Middle / Senior Full-stack разработчик,СберРешения,,От 1 года до 3 лет,"['AngularJS', 'ASP.NET', 'Transact-SQL', 'MS SQL Server', 'TFS']"
Главный программист 1С,СберРешения,,От 1 года до 3 лет,"['1С: Управление Производственным Предприятием', '1С: Бухгалтерия', 'ERP-системы на базе 1С', '1C: Бухгалтерия', '1С программирование']"
Senior С# developer (remote or office),VIAcode,,Более 6 лет,"['C#', 'MS Visual Studio', 'PowerShell', 'SQL']"
Аналитик (анализ бэк маржи),М.Видео-Эльдорадо,,От 1 года до 3 лет,"['SQL', 'SAP', 'Прогнозирование', 'Аналитическое мышление', 'MS Excel', 'Анализ данных', 'Прогнозирование маржинальности', 'Бэк маржа', 'Гросс маржа', 'Фронт маржа']"
Монтажник ОПС / слаботочных систем,Альянс,45000.0,От 1 года до 3 лет,[]
Программист 1С,Практическая Механика,60000.0,От 1 года до 3 лет,"['1С: Бухгалтерия', '1С программирование', '1С: Предприятие 8', '1С: Управление Торговлей', '1С: Зарплата и управление персоналом']"
Программист IoT-устройств,АТБ Электроника,,От 1 года до 3 лет,"['C/C++', 'IoT', 'STM32', 'Разработка ПО', 'Nordic NRF52', 'FreeRTOS', 'Программирование микроконтроллеров', 'NB-IoT']"
Руководитель разработки,Латера,,От 3 до 6 лет,"['Linux', 'Python', 'PostgreSQL', 'Ansible', 'Atlassian Jira']"
Fullstack-разработчик (middle+),"Северсталь, Москва",174000.0,От 1 года до 3 лет,[]
Novakid Art director,Novakid Inc,298668.0,Более 6 лет,"['Английский язык', 'Работа в команде', 'MS PowerPoint', 'Teambuilding', 'Organization Skills']"
Ведущий менеджер по трейд-маркетингу,Ле Муррр,63000.0,От 3 до 6 лет,[]
Главный ИТ-специалист в банк,Совкомбанк,60900.0,От 1 года до 3 лет,"['Пользователь ПК', 'Клиентоориентированность', 'Мобильность', 'Организационные навыки']"
Редактор контента,НаПоправку.ру,34800.0,Нет опыта,"['Грамотность', 'Работа с большим объемом информации', 'Поиск информации в интернет', 'Внимательность']"
Senior IOS Developer,SayHire.agency,,От 3 до 6 лет,"['Swift', 'Objective-C', 'Git', 'Xcode', 'iOS', 'SQLite', 'Английский язык', 'Realm', 'CoreData', 'Удаленная работа']"
"Frontend-разработчик (middle+, senior)","Северсталь, Москва",174000.0,От 1 года до 3 лет,"['Английский язык', 'Управление проектами']"
Сотрудник удостоверяющего центра,Управление Федерального казначейства по г. Санкт-Петербургу,27840.0,Нет опыта,"['Пользователь ПК', 'Грамотная речь', 'Делопроизводство', 'Работа с большим объемом информации', 'Работа с оргтехникой']"
Проектный менеджер,Сеть магазинов цифровой и бытовой техники DNS,,От 1 года до 3 лет,"['Управление проектами', 'Agile Project Management', 'Scrum', 'Работа в команде', 'BPMN', 'Системное мышление']"
Android developer,"Velvetech, LLC",,От 1 года до 3 лет,"['Java', 'Android', 'Kotlin']"
Программист 1С,РусХОЛТС,150000.0,От 3 до 6 лет,"['1С программирование', '1С: Управление Производственным Предприятием', '1С: Предприятие 8', 'Умение работать в коллективе']"
Senior C# Developer (remote),VIAcode,,Более 6 лет,"['C#', 'MS Visual Studio', 'PowerShell', 'SQL']"
React Native разработчик,Ленинград Медиа,100000.0,От 3 до 6 лет,[]
Java / Kotlin Developer,Солантек,,От 1 года до 3 лет,"['Java', 'Git', 'Unit Testing', 'Spring Framework']"
Специалист отдела внедрения,СП.АРМ,70000.0,От 1 года до 3 лет,"['BPMN', 'ERP', 'Разработка технических заданий', 'Постановка задач разработчикам', 'Работа в команде', 'Разработка инструкций', 'Системная интеграция', 'Автоматизация медицинских процессов', 'Медицинская документация', 'Ведение переговоров', 'CRM', 'МИС', 'Health Information System', 'User Acceptance Testing']"
Специалист отдела контроля качества обслуживания клиентов,Сантехника-Онлайн,30000.0,От 1 года до 3 лет,"['Грамотная речь', 'Работа с большим объемом информации', 'MS PowerPoint', 'Ведение отчетности', 'Контроль качества', 'Обучение и развитие', 'Аналитическое мышление', 'Уверенный пользователь ПК', 'Многозадачность', 'Ориентация на результат', 'Грамотная устная и письменная речь', 'Обучение команды продаж', 'Построение индивидуальных планов развития', 'Умение работать с большим объемом информации', 'Грамотная письменная речь']"
Контент-менеджер,НаПоправку.ру,34800.0,Нет опыта,[]
Специалист по сетевым коммуникациям,НПК Северная заря,,От 1 года до 3 лет,"['Умение легко находить контакт с людьми', 'Прокладка кабелей', 'Монтаж оборудования']"
Менеджер по развитию,РусХОЛТС,,От 1 года до 3 лет,"['Планирование', 'Управление проектами', 'Ведение переговоров', 'Навыки презентации', 'Умение работать в команде', 'Деловая коммуникация', 'Проведение презентаций', 'Гибкость']"
Руководитель направления E-Commerce,Персональные Решения,,Более 6 лет,"['E-Commerce', 'Маркетплейсы', 'Продажи через интернет']"
Программист 1С,Персональные Решения,,От 3 до 6 лет,"['1С: Конвертация данных', '1С: Предприятие 8']"
Инженер по обслуживанию медицинской техники,Корвэй,,От 1 года до 3 лет,"['Английский язык', 'Техническое обслуживание', 'Деловое общение', 'Медицинское оборудование', 'Ремонтные работы', 'Монтаж оборудования', 'Выездное обслуживание']"
Программист-разработчик 1С,Инфостарт,130000.0,От 3 до 6 лет,[]
Senior Java Developer,Маркет Плато,300000.0,Более 6 лет,"['PostgreSQL', 'Spring Framework', 'REST', 'NoSQL', 'Web services', 'XML/JSON', 'Maven', 'Kubernaties', 'Git', 'GitFlow', 'Kafka', 'Design Patterns', 'RabbitMQ', 'Docker']"
Senior QA Automation Engineer C# (с возможностью переезда в Прагу),Veeam Software,,От 3 до 6 лет,"['QA', 'QA Automation', 'VMware', 'TFS', 'C#', '.NET Framework']"
Ведущий специалист по технической поддержке продаж и управлению проектами,Билайн,47850.0,От 1 года до 3 лет,"['B2B Продажи', 'Ведение переговоров', 'Поиск и привлечение клиентов', 'Работа в команде', 'Активные продажи']"
Senior Game Designer,Beresnev Games,149334.0,От 1 года до 3 лет,"['Adobe Photoshop', 'Adobe Illustrator', 'Разработка компьютерных Игр', 'Blender 3D', 'Аналитическое мышление']"
Business development & sales manager,СофтМедиаЛаб,160000.0,От 3 до 6 лет,"['Активные продажи', 'Поиск и привлечение клиентов', 'Телефонные переговоры', 'B2B Продажи', 'Продажа ИТ решений', 'ИТ услуги', 'Навыки презентации']"
Бизнес-аналитик 1С,ИК СИБИНТЕК,,От 1 года до 3 лет,"['1С: Управление Производственным Предприятием', '1С: Управление Торговлей', 'ERP-системы на базе 1С', '1С: Документооборот', '1С программирование']"
Teamlead C#,Fmedia,,От 3 до 6 лет,"['ASP.NET', 'C#', '.NET Framework', 'MS SQL', 'Entity Framework', 'Руководство коллективом']"
Technical Writers Lead,Дартс рекрутинг сервисез,,От 3 до 6 лет,"['Teamleading', 'Английский язык', 'Project management', 'Business Development', 'Team management', 'Technical Translation', 'Customer orientation', 'B2C', 'English', 'Technical Writer', 'Customer Support', 'Written Translation', 'Analytical skills', 'SaaS']"
Системный администратор,Медицинский холдинг МЕДИКА,65250.0,От 3 до 6 лет,"['Информационные технологии', 'Администрирование', 'Пользователь ПК', 'CRM', 'Администрирование серверов', 'Администрирование сетевого оборудования', 'VPN', 'Настройка ПО', 'Настройка ПК', 'Техническая поддержка', 'Антивирусная защита сети', 'Cisco']"
Web-разработчик,Bear in Mind Films LTD,87000.0,Нет опыта,"['Генерация идей', 'Заинтересованность', 'Управление ресурсами', 'Веб-программирование']"
HTML-верстальщик,Расчетные системы,50000.0,От 1 года до 3 лет,"['HTML', 'CSS', 'Верстка']"
Middle NodeJS Developer,Evercode Lab,,От 1 года до 3 лет,"['Node.js', 'MongoDB', 'JavaScript', 'SQL', 'PostgreSQL', 'NoSQL', 'TypeScript', 'NestJS']"
Senior Game QA Engineer,Арктик7,,От 3 до 6 лет,"['Atlassian Jira', 'Английский язык', 'TestRail', 'Unreal Engine 4', 'Project management']"
Начальник отдела по эксплуатации сетей,Билайн,,Более 6 лет,[]
React Native разработчик,Расчетные системы,110000.0,От 1 года до 3 лет,['JavaScript']
React Native разработчик,Расчетные системы,110000.0,От 1 года до 3 лет,['JavaScript']
Digital маркетолог,azart.tech,40000.0,От 1 года до 3 лет,"['Креативность', 'Грамотность', 'Грамотная речь', 'Adobe Photoshop', 'SMM', 'Internet Marketing', 'Графические редакторы', 'Вывод компании на рынок']"
Android developer,UP.RU,,От 3 до 6 лет,"['Java', 'Git', 'Kotlin', 'Scrum', 'ООП']"
Руководитель отдела маркетинга / Интернет-маркетолог,Сервисный центр Apple,100000.0,От 1 года до 3 лет,"['Расстановка приоритетов', 'Многозадачность', 'Яндекс.Директ', 'Интернет-реклама', 'Яндекс.Метрика', 'Google Analytics', 'Интернет маркетинг', 'Google Ads', 'Управление маркетингом', 'Управление командой']"
Сервисный инженер по обслуживанию систем безопасности,ИнтерСтрой,70000.0,От 1 года до 3 лет,[]
Монтажник слаботочных систем,Вокруг Безопасности,55000.0,От 1 года до 3 лет,"['Мобильность', 'Работа в команде', 'Ориентация на результат']"
Тестировщик мобильного ПО,Кабанов Иван Сергеевич,40000.0,Нет опыта,"['Android', 'iOS', 'Тестирование', 'Тестирование пользовательского интерфейса']"
Java разработчик (Junior/Middle),Синтека,60000.0,Нет опыта,"['REST', 'HTTP', 'Webpack', 'HTML', 'CSS', 'JOIN', 'API', 'JVM', 'Spring Framework', 'Желание учиться и развиваться', 'React', 'Vue.js', 'angular']"
JAVA back-end разработчик на проект DBeaver (desktop),Райдер софт,200000.0,От 1 года до 3 лет,"['Git', 'Eclipse', 'SQL', 'Java', 'Английский язык', 'Базы данных', 'Scrum', 'Java Core', 'Удаленная работа', 'Cистемы управления базами данных', 'Open source', 'DBeaver']"
Монтажник слаботочных систем,Санкт-Петербургская инвестиционная компания,70000.0,Нет опыта,"['Умение работать в коллективе', 'Электрические системы и слаботочные системы', 'Системы охранно-тревожной сигнализации', 'Монтаж инженерных систем', 'слаботочные системы']"
Консультант по сопровождению ERP-системы (Axapta),Валио - Россия,,От 1 года до 3 лет,"['Деловое общение', 'SQL', 'AXAPTA', 'Navision', 'ERP Systems', 'Поддержка пользователей']"
Middle Frontend Developer (remote),Servers.com,,От 1 года до 3 лет,"['JavaScript', 'React', 'TypeScript', 'HTTP', 'CI/CD']"
"Head of Client Experience (B2B, iGaming)",Betby,,От 3 до 6 лет,"['Teamplayer', 'Английский язык', 'Customer Service', 'Start-up project']"
Менеджер по продажам компьютерного оборудования,Display Group,90000.0,От 1 года до 3 лет,[]
Менеджер по ИТ активам,Лаборатория Гемотест,65000.0,От 3 до 6 лет,"['Заключение договоров', 'Ведение переговоров', 'Деловая переписка', 'Первичная бухгалтерская документация', 'Закупка товаров и услуг']"
FullStack / Backend разработчик PHP (веб-проекты),Zum Punkt,100000.0,От 1 года до 3 лет,"['1С-Битрикс', 'PHP', 'JavaScript', 'Веб-программирование', 'Управление временем', 'Bitrix', 'Backend']"
Менеджер по выводу продуктов на рынок,Fresenius Kabi,,От 1 года до 3 лет,"['Навыки переговоров', 'Деловая коммуникация', 'Ориентация на результат', 'Привлечение государственных субсидий и льгот', 'Знание законодательства', 'Навыки презентации']"
Программист 1С (удаленно),"Петрович, Строительный Торговый Дом",,От 1 года до 3 лет,"['1С программирование', '1С: Управление Торговлей']"
Solution Architect (Ruby),Sphere Consulting,,Более 6 лет,"['MS Teams', 'Foundation', 'Technical Translation', 'Architecture', 'Development']"
Junior Тестировщик игр (manual),Donut Lab,50000.0,Нет опыта,"['Unity', 'Jenkins', 'Atlassian Jira', 'Android', 'MongoDB', 'TeamCity', 'Тестирование', 'Amplitude', 'Аналитика', 'iOS', 'Bug Reporting', 'Unity3D', 'Ручное тестирование']"
Специалист технической поддержки (1-Линия),СБЕРКОРУС,,От 1 года до 3 лет,[]
"Technical Support Engineer (Level 1, English native)",B2Broker,,От 1 года до 3 лет,['Английский язык']
Game Designer,РЕД БРИКС ДЕВЕЛОПМЕНТ,80000.0,От 1 года до 3 лет,"['Креативность', 'Грамотность', 'Разработка компьютерных Игр', 'Разработка нового продукта']"
Data Engineer (удаленно),"Петрович, Строительный Торговый Дом",,От 1 года до 3 лет,"['Python', 'SQL', 'GCP']"
Инженер по автоматизированному тестированию ПО (1С),"Петрович, Строительный Торговый Дом",,От 1 года до 3 лет,[]
Программист 1С,Ниеншанц-Автоматика,,От 1 года до 3 лет,"['1С программирование', 'ООП', 'MySQL', '1С: Предприятие 8', 'ERP-системы на базе 1С', '1С: Управление предприятием', '1С: ERP', '1С: Управление Торговлей', '1С: Комплексная автоматизация', 'Основы бухгалтерского учета', '1С: Бухгалтерия предприятия', 'Создание конфигурации 1С', '1C: Предприятие', 'Отличное владение ПК']"
Middle React Native Developer,Центр образовательных технологий Advance,120000.0,От 3 до 6 лет,"['JavaScript', 'Git', 'TypeScript', 'React Native', 'Redux', 'WebSocket', 'Babel']"
Middle React Native Developer,Центр образовательных технологий Advance,120000.0,От 3 до 6 лет,"['JavaScript', 'Git', 'TypeScript', 'React Native', 'Redux', 'WebSocket', 'Babel']"
Sales Executive from AdTech/SaaS industry (Remote),Affise Inc.,,От 1 года до 3 лет,"['Английский язык', 'adtech', 'Sales CIS']"
Tools programmer,Larian Studios,,От 3 до 6 лет,"['Английский язык', 'C++', 'C#', 'WPF', 'Windows Forms']"
Разработчик/исследователь ANDROID/iOS,Специальный Технологический Центр (ООО СТЦ),,От 3 до 6 лет,[]
Microwave Network Engineer,ZTE Corporation,,От 3 до 6 лет,[]
Программист 1C,ВИНК,,Более 6 лет,"['1С программирование', 'Сертификат 1С', '1С: Предприятие 8', '1С УПП', '1C: Предприятие', '1С: Управление предприятием']"
"Junior programmer (Python, C++)",Wargaming St. Petersburg (Lesta Studio),,Нет опыта,"['Многозадачность', 'Работа в команде', 'C++', 'Python']"
Монтажник связи,КЛАСС ТЕЛЕКОМ,55000.0,От 1 года до 3 лет,[]
Программист – Консультант 1С,СБЕРКОРУС,,От 1 года до 3 лет,"['XML', 'SOAP', 'SQL', '1С программирование']"
Электромонтажник (сборка шкафов автоматики),evomatics,50000.0,От 3 до 6 лет,"['Монтаж оборудования', 'Чтение электросхем', 'Электротехнические работы', '3 группа по электробезопасности', 'Автоматизация технологических процессов']"
Инженер на производство пассивного оптического оборудования,ФИБО-ТЕЛЕКОМ,40000.0,Нет опыта,"['Чистоплотность', 'Способность быстро обучаться', 'Внимательность к мелочам', 'Сборочное производство']"
Системный администратор,Группа КАНЕКС,,Нет опыта,[]
Младший программист perl,Internest,,Нет опыта,['Perl']
Ведущий тестировщик ПО / QA automation engineer,Новые Программные Системы,200000.0,От 3 до 6 лет,"['Тестирование', 'Регресcионное тестирование', 'Linux', 'Английский язык', 'Test case', 'Работа в команде', 'JavaScript']"
Монтажник слаботочных систем,АлпаЭксперт,50000.0,Нет опыта,"['Пользователь ПК', 'Работа в команде', 'Системы видеонаблюдения', 'Умение планировать', 'проектирование СКУД']"
"Монтажник телеком. систем, инженер связи",НОРСИ-ТРАНС,60000.0,От 3 до 6 лет,[]
"Специалист по работе с корпоративными клиентами (менеджер по продажам), Санкт-Петербург",Lab4U - медицинская онлайн-лаборатория,50460.0,От 1 года до 3 лет,"['Ведение переговоров', 'Заключение договоров', 'Работа в команде', 'Грамотная речь', 'Деловая переписка']"
Специалист по технологии,Ozon,,От 3 до 6 лет,"['Складская логистика', 'Разработка инструкций', 'MS Visio', 'Аналитическое мышление', 'Внутренняя логистика']"
IT Project Manager,Эквид,,От 1 года до 3 лет,"['Project management', 'Analytical skills', 'Negotiation skills', 'Team management', 'Business communication', 'Customer Service', 'Launching new projects', 'Business Development', 'Presentation skills', 'Leadership Skills', 'Teamplayer', 'Product Management', 'Time management', 'Strategic Planning', 'Software Development', 'Английский язык', 'Teamleading', 'Administrating Skills', 'Internal Communications', 'Работа в команде', 'Грамотная речь', 'Работа в условиях многозадачности', 'Умение работать в условиях многозадачности', 'Ответственность и пунктуальность', 'Fluent English', 'Коммуникабельность, ответственность', 'Организованный', 'Business English', 'Teambuilding', 'Interpersonal skills']"
Стажер Node JS,Smart Design,,Нет опыта,"['JavaScript', 'NodeJS', 'Оптимизация кода', 'REST', 'SOAP']"
Таргетолог,Монополия,,От 1 года до 3 лет,[]
Frontend-разработчик (React) на проект PCRF,"Протей, НТЦ",,От 1 года до 3 лет,"['JavaScript', 'React', 'REST', 'HTTP', 'TypeScript', 'Redux', 'Linux']"
"Оператор колл-центра(удалённо, работа из дома)",Ozon,27840.0,Нет опыта,[]
Data Engineer в команду BI,Selectel,,От 1 года до 3 лет,"['SQL', 'Python', 'ETL', 'Qlik Sense', 'Docker', 'Linux', 'Airflow']"
Инженер технической поддержки,МФ Тариф,45240.0,От 1 года до 3 лет,[]
Монтажник слаботочных систем,МФ Тариф,49590.0,Нет опыта,[]
Системный администратор (сетевой администратор),Сеть магазинов цифровой и бытовой техники DNS,60000.0,От 1 года до 3 лет,[]
IOS разработчик,МФ Тариф,,От 3 до 6 лет,"['Учет товаров', 'Мобильность', 'Ms Expert', 'WIndows Phone', 'iOS']"
Android разработчик,МФ Тариф,,От 3 до 6 лет,"['Учет товаров', 'Мобильность', 'Ms Expert', 'Планирование карьеры', 'Android']"
Руководитель группы разработки (проект МЭ/СОВ),Конфидент,,От 1 года до 3 лет,[]
Ведущий менеджер по работе с ключевыми заказчиками,Конфидент,,От 1 года до 3 лет,"['Стрессоустойчивость', 'Коммуникабельность', 'Деловая коммуникация', 'Ведение переговоров', 'Деловая переписка', 'Активные продажи', 'Грамотная речь', 'Деловое общение', 'Ориентация на результат', 'Развитие продаж', 'Навыки продаж', 'Активность', 'Доброжелательность', 'Позитивный настрой', 'Обучаемость', 'Целеустремленность', 'Ответственность', 'Самоорганизация']"
Ведущий менеджер по работе с корпоративными заказчиками,Конфидент,,От 1 года до 3 лет,"['Стрессоустойчивость', 'Коммуникабельность', 'Деловая коммуникация', 'Ведение переговоров', 'Деловая переписка', 'Активные продажи', 'Грамотная речь', 'Деловое общение', 'Ориентация на результат', 'Развитие продаж', 'Навыки продаж', 'Активность', 'Доброжелательность', 'Позитивный настрой', 'Обучаемость', 'Целеустремленность', 'Ответственность', 'Самоорганизация']"
Руководитель группы разработки (проект WAF),Конфидент,,От 1 года до 3 лет,[]
Руководитель отдела разработки,Конфидент,,От 3 до 6 лет,[]
Ведущий менеджер по работе с партнерами,Конфидент,,От 1 года до 3 лет,[]
Архитектор программного обеспечения,Конфидент,,От 3 до 6 лет,[]
Руководитель отдела бизнес-анализа и документирования,Конфидент,,От 3 до 6 лет,"['Atlassian Jira', 'Информационная безопасность', 'Linux', 'Atlassian Confluence', 'Разработка технических заданий']"
Front-end (Vue),Траектория,140000.0,От 3 до 6 лет,"['JavaScript', 'Git', 'CSS', 'CSS3', 'HTML']"
Руководитель проекта,Йвеко,90000.0,От 3 до 6 лет,"['Активные продажи', 'Холодные продажи', 'Навыки продаж', 'Проведение презентаций', 'Работа с возражениями', 'Грамотная речь', 'Навыки презентации', 'Грамотность', 'Работа с инвесторами', 'Многозадачность', 'Умение расставлять приоритеты', 'Деловая этика']"
Backend developer PHP,Nethouse,,От 1 года до 3 лет,"['PHP', 'MySQL', 'Linux', 'Git', 'Docker', 'PHPUnit', 'RabbitMQ', 'CSS', 'JavaScript', 'HTML']"
Монтажник межкомнатных дверей,JobHelp,70000.0,От 1 года до 3 лет,[]
Node JS developer (разработчик Node JS),Smart Design,,От 1 года до 3 лет,"['JavaScript', 'Node.js', 'REST', 'SOAP', 'NodeJS']"
Product Lead (E-Learning Platform),TheSoul Publishing (AdMe),,Более 6 лет,"['Leadership Skills', 'Английский язык', 'Project management', 'Creativity', 'Product Marketing', 'Product Management', 'OKR', 'Разработка и внедрение системы KPI', 'Product Roadmap', 'Cost Management', 'Strategic Management', 'E-Learning', 'EdTech']"
Менеджер по продажам ИС,Бизнес Технологии,80000.0,От 1 года до 3 лет,[]
Customer Support Specialist / Специалист Службы Поддержки,Bitsgap Holding,75396.0,От 1 года до 3 лет,"['Грамотная речь', 'Работа в команде', 'Телефонные переговоры', 'Деловое общение', 'Английский - С2- В совершенстве', 'Испанский - С1- Продвинутый', 'Португальский - С1- Продвинутый', 'Пользователь ПК', 'Trading', 'Cryptocurrancy', 'Crypto', 'Crypto Trading', 'Customer Support', 'Customer Service', 'Helpdesk', 'Криптовалюта']"
Главный инженер по сопровождению,Сбербанк,,Нет опыта,[]
IOS Developer (AR),Grid Dynamics,,От 3 до 6 лет,"['Swift', 'Objective-C', 'iOS', 'SwiftUI', 'ARkit']"
.NET (C#) разработчик,Русская лаборатория,,От 1 года до 3 лет,"['Git', 'Entity Framework', 'C#', 'ASP.NET', 'JavaScript', 'HTML', 'SQL', 'Vue', '.NET', 'ООП']"
Системный администратор Windows,Русская лаборатория,65000.0,От 1 года до 3 лет,"['Настройка сетевых подключений', 'Администрирование сетевого оборудования', 'Настройка ПК', 'Английский язык', 'Mikrotik', 'Cisco', 'CentOS', 'Windows 10']"
Аналитик в b2b направление,Яндекс,,От 1 года до 3 лет,"['Аналитическое мышление', 'Ориентация на результат', 'Навыки межличностного общения', 'Аналитические исследования', 'Способность обучать других', 'Python', 'MS SQL']"
Системный аналитик DWH в Маркет,Яндекс,,От 3 до 6 лет,"['Python', 'SQL', 'Tableau', 'Работа с большим объемом информации', 'Аналитическое мышление', 'dwh', 'ClickHouse']"
Оператор геймер (на дому),Хирвонен Дмитрий Алексеевич,30450.0,Нет опыта,"['Работа в команде', 'Желание учиться и развиваться', 'Удаленная работа', 'Быстро учусь', 'Пользователь ПК', 'Internet', 'Внимательный', 'Логическое мышление', 'Желание расти и развиваться', 'Желание обучаться']"
"Customer Success Representative, Germany",Veeam Software,,Нет опыта,[]
Specialist / Web Development,Veeam Software,,От 1 года до 3 лет,[]
Программист 1С,"АВТОДОМ - Санкт-Петербург, автоцентр",170000.0,От 1 года до 3 лет,[]
"Systems Engineer, Customer Success, Germany",Veeam Software,,От 3 до 6 лет,[]
Менеджер по оптовым продажам спортивного питания,БИГ,50000.0,От 1 года до 3 лет,"['B2B Продажи', 'Активные продажи', 'Ведение переговоров', 'Холодные продажи', 'Развитие продаж', 'Поиск и привлечение клиентов', 'Прямые продажи', 'B2C продажи', 'Планирование продаж', 'Развитие ключевых клиентов', 'Организаторские навыки', 'Заключение договоров', 'Навыки продаж', 'Пользователь ПК', 'Холодные звонки', 'Телефонные переговоры', 'Деловая переписка', 'Навыки презентации', 'Деловое общение', '1С: Предприятие 8', 'Грамотная речь', 'Навыки переговоров', 'Делопроизводство', 'Продажи через дистрибьюторов', 'Работа с дебиторской задолженностью', 'Проведение промо акций', 'Работа в команде']"
Контент-менеджер для работы с маркетплейсами,ГК Левенгук,52200.0,От 1 года до 3 лет,"['Грамотность', 'Adobe Photoshop', 'CMS', 'Рерайтинг', 'Написание текстов', 'Поиск информации в интернет', 'Работа с ПК', 'Базовые знания HTML']"
Менеджер по проектам,ПромЭлектроСервис НКУ,45000.0,От 1 года до 3 лет,"['Телефонные переговоры', 'Заключение договоров', 'Пользователь ПК', 'Поиск и привлечение клиентов', 'Ведение переговоров']"
SharePoint Developer / Разработчик SharePoint,Санкт-Петербургский филиал компании ГАЗПРОМ Германия ГмбХ,,От 1 года до 3 лет,"['C#', 'ASP.NET', 'MS SharePoint', '.NET Framework']"
DevOps Engineer (Infrastructure team) / Главный специалист сектора развития ИТ инфраструктуры,Санкт-Петербургский филиал компании ГАЗПРОМ Германия ГмбХ,,От 3 до 6 лет,"['Linux', 'Docker', 'Ansible', 'Puppet', 'Chef', 'Terraform']"
Senior Angular Frontend Developer (office or remote),VIAcode,,От 3 до 6 лет,"['Angular', 'React', 'TypeScript', 'RxJS']"
Android-разработчик (проект Сферум),VK,,От 3 до 6 лет,"['Java', 'Linux', 'Деловая коммуникация', 'HTML', 'Организация мероприятий']"
Инженер технической поддержки по программному обеспечению (ПО),ПЭРКо,45000.0,От 1 года до 3 лет,"['Техническая поддержка', 'Деловое общение', 'Консультирование']"
Стажер в отдел информационных технологий/Техподдержка пользователей,Hatch,,Нет опыта,"['Английский язык', 'Информационные технологии', 'Windows 7', 'Техническая поддержка', 'Windows Os', 'Helpdesk', 'Офисные программы', 'Установка и настройка ПО']"
Тестировщик ПО,Diasoft,,От 1 года до 3 лет,['SQL']
Специалист по автоматизации бизнес-процессов,Хендэ Мотор Мануфактуринг Рус,,От 1 года до 3 лет,[]
Lead Product Manager (Web),TheSoul Publishing (AdMe),,Более 6 лет,"['People Management', 'Английский язык', 'Project management', 'Leadership Skills', 'Product Management', 'Web Application Development', 'Problem solving', 'Разработка и внедрение системы KPI', 'OKR', 'UX', 'Product Development', 'Дизайн продукта']"
Director of Security Operations for anti-malware product (Remote),Cloud Linux,,Нет опыта,"['Linux', 'Agile Project Management', 'Английский язык', 'Project management', 'Team management', 'OSSEC', 'ModSecurity']"
Копирайтер,Simple,,От 1 года до 3 лет,[]
Инженер - механик - мастер - наладчик ТПА термопластавтоматов,Грейс,55000.0,От 1 года до 3 лет,['Ответственность']
Системный администратор,Роста,30000.0,От 1 года до 3 лет,"['Сборка ПК', 'Настройка ПК', 'Настройка ПО', 'Настройка сетевых подключений', 'Windows 7']"
Senior DevOps,Маркет Плато,220000.0,От 3 до 6 лет,"['Kubernetes', 'Ansible', 'Docker', 'CI/CD', 'Linux', 'ELK', 'Git', 'Zabbix']"
Аналитик по коммерческим IT-проектам,"Лента, федеральная розничная сеть",,От 1 года до 3 лет,[]
Инженер отдела сервиса,Rubooster (ООО Промышленные технологии),40000.0,От 1 года до 3 лет,"['Техническое обслуживание', 'Водительское удостоверение категории B', 'Пуско-наладочные работы', 'Ведение отчетности', 'Ведение переговоров', 'Работа с рекламациями']"
IOS Developer,Helastel,217500.0,От 3 до 6 лет,"['Objective-C', 'iOS', 'ООП', 'SOA']"
Devops,Сбербанк,,От 1 года до 3 лет,"['Git', 'Jenkins', 'Linux', 'Docker', 'DevOps']"
Архитектор облачных систем,Газпром нефть,,От 3 до 6 лет,"['Git', 'Linux', 'OpenStack', 'Ansible', 'OpenShift', 'VMware', 'Openshift', 'CI/CD']"
Старший разработчик на Java,СБЕРКОРУС,,От 3 до 6 лет,"['Spring Framework', 'Hibernate ORM', 'Git', 'Java', 'Apache Maven']"
Старший разработчик на Java,СБЕРКОРУС,,От 3 до 6 лет,"['Spring Framework', 'Hibernate ORM', 'Git', 'Java', 'Apache Maven']"
Frontend разработчик (React),СБЕРКОРУС,,От 1 года до 3 лет,"['JavaScript', 'React', 'Redux', 'Typescript', 'code-review']"
Front-end Lead Developer,Поггиплэй,74667.0,От 3 до 6 лет,"['JavaScript', 'jQuery', 'Vue.js', 'Gulp', 'SCSS', 'HTML5', 'Frontend', 'Оптимизация кода', 'Эффективное принятие решений', 'Работа в условиях многозадачности', 'Решение нестандартных задач', 'Навыки разрешения спорных ситуаций', 'Высокая степень ответственности', 'npm', 'Socket.io', 'SASS/SCSS']"
Стажер-разработчик (приложения под iOS),Яндекс,,Нет опыта,"['iOS', 'Swift', 'Xcode', 'SwiftUI']"
Оператор ПК,Консорциум Кодекс,26100.0,От 1 года до 3 лет,[]
Программист Backend,Артплант,200000.0,От 3 до 6 лет,[]
Старший системный администратор,Сумма технологий,,От 3 до 6 лет,"['Офисная техника', 'Организация рабочих мест', 'Пользователь ПК', 'Материальная ответственность', 'проектирование СКС', 'Cisco', 'Администрирование серверов', 'Администрирование серверов Windows', 'VLAN', 'Hyper-V', 'SQL Server', 'Windows Server 2008 R2', 'Настройка почтовых серверов', 'Информационные технологии', 'Windows Xp', 'Ms Exchange Server', 'PowerShell', 'Active Directory', 'MS SQL Server', 'Windows Server 2003', 'MS Exchange', 'Администрирование', 'Skype']"
Старший инженер по тестированию ПО (QA Engineer),Сумма технологий,,От 3 до 6 лет,"['.NET Framework', 'C#', 'MS SQL Server', 'MS Visual Studio', 'MS SQL', 'Тестирование', 'Нагрузочное тестирование', 'Функциональное тестирование', 'Модульное тестирование', 'Регресcионное тестирование', 'Тестирование пользовательского интерфейса', 'Unit Testing']"
Ведущий программист АСУ ТП,Сумма технологий,,От 3 до 6 лет,"['C#', 'SQL', 'MS SQL', 'Rockwell', 'Transact-SQL', 'Factory Talk', 'АСУ ТП', 'Profibus', 'Profinet', 'Modbus', 'OPC', 'Wonderware', 'WW', 'Schneider']"
Ведущий инженер-программист Fullstack,Сумма технологий,,От 3 до 6 лет,"['C#', 'C++', 'Microsoft Visual Studio', '.NET Framework', 'ASP.NET', 'WPF', 'Windows Forms', 'ADO.NET', 'SQL Server', 'MS SQL Server']"
Ведущий инженер-программист SQL (T-SQL),Сумма технологий,,От 3 до 6 лет,"['MS SQL Server', 'Transact-SQL', 'SSRS', 'MS SQL', 'SQL', 'База данных: Olap', 'SQL Server', 'СУБД', 'Visual Studio C#', 'C#', 'Microsoft Sql Server', 'Работа с базами данных', 'MS Visual Studio', 'SQL запросы', 'Базы данных']"
Консультант по подземным горным работам,Сумма технологий,,От 3 до 6 лет,"['Анализ данных', 'Моделирование бизнес процессов', 'Проектная документация', 'Разработка технических заданий', 'Разработка проектной документации', 'Постановка задач разработчикам', 'календарное планирование', 'Оперативное планирование', 'Оптимизация бизнес-процессов', 'анализ бизнес-процессов', 'Разработка рудных месторождений']"
Консультант по открытым горным работам,Сумма технологий,,От 3 до 6 лет,"['Анализ данных', 'Моделирование бизнес процессов', 'Проектная документация', 'Разработка технических заданий', 'Разработка проектной документации', 'Постановка задач разработчикам', 'календарное планирование', 'Оперативное планирование', 'Оптимизация бизнес-процессов', 'анализ бизнес-процессов', 'Разработка рудных месторождений']"
Инженер-программист,Сумма технологий,,От 1 года до 3 лет,"['MS SQL Server', 'C#', '.NET Framework', 'SQL', 'MS SQL', 'АСУ ТП', 'Базы данных', 'PowerShell', 'Английский язык']"
Руководитель проектов MES,Сумма технологий,,От 3 до 6 лет,"['MS Project', 'Управление проектами', 'Английский язык', 'SAP Project', 'Деловая переписка', 'mes']"
Менеджер проектов в видеостудию,Студия Дениса Золотова,50000.0,От 1 года до 3 лет,"['Организаторские навыки', 'Работа в команде', 'Деловое общение', 'Пользователь ПК', 'Английский язык', 'Google Docs', 'Грамотная речь', 'Деловая переписка', 'Ведение переговоров', 'Навыки переговоров', 'Творческое мышление', 'Проведение презентаций', 'Заключение договоров', 'Навыки продаж']"
Бренд - менеджер,ФСК Северо-Запад,,От 3 до 6 лет,"['Грамотная речь', '1С: Документооборот', 'Создание презентационных материалов о компании', 'Лендинг', 'Позитивный настрой', 'Умение работать в режиме многозадачности', 'Рассылка сообщений']"
Influencer Communication Manager / Менеджер по работе с блогерами,CNNCT,,Нет опыта,"['Английский язык', 'Грамотная речь', 'Управление проектами']"
Административный помощник (IT),Paragon Software,,От 1 года до 3 лет,"['Английский язык', 'Работа в команде', 'Грамотная речь', 'Управление проектами', 'MS PowerPoint']"
BI Developer,IT X100,150000.0,От 1 года до 3 лет,"['Power BI', 'SSIS', 'SSAS', 'DAX', 'MS SQL']"
Ведущий менеджер направления программ лояльности,"РИВ ГОШ, Сеть магазинов",,От 1 года до 3 лет,"['MS PowerPoint', 'Деловая коммуникация', 'Аналитическое мышление', 'Постановка задач разработчикам', 'Навыки презентации', 'Oracle Siebel CRM', 'СРМ']"
"Middle/Senior QA engineer / тестировщик , удаленно",Рукс Солюшенс,120000.0,От 3 до 6 лет,"['тестирование API', 'регерссионное тестирование', 'Функциональное тестирование', 'Проведение тестирований', 'интеграционное тестирование']"
Аналитик 1С,Лаборатория Корпоративного Сопровождения,,От 3 до 6 лет,"['Бизнес-анализ', 'Постановка задач разработчикам', 'Системное мышление', '1С: Предприятие 8', 'Системная интеграция']"
АнтиФрод специалист,Karuna,,От 1 года до 3 лет,"['Английский язык', 'Работа с большим объемом информации', 'Аналитическое мышление']"
Junior Data transformation engineer,Broadridge,,Нет опыта,[]
Технический писатель (Группа разработки технической документации),Импульс-Автоматика,87000.0,От 3 до 6 лет,"['MS Visio', 'MS Visio (Структурные схемы)', 'RS-485', 'Enternet']"
Ведущий системный администратор,"КАДИС, Информационный центр",69600.0,От 3 до 6 лет,"['Active Directory', 'DHCP', 'Настройка DNS', 'Администрирование серверов Windows', 'Zabbix']"
Специалист технической поддержки / Помощник системного администратора,Универсальная Компьютерная Служба,26100.0,Нет опыта,"['Стрессоустойчивость', 'Внимательность', 'Пунктуальность', 'Windows Os', 'Настройка сетевых подключений', 'Сборка ПК', 'Настройка ПО', 'СБиС']"
Front-end Developer,LUCY Security,186667.0,От 3 до 6 лет,"['JavaScript', 'Git', 'HTML5', 'CSS3', 'jQuery', 'Vue.js', 'PostgreSQL', 'PHP']"
React and Blockchain developer,"Velvetech, LLC",,От 1 года до 3 лет,"['JavaScript', 'React', 'blockchain', 'Solidity', 'Ethereum', 'Moralis', 'Truffle', 'Английский язык']"
Ведущий менеджер по продажам,US STUDIO,60900.0,Нет опыта,"['Активные продажи', 'Ведение переговоров', 'B2B Продажи', 'Поиск и привлечение клиентов', 'CRM', 'Заключение договоров', 'Деловая переписка']"
Специалист по поиску уязвимостей,Digital Security,,От 1 года до 3 лет,[]
Руководитель проектного офиса,Бизнес Объединение Кубит,,От 3 до 6 лет,"['Управление проектами', 'Управление рисками', 'Проектное управление', 'Проектная работа', 'Проектная деятельность', 'проектный офис']"
Бизнес-аналитик по управлению персоналом,Бизнес Технологии,65000.0,От 1 года до 3 лет,[]
Инженер технической поддержки,Связной,52200.0,От 1 года до 3 лет,"['Ремонт ПК', 'Настройка сетевых подключений', 'Монтаж оборудования', 'Настройка ПК', 'Техническое обслуживание', 'Настройка ПО', 'Мобильность']"
Старший инженер,Связной,52200.0,От 1 года до 3 лет,"['Работа в команде', 'Деловое общение', 'Управление персоналом', 'Деловая этика', 'Контроль исполнения решений']"
Администратор ИТ-проектов,"РОСТ, Управляющая компания",,Нет опыта,"['Административное управление', 'Организаторские навыки', 'ERP']"
Старший QA инженер-тестировщик (Удалённо),RedLab,,От 3 до 6 лет,"['Git', 'SQL', 'Тестирование', 'Функциональное тестирование', 'Ручное тестирование']"
Программист С++ (удаленное сотрудничество),АСКОН,140000.0,От 1 года до 3 лет,"['C++', 'ООП']"
"Web-Программист (php, Bitrix)",АДВЕКC - Новостройки,100000.0,От 3 до 6 лет,"['JavaScript', 'jQuery', 'HTML', 'CSS', 'MySQL']"
Исследователь кода (НДВ),ИнфоТеКС,,От 3 до 6 лет,"['Информационная безопасность', 'Assembler', 'C', 'Firmware', 'ФСТЭК', 'Анализ кода', 'Статический анализ', 'Динамический анализ']"
Инженер по ремонту оргтехники,Прокси,50000.0,От 1 года до 3 лет,[]
Исследователь в области ИБ / Pentester,НеоБИТ,130500.0,От 1 года до 3 лет,"['Информационная безопасность', 'поиск уязвимостей', 'пентест', 'Web-безопасность', 'SQLMap', 'Python', 'С', 'С++', 'Wireshark', 'Burp Suite']"
PHP-программист (Middle / Backend),NewGen Vision,70000.0,От 1 года до 3 лет,"['PHP', 'Git', 'MySQL', 'ООП', 'PHP7', 'Laravel', 'SQL', 'MVC', 'Yii2', 'Docker', 'JSON API']"
E-mail маркетолог,pompa -женская одежда,65000.0,От 1 года до 3 лет,"['E-Mail Marketing', 'Direct Marketing', 'Google Analytics', 'Яндекс.Метрика', 'Photoshop', 'Работа в графических редакторах']"
Системный администратор/DevOps,Росконгресс,80000.0,От 1 года до 3 лет,"['TCP/IP', 'Linux', 'Автоматизация', 'Networking', 'Bash', 'Виртуализация', 'Администрирование серверов Linux']"
QA Automation Engineer (JavaScript),Grid Dynamics,,От 3 до 6 лет,"['QA', 'JavaScript', 'TypeScript', 'Automation']"
"Специалист технической поддержки 1,5 линия",ANCOR,43500.0,От 1 года до 3 лет,[]
Медиабайер/арбитражник (Media buyer Tiktok),BetaStudio,,От 1 года до 3 лет,"['Анализ трафика', 'Арбитраж трафика', 'CPA', 'Ведение отчетности', 'Креативность']"
Медиабайер / Арбитражник (Media buyer Facebook),BetaStudio,,От 1 года до 3 лет,"['Ведение отчетности', 'Креативность', 'Анализ трафика', 'Арбитраж трафика']"
Младший программист-разработчик 1С,НОНТОН.РФ,60000.0,Нет опыта,"['1С: Предприятие 8', '1С программирование']"
Сервисный инженер,АСТЕХ Индастриз,100000.0,От 1 года до 3 лет,"['Техническое обслуживание', 'Техническая документация', 'Сервисное обслуживание', 'Гарантийное обслуживание', 'чтение электрических схем', 'Гидравлика', 'Ремонт оборудования', 'Послепродажное обслуживание', 'Английский язык']"
IOS-developer,ATI.SU,180000.0,От 3 до 6 лет,"['Swift', 'Git', 'VIPER', 'iOS', 'SQL']"
Интернет-маркетолог,Деловые Линии,100000.0,От 1 года до 3 лет,"['Контекстная реклама', 'Ведение мобильных рекламных кампаний', 'SMS маркетинг', 'Google AdWords', 'Интернет-реклама', 'Google Analytics', 'Internet Marketing']"
Senior .NET Full-Stack Developer,КОРУС Консалтинг,,От 3 до 6 лет,"['MS SharePoint', 'C#', 'JavaScript', '.NET Framework', 'MS SQL Server']"
DevOps Engineer,Scalors GmbH,,От 3 до 6 лет,"['Python', 'Linux', 'Bash', 'Ruby', 'Kubernetes']"
Оператор станка с ЧПУ (металлообработка),А ГРУПП,43500.0,От 1 года до 3 лет,[]
QA инженер/QA Lead [id117781],Газпром нефть,,От 3 до 6 лет,"['SQL', 'PostgreSQL', 'Функциональное тестирование', 'ООП', 'Atlassian Jira']"
Системный администратор (Всеволожск),"Вимос, торговый дом",60000.0,От 3 до 6 лет,"['Windows 7', 'Администрирование', 'Linux', 'Windows Xp', 'Закупка оргтехники и оборудования']"
Python разработчик,Лаборатория Корпоративного Сопровождения,,От 3 до 6 лет,"['Python', 'Flask', 'MongoDB', 'Docker', 'PostgreSQL', 'SQLAlchemy', 'Pandas', 'Celery', 'numpy']"
Инженер радиосвязи/Инженер судовой радиосвязи,Маринэк,,От 1 года до 3 лет,[]
Frontend Developer,Kraftvaerk,,От 1 года до 3 лет,"['AngularJS', 'JavaScript', 'jQuery', 'HTML', 'CSS', 'HTML5', 'Vue.js', 'TypeScript', 'webpack', 'Angular']"
Программист С++,Synopsys,,От 1 года до 3 лет,"['C/C++', 'Английский язык', 'Linux']"
Специалист технической поддержки и интеграции AI решения,Intellogic,90000.0,От 1 года до 3 лет,"['Linux', 'Python', 'SQL', 'Bash', 'dicom', 'Техническая поддержка']"
Специалист по сертификационным испытаниям (ФСТЭК),ИнфоТеКС,,От 3 до 6 лет,"['Информационная безопасность', 'Assembler', 'C', 'UEFI', 'UEFI/BIOS', 'BIOS', 'Firmware', 'ФСТЭК', 'Фаззинг', 'Fuzzing']"
Программист 1 С,Венеция Стоун,110000.0,От 1 года до 3 лет,"['1С программирование', '1С: Документооборот', '1С: Управление Торговлей']"
Аналитик в сфере защиты информации,НеоБИТ,,Нет опыта,"['Python', 'Защита информации', 'Информационная безопасность', 'Системное мышление', 'Аналитическое мышление', 'Криптография']"
Электромеханик КИПиА / наладчик оборудования,"DODO BRANDS (Dodo Pizza, Drinkit, Doner 42)",60000.0,Нет опыта,"['Техническое обслуживание', 'Ремонтные работы', 'Работа в команде', 'Контроль исправности оборудования', 'Организаторские навыки', 'Монтаж оборудования', 'Пуско-наладочные работы', 'Эксплуатация', 'Механик', 'Работа в режиме многозадачности', 'Электрика', 'Ремонт оборудования', 'Пневматика']"
Менеджер по информационной безопасности,"Северсталь, Москва",,От 1 года до 3 лет,"['Информационная безопасность', 'Управление проектами']"
Специалист по контекстной рекламе / Контекстолог,RUNITA,70000.0,От 1 года до 3 лет,"['Internet Marketing', 'Интернет-реклама', 'Google AdWords', 'Google Analytics', 'Яндекс.Метрика', 'CPA', 'Планирование рекламных кампаний', 'Веб-аналитика']"
Проект-менеджер,WelbeX,80000.0,От 1 года до 3 лет,"['Английский язык', 'Ведение переговоров', 'amoCRM', 'CRM', 'Деловая переписка', 'Навыки презентации', 'Проведение презентаций', 'Деловая коммуникация', 'Умение вести переговоры', 'Agile', 'Автоматизация процессов', 'Ведение переписки', 'Проектный менеджмент', 'Удаленная работа', 'B2B']"
System Analyst / Системный аналитик,A&D Mortgage,,Нет опыта,"['Atlassian Jira', 'XML', 'UML', 'JSON API', 'Time management']"
PowerBi/Business Intelligence Analyst,A&D Mortgage,,От 1 года до 3 лет,"['Python', 'MS SQL Server', 'Английский язык', 'Olap (online analytical processing)', 'SQL', 'Data Analysis', 'Business Intelligence Systems']"
Web-разработчик,A&D Mortgage,,От 1 года до 3 лет,"['JavaScript', 'Git', 'jQuery', 'CSS', 'HTML', 'Angular']"
Site Reliability Engineer,Scalors GmbH,,От 3 до 6 лет,"['Java', 'Linux', 'Английский язык']"
DevOps инженер (Senior),SberTech,,От 1 года до 3 лет,"['Python', 'SQL', 'Linux', 'PostgreSQL', 'Bash', 'Docker', 'Аnsible', 'Jenkins']"
Разработчик C# developer,A&D Mortgage,,От 3 до 6 лет,"['ASP.NET', 'C#', 'MS SQL Server', 'SQL Server', 'Visual Studio C#']"
Инженер-программист (1С/Web),Рексофт,,От 1 года до 3 лет,"['1С программирование', 'Разработка ПО', 'Работа с базами данных', 'Web-программирование', 'Техническая поддержка', 'C#']"
Программист ASP.NET,A&D Mortgage,,От 1 года до 3 лет,"['ASP.NET', 'Git', 'C#', 'ADO.NET', 'MS SQL Server', 'SOAP', 'Cristal Reports']"
Senior Frontend-разработчик,A&D Mortgage,,Нет опыта,"['JavaScript', 'Git', 'React', 'ASP.NET', 'C#']"
Performance QA Engineer,Самокат (ООО Умное пространство),,От 1 года до 3 лет,[]
"Senior C++ Developer Linux, remote",CQG,,Более 6 лет,"['Английский язык', 'C/C++', 'C++', 'Linux']"
Ведущий инженер по радиоизмерениям,Билайн,,От 1 года до 3 лет,[]
Ведущий разработчик .net,A&D Mortgage,,Нет опыта,"['C#', 'Atlassian Jira', 'Английский язык', 'Scrum', 'Креативность']"
Bitrix Developer,A&D Mortgage,,От 1 года до 3 лет,"['Английский язык', 'Unix', 'Bitrix24', 'CRM Bitrix24', 'Продвинутый пользователь ПК', 'PHP']"
IT Security Analyst,Tumlare Corporation,,От 3 до 6 лет,"['MS Access', 'MS PowerPoint', 'Time management', 'Interpersonal skills', 'English', 'Organization Skills', 'Business Planning', 'Compliance', 'Multitasking', 'Teamplayer', 'Английский язык', 'Работа в команде', 'Access', 'Fluent English', 'Teambuilding']"
Ведущий прикладной администратор,Банк ВТБ (ПАО),,От 1 года до 3 лет,"['SQL', 'Oracle Siebel CRM', 'Oracle CRM', 'MS CRM']"
Эксперт поддержки прикладных систем,Банк ВТБ (ПАО),,От 1 года до 3 лет,"['Atlassian Jira', 'PostgreSQL', 'ORACLE']"
Арт-лид / Арт-директор (GameDev),Skytec Games,120000.0,От 1 года до 3 лет,"['Adobe Photoshop', 'Графический дизайн', 'Дизайн', 'Графика', '3D-графика', 'Менеджмент', 'Художник', 'Управление проектами']"
Системный аналитик,Банк ВТБ (ПАО),,От 1 года до 3 лет,"['Python', 'SQL', 'Интервьюирование', 'Atlassian Jira', 'Atlassian Confluence']"
Главный специалист по сопровождению ЦФТ,Банк ВТБ (ПАО),,От 1 года до 3 лет,[]
Эксперт по микросервисам,Банк ВТБ (ПАО),,От 1 года до 3 лет,"['SQL', 'Oracle Pl/SQL', 'Linux', 'Тестирование', 'ORACLE', 'Oracle Siebel CRM']"
IOS/Flutter Developer,igooods,200000.0,От 1 года до 3 лет,"['iOS', 'Swift', 'Objective-C', 'Flutter', 'Dart']"
Инженер-программист встроенного ПО,АТБ Электроника,,От 1 года до 3 лет,"['Linux', 'C/C++', 'Английский язык', 'Техническая документация', 'C++', 'Bios', 'U-Boot']"
Junior developer .NET (C#),Слетать.ру,,Нет опыта,"['Git', 'C#', 'MS SQL', 'Linux', '.Net Core']"
QA Automation Engineer (Backend),Zion Development,,От 3 до 6 лет,"['Python', 'Docker', 'SQL', 'Git', 'Pytest']"
Firmware Developer (RTOS) IoT,Electrolux,,От 1 года до 3 лет,[]
Java Junior разработчик,МультиКарта,,От 1 года до 3 лет,"['JAVА SE', 'Java8', 'Spring', 'Groovy']"
Системный аналитик,МультиКарта,,От 1 года до 3 лет,"['HTML', 'BPMN', 'XML', 'Linux', 'MS SQL', 'JSON']"
C++ developer,B2Broker,150000.0,От 3 до 6 лет,"['C++', 'RabbitMQ', 'ProtoBuf', 'Docker', 'Kubernetes']"
Senior Frontend Developer,ALM Works,315000.0,От 3 до 6 лет,"['JavaScript', 'jQuery', 'HTML', 'CSS', 'CSS3', 'HTML5', 'TypeScript']"
Project manager,Агентство судебного взыскания,80000.0,От 1 года до 3 лет,"['Управление проектами', 'Оптимизация бизнес-процессов', 'MS Project', 'Project management', 'Проектный менеджмент']"
Менеджер по работе с клиентами ВЭД (удаленная работа),Азия Импорт,50000.0,От 3 до 6 лет,[]
BIM-менеджер / BIM-координатор,Группа Аквилон,100000.0,От 1 года до 3 лет,"['Autodesk Revit', 'Управление проектами', 'BIM', 'MS PowerPoint', 'Электронный документооборот', 'Ориентация на результат', 'Обучение персонала', 'Деловая коммуникация', 'Умение расставлять приоритеты', 'Моделирование', 'Revit', 'Autodesk AutoCAD']"
Маркетинговый аналитик,Big Data Technologies,,От 1 года до 3 лет,"['Анализ поведения пользователей', 'Маркетинговые исследования', 'Анализ рынка', 'Анализ конкурентной среды', 'Маркетинговый анализ']"
QA Engineer,Unlimint,,От 1 года до 3 лет,"['QA', 'QA Manual']"
Интернет-маркетолог,Система Забота,60900.0,От 3 до 6 лет,"['Контекстная реклама', 'Копирайтинг', 'Лидогенерация', 'Составление семантического ядра', 'Яндекс.Директ', 'Google AdWords', 'Работа с посадочными страницами']"
C++ Developer / Программист C++ (OpenGL),Nord.Codes,113100.0,От 1 года до 3 лет,"['Разработка компьютерных Игр', 'Паттерны проектирования', 'WEBGL', 'HTML5', 'C++', 'OpenGL', 'Adobe Flash', '3D Max', 'Графика', 'Blender 3D', 'Unity']"
Специалист по сопровождению продаж,Билайн,27840.0,Нет опыта,"['Работа в команде', 'Грамотная речь', 'Деловая этика', 'Деловое общение', 'Консультирование']"
Геймдизайнер-аналитик,Студия Кефир,,От 1 года до 3 лет,"['Python', 'SQL', 'Английский язык', 'Аналитические исследования', 'Аналитическое мышление', 'Анализ данных', 'Статистический анализ', 'Разработка компьютерных Игр']"
Маркетолог вебинаров,VIONE,200000.0,От 1 года до 3 лет,"['Работа в команде', 'Работа с большим объемом информации', 'Тестирование', 'Оперативный поиск информации в сети Интернет', 'Анализ бизнес показателей', 'Таргетинг']"
Руководитель телефонных продаж,Билайн,,От 1 года до 3 лет,"['Обучение персонала', 'Работа в команде', 'Организаторские навыки', 'Управление персоналом', 'Управление командой']"
Трафик-менеджер,VIONE,100000.0,От 1 года до 3 лет,"['Работа в команде', 'Работа с большим объемом информации', 'Тестирование', 'Оперативный поиск информации в сети Интернет', 'Анализ бизнес показателей', 'Таргетинг']"
Аналитик бизнес-процессов,HEADS and HANDS,65250.0,От 1 года до 3 лет,"['Обучение и развитие', 'Бизнес-анализ', 'Анализ бизнес-процессов', 'Составление описания должностей', 'Составление предложений о работе', 'Грамотная письменная речь', 'Многозадачность', 'Оптимизация процессов', 'Усердие', 'Системность', 'Работа с большим пулом запросов', 'Способность эффективно решать проблемы']"
Java (Kotlin) backend разработчик,HEADS and HANDS,,От 1 года до 3 лет,"['Java 8', 'Spring Framework', 'gitflow', 'Docker', 'NoSQL', 'Kubernetes', 'CI/CD', 'Java', 'Java 11', 'Kotlin']"
Инженер технической поддержки,ПрофИнфоСервис,45000.0,От 1 года до 3 лет,[]
Frontend Developer (React),HEADS and HANDS,,От 3 до 6 лет,"['Node.js', 'PostgreSQL', 'React', 'Git', 'Docker', 'SOLID', 'Next.js', 'JavaScript', 'MobX', 'SaaS', 'TypeScipt']"
Инженер-гидравлик (менеджер по продажам гидравлики),Промснаб,55000.0,Нет опыта,"['Обучаемость', 'Активность', 'Пунктуальность', 'Грамотность', 'Ведение переговоров', 'Английский язык', 'Креативность', 'Проведение презентаций']"
Senior back-end (Node.js) developer,ОнТаргет ЛАБС,357281.0,От 3 до 6 лет,[]
Системный администратор,ПрофИнфоСервис,50000.0,От 1 года до 3 лет,[]
Консультант SAP TMS со знанием Oracle (удалённо),NOVARDIS,,От 1 года до 3 лет,"['Английский язык', 'Управление проектами', 'Работа в команде', 'TMS Systems', 'Лидерство']"
Microsoft Dynamics AX Developer,WaveAccess,,От 1 года до 3 лет,"['Microsoft Dynamics AX', 'MS Dynamics CRM', 'MS Dynamics', 'MS Dynamics AX', 'MS Axapta']"
"Специалист по обслуживанию клиентов(удалённо, работа из дома)",Ozon,27840.0,Нет опыта,[]
Токарь на универсальные токарные станки,Петербургский тракторный завод,,От 1 года до 3 лет,[]
Client-Server Programmer,Wargaming St. Petersburg (Lesta Studio),,От 1 года до 3 лет,"['Python', 'ООП', 'Английский язык', 'C++', 'C']"
Администратор баз данных (PostgreSQL),SberTech,,От 1 года до 3 лет,"['PostgreSQL', 'Английский язык', 'Oracle Pl/SQL', 'SQL', 'MS SQL', 'СУБД']"
Начальник отдела информационных технологий,"МАГНИТ, Розничная сеть",83520.0,От 3 до 6 лет,"['Управление персоналом', 'Linux', 'Мотивация персонала', 'Руководство коллективом']"
Менеджер по продажам и развитию,АБС,45000.0,От 1 года до 3 лет,"['Телефонные переговоры', 'Заключение договоров', 'Навыки продаж', 'Деловое общение', 'CRM', 'Работа в команде', 'B2C', 'Bitrix', 'Планирование продаж', 'Навыки переговоров']"
"Full-stack developer (Разработчик PHP, JS)",OFFERRUM,70000.0,Нет опыта,"['JavaScript', 'PHP', 'jQuery', 'MySQL', 'Git', 'HTML5', 'CSS3', 'JS']"
Стажер SMM,Izvestniy Team,5000.0,Нет опыта,"['Работа в команде', 'Управление проектами', 'Ведение переговоров', 'SMM', 'Английский язык']"
Интернет-маркетолог,РусХОЛТС,,От 3 до 6 лет,"['Управление командой', 'Email маркетинг', 'Информационные рассылки', 'SMS маркетинг', 'Google AdWords']"
Младший инженер по качеству ПО / Junior QA Engineer,Veeam Software,80000.0,От 1 года до 3 лет,[]
Middle Frontend developer,ПИLКИ,160000.0,От 3 до 6 лет,[]
QA Automation Engineer (Python \ PowerShell),Veeam Software,,От 1 года до 3 лет,"['PowerShell', 'SQL', 'Pester', 'VMware', 'QA', 'Тестирование', 'Администрирование серверов Windows', 'TFS', 'Python', 'Virtualization']"
Проектный менеджер,ДНК Маркетинг,50000.0,От 1 года до 3 лет,"['Мотивация персонала', 'Подбор персонала', 'Обучение персонала', 'Управление персоналом', 'Обучение и развитие', 'Работа в команде', 'Управление проектами', 'Разработка и внедрение системы KPI', 'Проектный менеджмент', 'Тайм-менеджмент', 'Системное мышление', 'CRM', 'Адаптация персонала', 'Управленческие навыки', 'Организаторские навыки']"
Специалист технической поддержки,ПИLКИ,43500.0,От 1 года до 3 лет,"['CRM', 'Грамотная речь', 'Консультирование клиентов', 'Тестирование', '1С: CRM ПРОФ']"
Unity Developer,White Room Games,,От 1 года до 3 лет,"['Unity', 'C#', 'Android', 'Деловая коммуникация', 'Game Programming', 'Unity 3D', 'Мобильные приложения', 'iOS']"
Backend-разработчик (C#),Тетракуб,,От 3 до 6 лет,"['Git', 'C#', 'SQL', 'ASP.NET', 'Redis', 'Angular', 'Gitlab', 'REST API']"
Стажер - Журналист / Копирайтер,NewGen Vision,30000.0,Нет опыта,"['Журналистика', 'Наполнение контентом', 'Редактирование текстов', 'Написание статей', 'Написание сценариев', 'Рерайтинг', 'Написание текстов', 'Копирайтинг', 'Работа в команде', 'SEO-копирайтинг', 'перевод статей']"
Service delivery manager (Активация),Приложение «Кошелёк»,,От 1 года до 3 лет,"['Работа в команде', 'Scrum', 'Управление проектами']"
Service delivery manager (Ритейл),Приложение «Кошелёк»,,От 3 до 6 лет,"['Управление проектами', 'Работа в команде', 'Scrum', 'Kanban', 'Scrum Master', 'Менеджер проектов']"
Technical Product Manager (Fintech),Приложение «Кошелёк»,,От 3 до 6 лет,"['Английский язык', 'Аналитическое мышление', 'Системное мышление', 'Аналитика', 'Управление проектами', 'Управление продуктом', 'Системный анализ']"
Head Of Data,Приложение «Кошелёк»,,Более 6 лет,"['Big Data', 'Data Analysis', 'Управление командой', 'greenplum', 'airflow', 'Kubernetes']"
Technical Product Manager,Приложение «Кошелёк»,,От 3 до 6 лет,"['Разработка ПО', 'Разработка продукта', 'Системное мышление', 'Системный анализ', 'Продуктовый менеджмент']"
DevRel / Technology evangelist,Приложение «Кошелёк»,200000.0,От 3 до 6 лет,"['Публичные выступления', 'Грамотная речь', 'Написание статей', 'Написание текстов', 'Работа в команде', 'DevRel', 'Организация мероприятий', 'Нетворкинг', 'IT HR', 'Employer Branding']"
Стажер - PHP-программист (Backend),NewGen Vision,50000.0,Нет опыта,"['PHP', 'MySQL', 'Git', 'ООП', 'PHP7', 'Laravel', 'SQL', 'MVC', 'Yii2', 'Docker', 'JSON API']"
Web-разработчик (виртуальные инфраструктуры),Конфидент,,От 1 года до 3 лет,[]
Программист С++ (виртуальные инфраструктуры /СЗВИ),Конфидент,,От 3 до 6 лет,[]
Ведущий программист (СДЗ),Конфидент,,От 1 года до 3 лет,[]
Программист С++/Qt,Конфидент,,От 1 года до 3 лет,[]
Специалист по тестированию и внедрению,Конфидент,,От 1 года до 3 лет,[]
Программист (Linux),Конфидент,,От 1 года до 3 лет,"['STL', 'Linux', 'Python', 'SQL', 'Bash']"
Программист Linux (WAF),Конфидент,,От 1 года до 3 лет,"['Linux', 'TCP/IP', 'С']"
Ведущий специалист по тестированию и автоматизации,Конфидент,,От 1 года до 3 лет,[]
Ведущий бизнес-аналитик,Конфидент,,От 3 до 6 лет,[]
"Ведущий программист (сетевая безопасность, МЭ/СОВ)",Конфидент,,От 3 до 6 лет,"['STL', 'MS Visual Studio', 'C++', 'TCP/IP', 'MS Visual C++']"
Ведущий программист (Linux),Конфидент,,От 3 до 6 лет,[]
Менеджер продукта (endpoint),Конфидент,,От 1 года до 3 лет,"['Управление проектами', 'Информационная безопасность', 'Средства криптографической защиты информации', 'Технические средства информационной защиты', 'Информационные технологии']"
Аккаунт-менеджер (удаленно),ЛПТ,50000.0,От 1 года до 3 лет,"['Управление проектами', 'Ведение переговоров', 'Работа в команде', 'Деловая переписка', 'Сопровождение клиентов', 'Управление временем', 'Управление бизнес процессами', 'Многозадачность', 'Руководство коллективом', 'Грамотная речь', 'Клиентоориентированность', 'Тайм-менеджмент']"
Java-разработчик,Amex Development,,От 3 до 6 лет,"['Spring Framework', 'Spring Data', 'Spring Security', 'Git', 'Kafka', 'Java', 'REST', 'SOAP', 'Удаленная работа', 'Юмор']"
Java-разработчик (банковская сфера),"EGAR TECHNOLOGY, INC.",,От 1 года до 3 лет,"['Java', 'Git', 'Spring Framework', 'OpenShift', 'Groovy', 'Hibernate ORM']"
Scrum Master [Remote],Cloud Linux,,От 3 до 6 лет,"['Agile Project Management', 'Английский язык', 'Atlassian Jira', 'Scrum', 'Atlassian Confluence']"
Специалист технической поддержки,Лаборатория Гемотест,75000.0,От 1 года до 3 лет,"['TCP/IP', 'Настройка сетевых подключений', 'Ремонт ПК', 'Helpdesk', 'Техническое обслуживание', 'Техническая поддержка', 'Windows Os', 'Администрирование серверов Windows', 'Администрирование сетевого оборудования', 'Пользователь ПК']"
Специалист по продажам услуг,МТС,58725.0,Нет опыта,[]
Бизнес аналитик/Системный аналитик (финтех),Cbonds.ru,120000.0,От 3 до 6 лет,"['SQL', 'HTML', 'Python', 'CSS', 'Коммуникабельность', 'Инициативность', 'Аналитическое мышление', 'VBA', 'Математический анализ', 'Бизнес-анализ', 'Работа с базами данных']"
Full Stack Developer (Java/Angular),DIS Group,373335.0,От 3 до 6 лет,"['Git', 'Java', 'Angular', 'Atlassian Jira', 'Английский язык', 'React']"
Дизайнер одежды,Бергман Борис Геннадьевич,34800.0,От 1 года до 3 лет,"['Adobe Photoshop', 'Креативность', 'CorelDRAW', 'Планирование карьеры', 'Фотошоп', 'Дизайн', 'Дизайн одежды', 'Умение организовать работу', 'Желание работать и развиваться', 'Умение слушать', 'Желание учиться и развиваться', 'Чувство стиля', 'Поиск информации']"
Back-end Developer (Node.js),Аркадия,,От 1 года до 3 лет,['Английский язык']
Старший Frontend разработчик,Quantum Art,140000.0,От 3 до 6 лет,"['JavaScript', 'Git', 'HTML', 'CSS', 'HTML5']"
"Программист web, приложения",2К,56925.0,Нет опыта,"['PHP', 'HTML5', 'PHP5', 'JavaScript', 'Node.js', 'jQuery', 'React']"
Научный сотрудник (аналитик),Институт Авиационного Приборостроения Навигатор,,От 3 до 6 лет,[]
3D Animator,Saber Interactive,,От 1 года до 3 лет,"['Autodesk Maya', 'Анимация']"
Инженер-аналитик (электронные компоненты),Центр Содружества,80000.0,Более 6 лет,"['Работа с большим объемом информации', 'Анализ данных', 'Работа с базами данных', 'Деловая коммуникация', 'Аналитическое мышление']"
Frontend-разработчик/ Фронтенд-разработчик/ Разработчик интерфейсов,Jump Finance,,От 3 до 6 лет,"['Git', 'JavaScript', 'Figma', 'Redux', 'React', 'HTML', 'CSS', 'Webpack', 'UI/UX', 'Jira', 'Frontend', 'Удаленная работа', 'SASS/SCSS', 'Parcel', 'Unix', 'ReactQuery', 'Grid', 'GitHub', 'REST']"
Специалист по работе с клиентами,Интроверт,35000.0,Нет опыта,"['Пользователь ПК', 'B2B Продажи', 'Телефонные переговоры', 'Грамотная речь', 'CRM', 'Ориентация на результат', 'Мотивация', 'Обучение и развитие', 'Телемаркетинг', 'Клиентоориентированность', 'Ведение переговоров', 'Работа в команде', 'amoCRM']"
Xamarin Mobile Developer,LoyaltyPlant,100000.0,От 1 года до 3 лет,"['Design Patterns', 'C#', 'Xamarin', 'iOS', 'Android', 'REST']"
Python-разработчик в Цифровые поверхности Салют (платформа монетизации видеоконтента),Сбербанк,,От 1 года до 3 лет,"['Python', 'Django Framework', 'PostgreSQL', 'Unit Testing']"
Android разработчик,Группа компаний BMSGroup,,От 1 года до 3 лет,[]
Технический специалист BIM,АСКОН,65250.0,От 1 года до 3 лет,"['BIM', 'Проведение презентаций', 'Autodesk Revit', 'Обучение персонала', 'Обучение и развитие', 'Renga', 'ArhiCAD', 'Tekla BIM', 'AVEVA']"
Тестировщик печатных плат,"СтарЛайн, Научно-производственное объединение",42000.0,Нет опыта,[]
Монтажник РЭА,"СтарЛайн, Научно-производственное объединение",53000.0,Нет опыта,"['Работа в команде', 'Пайка', 'Электроника']"
Android - разработчик,"Куберто, OOO",170000.0,От 1 года до 3 лет,['Android']
Начальник управления ИТ инфраструктуры,Банк Санкт-Петербург,,Нет опыта,"['Linux', 'Информационные технологии', 'ЦОД', 'Мотивация сотрудников', 'Работа в условиях многозадачности', 'Управление отделом', 'Сетевые технологии']"
UX (web content) writer,Uploadcare LLC,149334.0,От 1 года до 3 лет,"['Editing', 'Creative Writing', 'Technical Translation', 'Fluent English', 'Copyrighting', 'Technical Editing', 'Information Technology']"
Senior C++ Software engineer (Linux),IT_Selection,220000.0,От 3 до 6 лет,"['Linux', 'Git', 'C++', 'Bash', 'SVN', 'Boost', 'STL', 'Embedded']"
IOS разработчик,"Куберто, OOO",170000.0,От 1 года до 3 лет,"['iOS', 'Objective-C', 'swift']"
Руководитель по обучению Oracle DBA и DevOps,СИГМА,,От 3 до 6 лет,"['Управление проектами', 'Мотивация персонала', 'Обучение и развитие', 'Оценка персонала', 'DBA', 'ORACLE', 'Linux']"
Интернет-маркетолог,ИНТАН Центры Имплантации и стоматологии,43500.0,От 3 до 6 лет,"['Контекстная реклама', 'Лидогенерация', 'SEO оптимизация', 'SMM', 'Составление семантического ядра']"
"Frontend-разработчик (React.js, удаленная работа)","Куберто, OOO",120000.0,От 1 года до 3 лет,"['jQuery', 'Git', 'CSS', 'HTML5', 'HTML', 'CSS3', 'PostgreSQL', 'React']"
"Frontend-разработчик (React.js, удаленная работа)","Куберто, OOO",120000.0,От 1 года до 3 лет,"['jQuery', 'Git', 'CSS', 'HTML5', 'HTML', 'CSS3', 'PostgreSQL', 'React']"
Наладчик станков с ЧПУ,ЛОМО ЛАЗЕР,52200.0,От 3 до 6 лет,[]
Наладчик станков с ЧПУ,ЛОМО ЛАЗЕР,52200.0,От 3 до 6 лет,[]
Инженер-программист микроконтроллеров,Адаптивные Системы,70000.0,От 1 года до 3 лет,"['C++', 'Схемотехника электронного оборудования', 'MS Visual Studio', 'C/C++', 'Pascal']"
Middle .NET Developer,Ай- Теклабс,120000.0,От 1 года до 3 лет,"['.NET Core', 'SQL', 'PostgreSQL', 'MS SQL', 'Микросервисы', 'Unit Testing']"
Технический дизайнер,Союз ЛУР,60000.0,Нет опыта,"['Adobe Photoshop', 'Adobe Illustrator', 'Графический дизайн', 'Adobe InDesign', 'Полиграфический дизайн']"
QA engineer,"Куберто, OOO",100000.0,От 1 года до 3 лет,[]
Программист 1С,Группа Аквилон,,От 3 до 6 лет,"['1С программирование', '1С: Предприятие 8', '1С: Бухгалтерия', '1С: Зарплата и управление персоналом', 'Обновление конфигурации 1С']"
Руководитель проекта,Техно-Ресурс,78300.0,Более 6 лет,[]
Интернет-маркетолог на запуск нового онлайн-проекта (удаленно),Profilance Group (ИП Страмоусов Марк Петрович),80000.0,От 1 года до 3 лет,"['Копирайтинг', 'Email маркетинг', 'Информационные рассылки', 'Интернет-реклама', 'Яндекс.Метрика', 'Internet Marketing', 'Google Analytics', 'Управление интернет-проектами']"
JavaScript разработчик (удалённо),SimpleTexting,186667.0,Более 6 лет,"['JavaScript', 'ReactJS', 'Redux', 'Git']"
Middle/Senior Server Developer (World of Tanks Blitz),Wargaming,,От 1 года до 3 лет,[]
Руководитель проекта/ Менеджер по продажам (Санкт-Петербург),Эра Дизайн Групп,,Нет опыта,"['Пользователь ПК', 'Работа в команде', 'Деловое общение', 'AutoCAD', 'Деловая переписка', 'B2B Продажи']"
C++ developer (Middle),Вайт Код,150000.0,От 3 до 6 лет,"['Objective-C', 'Java', 'ООП', 'iOS', 'Android', 'C/C++']"
Программист-разработчик SCADA,ПромАвтоматика-Софт,87000.0,От 1 года до 3 лет,"['Удаленная работа', 'Линейное программирование', 'Работа в условиях многозадачности', 'С++', 'Работа с компьютером', 'Высшее образование', 'Дисциплинированный']"
"Middle/ Senior DevOps Engineer, remote (Linux/K8s/AWS)",ClearScale,292321.0,Более 6 лет,"['Kubernetes', 'Terraform', 'Docker', 'AWS', 'DevOps', 'CI/CD', 'Linux', 'PostgreSQL', 'OpenShift', 'Jenkins', 'Tekton', 'Ubuntu Server', 'Английский язык', 'CentOS', 'Python']"
Frontend разработчик React - Middle+ / Senior (удалённо),Smartdigit,125661.0,От 3 до 6 лет,"['JavaScript', 'Git', 'Node.js', 'Redux', 'React', 'SPA', 'Webpack', 'npm', 'REST API', 'Socket.io', 'HTML', 'CSS', 'Sass', 'Frontend']"
Графический дизайнер,ОРИМИ ТРЭЙД,,От 3 до 6 лет,[]
Инженер-программист,Центр СодБи,75000.0,От 3 до 6 лет,"['Английский язык', 'C/C++', 'Keil', 'MATLAB']"
Специалист / менеджер по комплектации дизайн проектов,Финтерио,60000.0,От 1 года до 3 лет,"['Грамотная речь', 'Работа в команде', 'Организация встреч', 'Закупка мебели', 'MS Office']"
Системный администратор,Embria,150000.0,От 3 до 6 лет,[]
Техник-монтажник слаботочных систем,КВС.Управление недвижимостью,55000.0,От 1 года до 3 лет,[]
"Младший менеджер проектов (event, audio, visual)",ДАТАФОРУМ,35000.0,Нет опыта,"['Поиск и привлечение клиентов', 'Проведение презентаций', 'Активные продажи', 'Холодные звонки', 'Ведение клиентской базы', 'Проведение переговоров', 'Создание, развитие и ведение клиентской базы', 'Ориентация на результат']"
Младший системный администратор,Завод Вентилятор,50025.0,От 1 года до 3 лет,[]
"Руководитель проектов (event, audio, visual)",ДАТАФОРУМ,60000.0,От 1 года до 3 лет,"['Организация мероприятий', 'Организация конференций', 'Поиск и привлечение клиентов', 'Проведение переговоров', 'Составление смет', 'Навыки работы с возражениями', 'Организаторские навыки', 'Способности к межличностному деловому общению', 'Холодные звонки']"
PHP-разработчик,KASSIR.RU,,Нет опыта,"['Git', 'PostgreSQL', 'PHP', 'ООП', 'SQL', 'Yii2']"
Middle Flutter Developer в отдел мобильной разработки,«Ешь Деревенское»,100000.0,От 1 года до 3 лет,"['Dart', 'Flutter', 'Git', 'ООП', 'Android']"
Business Development Manager (junior),AdChampagne,50000.0,Нет опыта,"['Английский язык', 'Деловая переписка', 'Деловое общение', 'Телефонные переговоры', 'Деловая коммуникация']"
Business Development Manager (senior),AdChampagne,150000.0,От 3 до 6 лет,"['Английский язык', 'Деловая переписка', 'Деловое общение', 'Телефонные переговоры', 'Навыки межличностного общения']"
Координатор проекта,Престиж Сервис,,Нет опыта,"['Грамотная речь', 'Подбор персонала', 'Массовый подбор персонала', 'Телефонные переговоры', 'Поиск информации в интернет']"
Traffic Sources Manager,AdChampagne,70000.0,От 1 года до 3 лет,"['Английский язык', 'Деловая переписка', 'Документальное сопровождение', 'Работа в команде', 'Грамотность', 'Умение договариваться', 'Навыки межличностного общения', 'Грамотная речь']"
Аккаунт менеджер,AdChampagne,70000.0,От 1 года до 3 лет,"['Работа в команде', 'Грамотная речь', 'Английский язык', 'Деловое общение', 'Деловая переписка']"
Архитектор AWS,Softline,,От 3 до 6 лет,"['Английский язык', 'Проведение презентаций', 'Обучение и развитие', 'Клиентоориентированность', 'AWS']"
Преподаватель бизнес-аналитики 1С (удалённая работа),КОРС,104400.0,От 3 до 6 лет,"['Грамотная речь', 'Работа в команде', 'Проведение презентаций', 'Грамотность', 'ERP-системы на базе 1С']"
Android Developer (Java/Kotlin),Siber Systems Inc,,От 1 года до 3 лет,[]
Архитектор Java (удалённо),IT_Selection,304500.0,Более 6 лет,"['Apache Tomcat', 'Java EE', 'PostgreSQL', 'Hibernate ORM', 'Spring Framework', 'Java', 'SQL', 'Docker']"
Ведущий специалист по тестированию (автотестирование),"Лента, федеральная розничная сеть",,От 1 года до 3 лет,"['C#', 'MSSQL', 'Java']"
Back-end Java разработчик / Back-end Java Developer,Инсайд,200000.0,От 1 года до 3 лет,"['REST API', 'Git', 'Linux', 'Kafka', 'Работа с базами данных', 'WebSocket', 'MySQL', 'Java']"
Маркетинговый аналитик,Skyeng,,От 1 года до 3 лет,"['SQL', 'Tableau']"
Marketing Analyst в Skypro,Skyeng,180000.0,От 3 до 6 лет,"['SQL', 'Python']"
Senior Data Engineer,Skyeng,,От 1 года до 3 лет,"['Python', 'SQL', 'Git', 'Linux', 'PostgreSQL']"
Head of Operational Analytics,Skyeng,,От 3 до 6 лет,"['Teamleading', 'MS SQL', 'Data Analysis', 'Анализ данных', 'Business Intelligence Systems']"
Продуктовый аналитик в Content,Skyeng,,От 3 до 6 лет,"['Python', 'SQL', 'ClickHouse', 'Tableau']"
Lead Data Analytics в Operation,Skyeng,,От 3 до 6 лет,"['Teamleading', 'MS SQL', 'Data Analysis', 'Анализ данных', 'Business Intelligence Systems']"
Data-аналитик в Finance,Skyeng,,От 1 года до 3 лет,"['Python', 'SQL', 'PostgreSQL', 'Tableau', 'ETL']"
Data Analyst в Acquisition Analytics Team,Skyeng,130000.0,От 1 года до 3 лет,"['Python', 'SQL', 'Tableau', 'Анализ данных']"
Data Analyst в Operations,Skyeng,130000.0,От 1 года до 3 лет,"['Python', 'SQL', 'Tableau', 'Аналитические исследования', 'Английский язык']"
Marketing Analyst в Growth Team,Skyeng,130000.0,От 1 года до 3 лет,"['Tableau', 'Python', 'SQL', 'Математическая статистика', 'ClickHouse', 'Яндекс.Метрика', 'Google Analytics']"
Data analyst (Skysmart),Skyeng,,От 1 года до 3 лет,"['SQL', 'Python', 'Business Intelligence Systems', 'Data Analysis']"
Product Analyst в Marketing,Skyeng,180000.0,От 3 до 6 лет,"['SQL', 'Веб-аналитика']"
Product Analyst в Marketing,Skyeng,180000.0,От 3 до 6 лет,"['SQL', 'Веб-аналитика']"
Специалист отдела технической поддержки,ГЛОНАСС-СЕРВИС,45000.0,Нет опыта,[]
Фрезеровщик ( Казань),МетеорСтафф,98000.0,От 1 года до 3 лет,"['Чтение чертежей', 'Переговоры', 'Универсальность', 'ПК', 'Работа в условиях многозадачности']"
Бизнес-аналитик,Триколор,,От 3 до 6 лет,"['Английский язык', 'BPMN', 'Организаторские навыки', 'Управление проектами', 'Работа в команде']"
Системный аналитик,Триколор,,От 3 до 6 лет,"['Системный анализ', 'JBoss', 'WildFly', 'kubernetes']"
3Д Моушн Дизайнер / 3D Motion Designer,Midas Art Studio,,От 1 года до 3 лет,"['Adobe After Effect', 'Adobe Photoshop', 'Autodesk 3ds Max', '3ds Max', 'Character Animator', 'Аниматор Персонажей', '3Д Аниматор', 'Motion Design', 'Видеомонтаж', '3D-графика', 'Анимация', 'Обработка видео', 'Video Editing', 'Разработка компьютерных Игр']"
Инженер по сопровождению CRM системы и биллинга,Триколор,,От 1 года до 3 лет,"['Биллинг', 'MS Excel', 'Инструкции для пользователей']"
Руководитель проектов (ИТ),Москомсвязь,,От 3 до 6 лет,"['Работа в команде', 'Организаторские навыки', 'Деловая переписка', 'Управление проектами', 'Грамотная речь']"
SMM маркетолог,LCG Recruiting,70000.0,От 1 года до 3 лет,"['SMM', 'Adobe Photoshop', 'Организация мероприятий', 'Грамотность', 'Ведение групп в социальных сетях', 'Продвижение бренда', 'Продвижение в социальных группах', 'Контент', 'Идейность']"
Системный аналитик,Prooftechit,,От 1 года до 3 лет,"['UML', 'SQL', 'Разработка технических заданий', 'BPMN', 'Бизнес-анализ']"
Консультант по настройке и внедрению ERP систем,Монолит-Инфо,130000.0,От 3 до 6 лет,[]
Junior Python Developer,ЭС-АЙ Безопасность,112000.0,Нет опыта,['Python']
Аналитик,Тетракуб,,От 3 до 6 лет,"['UML', 'BPMN', 'IDEF0', 'Autodesk Revit', 'FLOWCHART', 'Asana', 'JIRA']"
"Pre-sale/Post-sale инженер ЦОД (направление серверы и СХД, системная интеграция)",LWCOM,150000.0,От 1 года до 3 лет,"['Ведение переговоров', 'Управление проектами', 'SAN', 'СХД', 'Системы хранения данных', 'pre-sale', 'Brocade', 'Dell Data Domain', 'HPE StoreOnce', 'Pure Storage', 'Подготовка спецификаций', 'Cisco', 'Dell Servers', 'fujitsu', 'Huawei', 'ленточные библиотеки']"
Системный администратор,НАУЧНО-ПРОИЗВОДСТВЕННАЯ ФИРМА АРГОС,50000.0,От 1 года до 3 лет,"['Python', 'Linux', 'Bash', 'PowerShell', 'Scripting', 'Windows Server', 'Администрирование сетевого оборудования']"
Senior QA Engineer (automation),Самокат (ООО Умное пространство),,От 3 до 6 лет,[]
"Программист разработчик C#, .NET, JavaScript, HTML, CSS",ЦентрИнформ,108750.0,От 3 до 6 лет,"['C#', '.NET Framework', 'WPF', 'MVVM', 'PostgreSQL', 'MS SQL']"
2D Художник (isometric),SunStrike Studios,60000.0,От 1 года до 3 лет,['Adobe Photoshop']
Дежурный системный администратор,Beget,,От 1 года до 3 лет,"['Linux', 'Git', 'Python', 'Nginx', 'MySQL']"
IOS Developer,Grid Dynamics,,От 3 до 6 лет,"['Objective-C', 'Swift', 'iOS']"
Специалист технической поддержки 1:С,Ювента,90000.0,Нет опыта,"['Базы данных', 'Тестирование пользовательского интерфейса', 'Работа с базами данных', 'Тестирование', 'СУБД', 'Cистемы управления базами данных', 'IP телефония', 'Microsoft Access', 'Опытный пользователь ПК']"
Web-разработчик (middle),Paris Nail,,Нет опыта,"['Git', 'MySQL', 'PHP', 'Redis', 'ООП']"
Рерайтер,ФАН,40000.0,От 1 года до 3 лет,"['Работа в команде', 'Написание текстов', 'Поиск информации в интернет', 'Грамотность', 'Рерайтинг', 'Ответственность и пунктуальность', 'Грамотное письмо', 'Пользователь ПК', 'MS Office']"
Креативный контент-менеджер,ФАН,45000.0,От 1 года до 3 лет,"['Грамотность', 'Пользователь ПК', 'Написание текстов', 'Креативность', 'Работа в команде', 'Социальные сети', 'Наполнение контентом', 'Поиск информации в интернет', 'Коммуникабельность, стрессоустойчивость']"
QA Automation Lead (C#),Представительство компании Altium Europe GMBH,,Нет опыта,"['Английский язык', 'Atlassian Jira', 'API', 'QA', 'C#', 'Leadership Skills', 'API testing']"
Специалист по технической поддержке в отделе сервиса,АЛЛЕС,60000.0,От 3 до 6 лет,"['Деловая переписка', '1С: Предприятие 8', 'Работа с претензиями', 'CRM', 'MS Outlook']"
Middle Java разработчик,Норд Клан,174000.0,От 3 до 6 лет,"['Английский язык', 'Java EE', 'Oracle 11G', 'Java', 'Spring Framework']"
UX / UI designer,ABROAD BUSINESS SERVICES,,От 3 до 6 лет,"['UX', 'UI', 'Invision', 'Adobe Illustrator', 'Adobe Photoshop']"
Менеджер по продажам,Билайн,17400.0,Нет опыта,"['Ориентация на результат', 'Умение работать в команде', 'Мотивация', 'Ориентация на клиента', 'Активные продажи']"
Старший инженер по информационной безопасности,КРОК,,Более 6 лет,['Информационная безопасность']
Аналитик 1С (реализация проектов развития),ОСК-Сервис,,От 1 года до 3 лет,"['ERP-системы на базе 1С', '1С Управление холдингом']"
Программист 1С,ОСК-Сервис,,От 1 года до 3 лет,"['1С программирование', '1С: Управление холдингом', 'ERP-системы на базе 1С', 'ERP']"
Аналитик 1С казначейство/бюджетирование,ОСК-Сервис,,От 1 года до 3 лет,"['Автоматизация процессов', '1С']"
Консультант / Аналитик 1С,ОСК-Сервис,,От 1 года до 3 лет,"['ERP-системы на базе 1С', '1С: Управление Производственным Предприятием', '1С: Бухгалтерия']"
Аналитик 1С Документооборот,ОСК-Сервис,,От 1 года до 3 лет,"['1С: Документооборот', 'ЭДО']"
Программист 1С Документооборот/ЗУП,ОСК-Сервис,,От 1 года до 3 лет,"['1С программирование', '1С: Документооборот', '1С: Зарплата и управление персоналом']"
Специалист технической поддержки (3-я линия),ELMA,,От 1 года до 3 лет,"['C#', 'ООП', 'PostgreSQL', 'SQL', 'Helpdesk']"
Senior Backend Developer (relocation to Cyprus),FaceApp,,От 3 до 6 лет,"['Python', 'Go', 'PostgreSQL', 'SQL', 'Linux']"
Senior QA Engineer,FaceApp,,От 3 до 6 лет,"['Python', 'Git', 'Android', 'A/B тесты', 'QA', 'Mobile QA', 'iOS']"
Middle System Developer (C/C++),Sperasoft,,От 1 года до 3 лет,"['Английский язык', 'C++']"
Junior Software Engineer,Sperasoft,,От 1 года до 3 лет,"['Английский язык', 'C++']"
Back-End TypeScript/C++ Engineer,Sperasoft,,Нет опыта,"['Английский язык', 'C++', 'Unreal Engine 4']"
Senior C++ Software Developer,Sperasoft,,Нет опыта,"['Английский язык', 'C++', 'Unreal Engine 4']"
UE4/C++ Software Developer,Sperasoft,,От 3 до 6 лет,"['UE4', 'C++']"
Middle C++ Software Developer (UI),Sperasoft,,Нет опыта,"['Английский язык', 'C++', 'Unreal Engine 4']"
C++ Software Developer,Sperasoft,,От 3 до 6 лет,"['Английский язык', 'C++', 'Unreal Engine 4']"
Rendering C++ Software Developer,Sperasoft,,От 1 года до 3 лет,"['Английский язык', 'C++', 'Unreal Engine 4']"
Старший специалист по операционной поддержке партнеров,Билайн,,От 1 года до 3 лет,"['Деловое общение', 'Грамотная речь', 'Деловая коммуникация']"
Координатор службы поддержки,Группа ЦДС,,От 1 года до 3 лет,[]
Системный администратор,Агентство КИТ Консалт,,От 1 года до 3 лет,"['Microsoft Hyper-V', 'Администрирование серверов Windows', 'Kaspersky SC', 'Backup EXEC', 'MS SQL', 'VLAN', 'Windows Server']"
Ведущий инженер по автоматизации тестирования C#,Билайн,,От 1 года до 3 лет,['C#']
Администратор отдела НИОКР,НТЦ НАРТИС,60000.0,От 1 года до 3 лет,"['Деловая переписка', 'Электронный документооборот', 'Документооборот', 'Деловое общение', 'Делопроизводство']"
Токарь - карусельщик (Казань),МетеорСтафф,98000.0,От 1 года до 3 лет,"['Переговоры', 'ПК', 'Работа в условиях многозадачности', 'Работа с чертежами', 'Проявление тактичности и толерантности']"
Ведущий инженер-программист (С++),Центр СодБи,,От 1 года до 3 лет,"['Английский язык', 'Linux', 'C/C++', 'ARM']"
Atlassian Инженер,Самокат (ООО Умное пространство),,От 3 до 6 лет,"['Atlassian Jira', 'Atlassian Confluence', 'Jira', 'Confluence']"
Senior DevOps инженер,Самокат (ООО Умное пространство),,Нет опыта,"['Docker', 'Grafana', 'Kubernetes', 'PostgreSQL', 'Atlassian Jira']"
InfraOps/SysOps,Самокат (ООО Умное пространство),,От 3 до 6 лет,"['Kubernetes', 'Gitlab', 'Prometheus', 'Grafana', 'Управление временем', 'PostgreSQL', 'kafka']"
SRE engineer,Самокат (ООО Умное пространство),,От 1 года до 3 лет,"['PostgreSQL', 'Linux', 'Телефонные переговоры', 'Деловая коммуникация', 'kubernetes', 'kafka']"
Менеджер по работе с заказчиками,ИНРУТЕЛ,60000.0,От 1 года до 3 лет,[]
Project manager в digital branding агентство,CROP media,60000.0,От 1 года до 3 лет,"['Управление интернет-проектами', 'Управление проектами', 'Интернет-реклама', 'Social Media Marketing', 'Веб-аналитика', 'SEO', 'Управление персоналом', 'Ведение переговоров', 'Яндекс.Метрика', 'Google AdWords', 'Оптимизация бизнес-процессов', 'Организаторские навыки', 'Проведение презентаций', 'Организация мероприятий', 'Руководство коллективом']"
Программист 1С,ФГБУ Национальный Медицинский Исследовательский Центр Онкологии Имени Н.Н. Петрова Министерства Здравоохранения Российской Федерации,,От 3 до 6 лет,"['1С программирование', '1С: Комплексная автоматизация', 'Обновление конфигурации 1С', 'Базы данных', 'Cистемы управления базами данных']"
Senior designer graphic/motion (Арт директор),CROP media,80000.0,От 3 до 6 лет,"['Web-дизайн', 'Анимация', 'Разработка фирменного стиля', 'Adobe Premier', 'Adobe After Effect', 'Обработка изображений', 'Цветокоррекция', 'Adobe Premier Pro', 'Видеомонтаж', 'Web Design', 'Обработка видео', 'Adobe Photoshop', 'Adobe Illustrator', 'Креативность', 'Графический дизайн', 'Брендинг', 'Дизайн', 'Adobe InDesign', 'Веб-дизайн', 'Производство рекламных роликов', 'Графические редакторы', '3ds Max', 'Разработка концепции', 'Баннерная реклама']"
Programming Team Lead (С++),Playrix,,От 3 до 6 лет,"['C++', 'ООП', 'Game Programming']"
С++ Game Developer / Программист C++,Playrix,,От 3 до 6 лет,"['C++', 'ООП', 'Game Programming']"
Middle backend разработчик (PHP),Wemakefab,100000.0,От 1 года до 3 лет,"['MySQL', 'Git', 'JavaScript', 'PostgreSQL', 'PHP', 'Laravel']"
Manual QA Engineer - Middle/Senior,Студия Кефир,,От 3 до 6 лет,"['Unity', 'Функциональное тестирование', 'Английский язык', 'Тестирование', 'Регресcионное тестирование', 'Разработка компьютерных Игр', 'Тестирование игр']"
Менеджер интернет-магазина,"Мам, купи!",35000.0,От 1 года до 3 лет,"['Грамотная речь', 'Пользователь ПК', 'Грамотность', 'Деловая переписка', 'Поиск информации в интернет', 'Работа с оргтехникой']"
Full Stack Developer (Ruby on Rails/ React),MVP Engine,134400.0,От 1 года до 3 лет,"['Ruby On Rails', 'React']"
2D Artist (portraits) / 2D художник (портреты),Wargaming St. Petersburg (Lesta Studio),,От 3 до 6 лет,"['Adobe Photoshop', 'Matte painting']"
Консультант 1C,"Детскосельский, концерн",78300.0,От 1 года до 3 лет,"['Постановка задач разработчикам', 'Проведение тестирований', 'Разработка технических заданий', 'Описание бизнес-процессов', 'Анализ бизнес-процессов', 'Автоматизация процессов', 'DFD']"
Lead TypeScript разработчик для EPAM Anywhere,"EPAM Systems, Inc.",,От 3 до 6 лет,"['Node.js', 'TypeScript', 'AWS', 'Лидерство']"
Web-программист,МОДЕРН ВЭЙ ТРЕЙД,80000.0,От 1 года до 3 лет,"['JavaScript', 'Git', 'MySQL', 'PHP', 'VueJS', 'HTML', 'CSS', 'API', 'CRM', 'ERM']"
Менеджер по продажам,НЕКСТ,60000.0,От 1 года до 3 лет,"['Грамотная речь', 'Телефонные переговоры', 'Деловое общение', 'Работа с возражениями', 'Проведение презентаций', 'Навыки продаж', 'Активные продажи', 'Сопровождение клиентов', 'Умение вести переговоры', 'Привлечение клиентов', 'Продажа банковских продуктов', 'Навыки презентации', 'Навыки переговоров', 'Ориентация на результат', 'Работа с ключевыми клиентами', 'Ориентация на клиента', 'Ведение активных клиентов', 'телефонные продажи']"
Кредитный специалист,Микрофинансовая организация До Зарплаты,43500.0,Нет опыта,"['Активные продажи', 'Обучение и развитие', 'Работа с возражениями', 'Навыки продаж', 'Телефонные переговоры']"
Менеджер по продажам,Микрофинансовая организация До Зарплаты,43500.0,Нет опыта,"['Активные продажи', 'Прямые продажи', 'Работа с возражениями', 'Поиск и привлечение клиентов', 'Консультативные продажи', 'Телемаркетинг', 'Грамотная речь', 'Клиентоориентированность', 'Телефонные переговоры', 'Грамотность', 'Управление отношениями с клиентами', 'входящие звонки', 'Пользователь ПК', 'Оценка потребностей клиентов']"
Токарь - расточник ( Казань ),МетеорСтафф,100000.0,От 1 года до 3 лет,"['Переговоры', 'ПК', 'Работа в условиях многозадачности', 'Проявление тактичности и толерантности', 'Работа с компьютером']"
Инженер отдела продаж,Титан Инжиниринг,50000.0,От 1 года до 3 лет,"['AutoCAD', 'Деловая переписка', 'Компас-3D', 'однолинейные схемы']"
Специалист отдела технической поддержки,Расчетные системы,45000.0,От 1 года до 3 лет,[]
Младший консультант (стажёр) по системе SAP PP/DS,ТДИТ,,От 1 года до 3 лет,[]
Technical 3D artist/CG artist,Ласт Левел,,От 3 до 6 лет,"['Unity', 'Autodesk Maya', 'Adobe Photoshop', 'C#', 'Unity3D']"
Senior Business Analyst,Underhood,194881.0,От 3 до 6 лет,"['Английский язык', 'Аналитическое мышление', 'Оптимизация бизнес-процессов', 'BPMN', 'Бизнес-анализ', 'Управление проектами', 'Моделирование бизнес процессов', 'Деловая коммуникация', 'Аналитические исследования', 'Анализ данных', 'Сбор и анализ информации', 'Анализ бизнес показателей', 'Стратегическое мышление', 'MS PowerPoint', 'Работа с большим объемом информации']"
User Acquisition manager (Gamedev),Студия Кефир,,От 3 до 6 лет,"['Английский язык', 'Маркетинговый анализ', 'Google Docs', 'Маркетинговые исследования', 'Internet Marketing', 'Анализ трафика', 'ASO']"
Motion Designer (video),Wargaming St. Petersburg (Lesta Studio),,От 3 до 6 лет,[]
Senior QA Automation engineer,ОнТаргет ЛАБС,259841.0,Нет опыта,"['Английский язык', 'Atlassian Jira', 'Unit Testing', 'Quality Control', 'JSON API']"
Delivery Director/Head of PMO,Emphasoft,,Более 6 лет,[]
QA Automation Engineer (C#/Java),Екассир,,От 1 года до 3 лет,"['SQL', 'ООП', 'QA', 'Git', 'C#', 'XML', 'SOAP', 'HTTP', 'Java', 'REST']"
"Менеджер по работе с клиентами (IT сфера, Web)",SeverCode,60000.0,От 1 года до 3 лет,"['1С-Битрикс', 'Управление интернет-проектами', 'Навыки презентации', 'Сопровождение клиентов', 'Битрикс24']"
Менеджер it проектов внедрения,СИГМА,,От 1 года до 3 лет,"['Управление проектами', 'Организаторские навыки', 'Многозадачность', 'CRM', 'Billing', 'ATS']"
Unity Developer | Unity-разработчик,Бэстингеймз,160000.0,От 3 до 6 лет,"['Git', 'C#', 'Unity', 'ООП', 'Design Patterns']"
Программист 1С,Управляющая компания MKS Management Company,200000.0,От 3 до 6 лет,"['1С программирование', 'SQL', '1С: Управление Производственным Предприятием', '1С: Зарплата и управление персоналом', 'Управление проектами']"
Системный администратор,PITERLAND,,От 3 до 6 лет,[]
Business Analyst (направление Продуктовая разработка),Karuna,,От 1 года до 3 лет,"['Atlassian Jira', 'Atlassian Confluence', 'Confluence']"
Senior Go developer,Ласт Левел,,От 3 до 6 лет,[]
Senior 3d Artist/ 3D Lead Artist,Ласт Левел,,От 3 до 6 лет,[]
QA Engineer - Backend (to Cyprus),Spotware Systems Ltd,218650.0,От 1 года до 3 лет,"['Java', 'Английский язык']"
QA Engineer - Backend (to Cyprus),Spotware Systems Ltd,218650.0,От 1 года до 3 лет,"['Java', 'Английский язык']"
Программист 1С,CSI (Кристалл Сервис Интеграция),140000.0,От 1 года до 3 лет,['1С программирование']
Middle Ruby Developer (Advertising),igooods,150000.0,От 1 года до 3 лет,"['Ruby', 'Ruby On Rails', 'PostgreSQL', 'Rust', 'Redis', 'RabbitMQ', 'Elasticsearch']"
Front-End Developer,Метафактс Ист Юроп,140000.0,От 3 до 6 лет,"['HTML5', 'CSS3', 'Git', 'Linux', 'REST', 'JSON API', 'TypeScript', 'webpack', 'npm', 'continuous integration', 'continuous delivery', 'AWS', 'Docker', 'React']"
Front-End Developer,Метафактс Ист Юроп,140000.0,От 3 до 6 лет,"['HTML5', 'CSS3', 'Git', 'Linux', 'REST', 'JSON API', 'TypeScript', 'webpack', 'npm', 'continuous integration', 'continuous delivery', 'AWS', 'Docker', 'React']"
Ведущий инженер по активному сетевому оборудованию,Группа ЦДС,,От 1 года до 3 лет,[]
Golang Developer,AB Handshake,,От 3 до 6 лет,"['PostgreSQL', 'SQL', 'Разработка ПО', 'Golang']"
IT Security Engineer,IT X100,,От 1 года до 3 лет,[]
DevOps Engineer,IT X100,,Нет опыта,"['Docker', 'Kubernetes', 'DevOps', 'Terraform']"
Специалист по обработке web-заявок,Ростелеком,50000.0,От 1 года до 3 лет,"['Грамотная речь', 'Навыки продаж', 'Активные продажи', 'Консультирование клиентов', 'Телефонные переговоры', 'Пользователь ПК']"
Специалист по обработке web-заявок,Ростелеком,50000.0,От 1 года до 3 лет,"['Грамотная речь', 'Навыки продаж', 'Активные продажи', 'Консультирование клиентов', 'Телефонные переговоры', 'Пользователь ПК']"
Менеджер службы поддержки (английский язык),Гуру сервис,60000.0,Нет опыта,"['Электронная почта', 'Пользователь ПК', 'Умение работать в коллективе', 'Английский язык', 'Деловая переписка']"
Разработчик 1С,Инфостарт,140000.0,От 3 до 6 лет,"['1С: Управление Торговлей', '1С программирование', '1С: Комплексная автоматизация', '1С: Зарплата и управление персоналом', '1С: Бухгалтерия', 'ERP-системы на базе 1С']"
Python Developer (Backend),Wargaming St. Petersburg (Lesta Studio),,От 1 года до 3 лет,"['Python', 'Django Framework', 'PostgreSQL', 'Redis', 'vue.js']"
Начинающий специалист группы продаж,Ростелеком,35000.0,Нет опыта,"['Пользователь ПК', 'Грамотная речь', 'Работа в команде', 'Навыки продаж']"
Flutter Developer Middle/Senior,igooods,180000.0,От 1 года до 3 лет,"['Flutter', 'Dart']"
3D художник окружения (next-gen environment artist),Cтудия Dragon-Fly,84448.0,От 1 года до 3 лет,"['Autodesk Maya', 'ZBrush', 'Substance Painter', 'Adobe Photoshop', '3D Моделирование']"
Менеджер интернет-магазина,Текстильная компания СИТРЕЙД,45000.0,От 1 года до 3 лет,"['Консультативные продажи', 'Клиентоориентированность', '1С: Торговля', 'Деловое общение', 'Контроль отгрузок', 'Работа с большим объемом информации', 'Грамотная речь', 'Документальное сопровождение']"
Технический специалист Unreal Engine,Cтудия Dragon-Fly,97440.0,От 1 года до 3 лет,"['Unreal Engine', 'Cloth simulation', 'Rig', 'Autodesk Maya']"
Project Manager (Delivery Manager),INGURU.RU,174000.0,От 3 до 6 лет,"['Agile Project Management', 'Scrum', 'Деловая коммуникация', 'Amplitude', 'Product Management', 'A/B тесты', 'Конкурентная аналитика', 'Анализ поведения пользователей']"
Project Manager (Delivery Manager),INGURU.RU,174000.0,От 3 до 6 лет,"['Agile Project Management', 'Scrum', 'Деловая коммуникация', 'Amplitude', 'Product Management', 'A/B тесты', 'Конкурентная аналитика', 'Анализ поведения пользователей']"
2D Художник по иллюстрациям,SunStrike Studios,100000.0,От 1 года до 3 лет,['Adobe Photoshop']
Инженер по настройке и испытаниям РЭАиП,НПК ТИМ,,От 3 до 6 лет,[]
Разработчик SQL,ОРИМИ ТРЭЙД,80000.0,От 1 года до 3 лет,"['MS SQL', 'MS SQL Server', 'SQL', 'Transact-SQL', 'База данных: Olap', 'Olap (online analytical processing)', 'Тестирование пользовательского интерфейса', 'MS Excel']"
"Full Stack Java Developer (Java, JS/TS, Atlassian)",ALM Works,300000.0,От 3 до 6 лет,"['JavaScript', 'Atlassian Jira', 'Java', 'CSS', 'Английский язык', 'Unit Testing', 'HTML']"
Junior Java-разработчик,AISA,,Нет опыта,"['MySQL', 'Java', 'PostgreSQL', 'Spring Boot', 'JPA']"
Разработчик Python,AISA,100000.0,От 1 года до 3 лет,"['Python', 'HTTP', 'REST', 'Linux', 'Docker', 'Docker-compose', 'Kubernetes']"
Java-разработчик,AISA,100000.0,От 1 года до 3 лет,"['Java', 'SQL', 'Git', 'Linux', 'Spring Framework', 'ООП', 'JDBC', 'JavaScript']"
Java Developer (Cloud),ALM Works,200000.0,От 1 года до 3 лет,"['Java', 'JavaScript', 'Kotlin']"
Integration & Deployment Engineer,Софт-Контроль,100000.0,От 3 до 6 лет,[]
UI дизайнер (художник),Zillion Whales,,От 1 года до 3 лет,['UI']
Unity Middle Developer,Lava Project,69600.0,От 1 года до 3 лет,"['Unity', 'Английский язык', 'Работа в команде', 'C#', 'Unity 3D', 'Gamedev']"
Python developer,Digital Security,,От 1 года до 3 лет,[]
Automated QA Engineer (JavaScript),"Flow Health, Inc",,От 1 года до 3 лет,"['JavaScript', 'Английский язык', 'QA']"
Менеджер по работе с клиентами,Mollaber,20000.0,Нет опыта,"['входящие звонки', 'Консультирование клиентов по телефону', 'исходящие звонки', 'Грамотная речь', 'Деловое общение', 'Деловая переписка', 'Пользователь ПК', 'Ведение переговоров', 'по выходным']"
"Монтажник слаботочных систем (Север, Юг Санкт-Петербурга, Кудрово)",Невалинк,65000.0,Нет опыта,"['Монтаж оборудования', 'Настройка сетевых подключений', 'монтаж скс', 'работа с электроинструментом', 'слаботочные системы', 'монтаж слаботочных систем']"
Системный администратор,LEGENDA,,От 3 до 6 лет,"['Zabbix', 'Cisco', 'VMware', 'CUCM', 'Fortinet', 'MS Exchange', 'Администрирование серверов Windows']"
Программист 1С,LEGENDA,,От 3 до 6 лет,"['1С программирование', 'Работа в команде', '1С: Бухгалтерия', 'Обновление конфигурации 1С', '1С: Зарплата и управление персоналом']"
Специалист по информационной безопасности,LEGENDA,,От 1 года до 3 лет,"['Информационная безопасность', 'TCP/IP', 'Информационные технологии', 'Аудит безопасности', 'Технические средства информационной защиты']"
Дизайнер полиграфической продукции,Протеко,,От 3 до 6 лет,"['Adobe Illustrator', 'Adobe InDesign', 'Adobe Photoshop', 'Графический дизайн', 'Полиграфический дизайн']"
"Pre-Sales Engineer, CEMEA",Veeam Software,,От 1 года до 3 лет,"['Проведение презентаций', 'Немецкий язык', 'Ведение переговоров']"
Sales & Marketing Analyst,Veeam Software,,От 3 до 6 лет,[]
Junior Game Developer (JavaScript),О.Г.С. Руссия,78300.0,От 1 года до 3 лет,"['HTML5', 'JavaScript', 'Game Programming', 'WebGL']"
Android developer,"АТОЛ, группа компаний",,От 1 года до 3 лет,"['Java', 'Kotlin', 'SQL', 'Dagger2', 'Retrofit', 'RxJava2', 'Moxy', 'OrmLite']"
Учитель робототехники,Учитель для России,,Нет опыта,[]
Учитель информатики,Учитель для России,,Нет опыта,[]
Senior TypeScript разработчик для EPAM Anywhere,"EPAM Systems, Inc.",,От 3 до 6 лет,"['TypeScript', 'LOC', 'AWS']"
Дизайнер фирменного стиля,Низамдинов Богдан,20000.0,Нет опыта,"['Дизайн', 'Разработка фирменного стиля', 'Дизайн полиграфии', 'Упаковка', 'Логотипы', 'Брендинг', 'Adobe Illustrator', 'Полиграфический дизайн', 'Adobe Photoshop']"
Менеджер проекта (НИОКР),Радар ММС,,От 3 до 6 лет,[]
"Ведущий UX исследователь (Москва, Сколково)",Хендэ Мотор Мануфактуринг Рус,,От 3 до 6 лет,['Английский язык']
Специалист технической поддержки,СПб ГУП Санкт-Петербургский информационно-аналитический центр,,От 1 года до 3 лет,"['Работа в условиях многозадачности', 'Умение работать в условиях многозадачности', 'Информирование сотрудников', 'Знание компьютера', 'Опытный пользовать ПК']"
Технический писатель,СПб ГУП Санкт-Петербургский информационно-аналитический центр,,От 1 года до 3 лет,"['Грамотная речь', 'Грамотность', 'Microsoft Access', 'Microsoft Office', 'Высшее образование']"
"Специалист в Call-сenter(удалённо, работа из дома)",Ozon,27840.0,Нет опыта,[]
"Software Engineer (C++, Multithreading)",Itiviti (Айтивити),80000.0,От 1 года до 3 лет,"['C++', 'Linux', 'Business English', 'Multithread Programming']"
QA Engineer,Itiviti (Айтивити),,От 1 года до 3 лет,"['Linux', 'C++', 'Testing']"
"Software Engineer (C++, Multithreading)",Itiviti (Айтивити),80000.0,От 1 года до 3 лет,"['C++', 'Linux', 'Business English', 'Multithread Programming']"
Software Developer in Test (C++),Itiviti (Айтивити),,От 1 года до 3 лет,"['Linux', 'ООП', 'С++', 'Test Automation']"
"Software Engineer (C++, Trading Apps)",Itiviti (Айтивити),80000.0,От 1 года до 3 лет,['C++']
Performance Engineer,Itiviti (Айтивити),,От 3 до 6 лет,"['Unix', 'Performance']"
PHP-разработчик,Enjoypro,,От 3 до 6 лет,"['MySQL', 'JavaScript', 'PHP', 'ООП', 'Git']"
Бизнес-аналитик/специалист в производственно-диспетчерский отдел,Газпром нефть,,От 3 до 6 лет,"['MS PowerPoint', 'Работа в команде', 'Работа с большим объемом информации', 'MS Outlook', 'Аналитическое мышление', 'Excel', 'Визуализация данных', 'Сбор и анализ информации']"
Frontend Developer (React),Nedra - New Digital Resources for Assets,,От 3 до 6 лет,"['CSS', 'HTML', 'JavaScript', 'Git']"
Middle/Senior Java Developer for CLN (Remote),Cloud Linux,,От 3 до 6 лет,"['Java', 'Spring Framework', 'Kotlin', 'SQL', 'Hibernate ORM', 'JPA', 'PostgreSQL']"
Ведущий программист 1C,Морское агентство СОЛАР,200000.0,Более 6 лет,[]
Unity-разработчик / Unity developer (Middle),Онлайн-школа Фоксфорд,,От 1 года до 3 лет,"['Unity', 'C#', 'ООП', '.NET Framework', 'Git']"
Графический дизайнер,Токио-Сити,51750.0,От 1 года до 3 лет,"['Adobe Photoshop', 'Adobe Illustrator', 'Adobe InDesign', 'Графический дизайн', 'CorelDRAW']"
"Business Development Manager, English (remote) / Менеджер по развитию бизнеса, английский (удаленно)",ДескАлертс,50000.0,От 3 до 6 лет,"['Key Account Management', 'Английский язык', 'Negotiation skills', 'Ведение переговоров', 'Развитие продаж', 'B2B Продажи']"
Тренер по продукту,ANCOR,70000.0,От 1 года до 3 лет,"['Английский язык', 'MS PowerPoint', 'Подготовка презентаций', 'Проведение презентаций', 'Навыки презентации', 'Продажи', 'Деловая коммуникация', 'Тренинги', 'Организация обучения для специалистов', 'Проведение вебинаров', 'Дистанционное обучение', 'Тренинги по техническим навыкам', 'Тренинг по продукту']"
NLP Data Scientist (Middle),Сбербанк,,От 1 года до 3 лет,[]
Продуктовый аналитик в международный маркетплейс,Telega.in,,От 1 года до 3 лет,"['SQL', 'Power BI', 'ClickHouse', 'Работа с базами данных', 'Аналитическое мышление', 'A/B тесты', 'Анализ данных', 'Удаленная работа', 'Визуализация данных', 'тестирование гипотез']"
Middle TypeScript разработчик для EPAM Anywhere,"EPAM Systems, Inc.",,От 1 года до 3 лет,"['TypeScript', 'LOC', 'AWS']"
Веб-аналитик,Serenity,90000.0,От 1 года до 3 лет,"['Google Analytics', 'Яндекс.Метрика', 'JavaScript', 'BigQuery', 'Google Tag Manager', 'Power BI', 'R Studio']"
Senior Product analyst/ Продуктовый аналитик,Kosmos,,От 3 до 6 лет,"['аналитика', 'SQL', 'Tableau', 'PowerBI', 'MS Excel', 'Facebook Analytics', 'Google Analytics', 'Appsflyer', 'Clickhouse']"
Frontend-разработчик,Переводческая компания ТРАНСТЕХ,,От 1 года до 3 лет,"['JavaScript', 'Git', 'CSS', 'Автоматизация документооборота', 'REST API', 'Vue']"
Руководитель отдела Digital Marketing,HR-PROFI,,Более 6 лет,"['Маркетинговый анализ', 'Планирование маркетинговых кампаний', 'Медиапланирование', 'Google Analytics', 'Ведение переговоров']"
Lead PHP Developer (Magento 2),КОРУС Консалтинг,,От 3 до 6 лет,"['PHP', 'Git', 'ООП', 'Sphinx', 'Redis', 'Apache', 'MySQL', 'MVC', 'Magento', 'E-Commerce', 'magento 2']"
Ведущий системный администратор,Переводческая компания ТРАНСТЕХ,,От 3 до 6 лет,[]
Data Scientist (CLTV),Сбербанк,,От 1 года до 3 лет,[]
Product Owner/ Владелец IT продукта (E-Commerce),КОРУС Консалтинг,,От 3 до 6 лет,"['Agile Project Management', 'Управление проектами', 'Product Management', 'Atlassian Jira', '1С-Битрикс', 'Trello', 'E-Commerce', 'SaaS', 'Project management', 'Управление продуктом', 'Разработка нового продукта', 'Креативность', 'Ориентация на результат', 'Ориентация на клиента', 'Творческое мышление', 'Работа с большим объемом информации']"
Программист 1С,Альт,,От 3 до 6 лет,"['1С программирование', '1С: Документооборот', 'Творческое мышление', 'Удаленная работа']"
Front-end Developer,Stellarbit,149334.0,От 3 до 6 лет,"['Git', 'JavaScript', 'HTML5', 'Английский язык', 'CSS3', 'Vue.JS']"
ASO-менеджер,Реклайн,,От 1 года до 3 лет,"['Mac Os', 'Поисковые системы', 'Google Docs', 'ASO', 'iOS', 'Android']"
Менеджер по продажам B2B,LCG Recruiting,90000.0,От 3 до 6 лет,"['B2B Продажи', 'Поиск и привлечение клиентов', 'Ведение переговоров', 'Активные продажи', 'Работа в команде']"
Ведущий системный администратор / Системный инженер,ПрофИнфоСервис,80000.0,От 3 до 6 лет,"['Администрирование серверов Windows', 'Active Directory', 'Mikrotik', 'Hyper-V', 'VMware', 'VPN', 'Администрирование сетевого оборудования', 'DHCP', 'Zabbix', 'MS Exchange', 'Asterisk', 'Cisco']"
QA тестировщик,Реклайн,80000.0,От 1 года до 3 лет,"['Функциональное тестирование', 'Регресионное тестирование', 'SQL', 'JavaScript']"
Senior Frontend developer,Реклайн,180000.0,От 3 до 6 лет,"['JavaScript', 'CSS', 'Vue.js', 'React.js']"
C# разработчик (Можно удаленно),JAM.ME,120000.0,От 3 до 6 лет,"['Mango DB', 'ASP.NET', 'AngularJS', 'NLog', 'NUnit', 'Node.js', 'Git', 'MS SQL']"
SAP S/4HANA Planning (PP/DS) Consultant,ТДИТ,,От 1 года до 3 лет,[]
3D-дизайнер,LCG Recruiting,130500.0,От 1 года до 3 лет,"['CorelDRAW', '3D Моделирование', 'Adobe Photoshop', 'Blender 3D', '3ds Max', '3D Studio Max', '3D-графика', 'Corel Draw', 'Рисунок', '3D печать', '3D']"
Frontend разработчик,Промэкспертиза,,От 1 года до 3 лет,"['Frontend', 'Angular', 'Rest API', 'SOAP']"
Инженер технической поддержки,ПЭРКо,45000.0,От 1 года до 3 лет,"['Техническая поддержка', 'Деловое общение', 'Консультирование']"
Digital-маркетолог,pompa -женская одежда,,От 3 до 6 лет,"['Таргетинг', 'Грамотность', 'Digital Marketing', 'Контекстная реклама', 'Работа с системами аналитики', 'Ретаргетинг', 'Ориентация на результат', 'Яндекс.Метрика', 'MyTarget', 'Google Analytics', 'оптимизация рекламных кампаний', 'Аналитика', 'Таргетированная реклама', 'ROI', 'Google Ads']"
3D Artist,CyberDrone,,От 1 года до 3 лет,"['Houdini', 'Английский язык', 'Adobe Photoshop', 'Анимация', '3D-графика']"
Team-lead по разработке (Руководитель группы разработки),Уникальные технологии,80000.0,Нет опыта,"['Git', 'MySQL', 'Работа с базами данных', 'Умение работать в коллективе', 'Gitlab']"
Аналитик Python (senior),Диплей,,От 3 до 6 лет,"['pandas', 'numpy']"
Node.js разработчик,Диплей,,От 3 до 6 лет,"['Умение работать в команде', 'Node.js', 'backend']"
Java ETL Developer,Диплей,,От 3 до 6 лет,"['PostgreSQL', 'Python', 'Английский язык', 'Java', 'ООП']"
Sales Manager,CyberDrone,,От 1 года до 3 лет,"['Английский язык', 'Грамотная речь', 'Работа в команде', 'Активные продажи', 'Телефонные переговоры']"
Оператор-наладчик / инженер-программист станков с ЧПУ,Геоскан,,От 3 до 6 лет,"['Станки ЧПУ', 'Написание управляющих программ']"
Руководитель IT проекта / IT Project manager,Инлайн Профешнл,140000.0,От 1 года до 3 лет,"['Управление проектами', 'Аналитическое мышление', 'Навыки переговоров', 'Планирование', 'Системное мышление', 'Redmine', 'Постановка задач разработчикам', 'Agile']"
Руководитель филиала (обособленное подразделение),АК-МТ-ЦФО,,От 3 до 6 лет,"['Организаторские навыки', '1C: Предприятие', 'Высшее образование', 'Умение работать в условиях многозадачности', 'Эффективность', 'Контроль автотранспорта', 'Управление автоколонной', 'Руководство коллективом']"
Ресурсный менеджер,Emphasoft,,От 3 до 6 лет,[]
"Web-разработчик (Node.js, React)",BeeJee,59733.0,От 1 года до 3 лет,"['JavaScript', 'React', 'Node.js']"
Копирайтер с навыками seo,РБХ,55700.0,От 1 года до 3 лет,"['Грамотность', 'Грамотная речь', 'Копирайтинг', 'SEO-копирайтинг', 'E-Commerce', 'Маркетплейсы', 'Подбор ключевых слов', 'Написание текстов', 'Продающие тексты', 'Умение работать в команде']"
Сервисный инженер / Мастер по ремонту техники Apple (м.Петроградская),MacLab,60000.0,От 1 года до 3 лет,"['Умение работать в команде', 'Техническое обслуживание', 'Консультирование', 'Клиентоориентированность', 'Mac Os', 'iOS', 'Работа с клиентами', 'Mac Software']"
QA Lead,Creative Mobile,,От 1 года до 3 лет,"['Тестирование', 'Обеспечение качества']"
Middle/Senior Backend (Node.js) Software Developer,"Flow Health, Inc",224001.0,От 1 года до 3 лет,"['Английский язык', 'Node.js', 'NoSQL']"
Backend developer,"АТОЛ, группа компаний",,От 3 до 6 лет,"['Java', 'Kotlin', 'SQL']"
Дизайнер презентаций / Презентолог,LapinGroup,,От 1 года до 3 лет,"['Работа в команде', 'Копирайтинг', 'Рерайтинг', 'Грамотность', 'Графический дизайн', 'Создание презентационных материалов о компании', 'Высокий уровень самоорганизации']"
Мастер по ремонту холодильников,Фаустов Михаил Валерьевич,85000.0,Нет опыта,"['Гарантийное обслуживание', 'Умение общаться с людьми', 'Ремонт бытовой техники', 'Навыки работы с возражениями', 'Материальная ответственность', 'Навыки продаж', 'Желание работать и зарабатывать', 'Обучаемость', 'Адекватность', 'Отчетность', 'Работа с людьми', 'Грамотная речь', 'Работа в команде']"
Middle Java Backend Developer,ABROAD BUSINESS SERVICES,149334.0,От 3 до 6 лет,"['Java', 'Английский язык', 'REST', 'Docker', 'GraphQL', 'Python']"
Выпускающий редактор,WebMasters Russia,,От 1 года до 3 лет,"['Adobe Illustrator', 'Английский язык', 'CorelDRAW', 'Adobe Photoshop', 'Грамотная речь']"
Lead Node.js разработчик для EPAM Anywhere,"EPAM Systems, Inc.",,От 3 до 6 лет,"['Node.js', 'TypeScript', 'AWS', 'Лидерство', 'SDLC']"
Wireless Site Engineer (Сайт Инженер) в Брянск,ZTE Corporation,,От 3 до 6 лет,[]
Wireless Site Engineer (Сайт Инженер) в Оренбург,ZTE Corporation,,От 3 до 6 лет,[]
Middle+ / Senior Frontend-разработчик (Angular 12+),ТетраСофт,,От 1 года до 3 лет,"['JavaScript', 'CSS', 'HTML', 'Angular2+']"
Machine Learning Developer,WebMasters Russia,,От 1 года до 3 лет,"['Python', 'Git', 'SQL', 'Аналитическое мышление', 'Machine Learning', 'NoSQL']"
Machine Learning Developer,WebMasters Russia,,От 1 года до 3 лет,"['Python', 'Git', 'SQL', 'Аналитическое мышление', 'Machine Learning', 'NoSQL']"
Middle Frontend developer,ABROAD BUSINESS SERVICES,,От 3 до 6 лет,"['Angular', 'JavaScript', 'Bootstrap', 'HTML', 'Webpack', 'REST API', 'UI/UX', 'Agile Project Management', 'Scrum', 'Git', 'Английский язык']"
Руководитель регионального представительства,ВижнЛабс (VisionLabs),200000.0,От 1 года до 3 лет,"['Управление продажами', 'Развитие продаж', 'Ведение переговоров', 'Навыки продаж', 'Деловая коммуникация']"
Delivery/Project manager,Kosmos,,От 3 до 6 лет,"['Работа в команде', 'Тайм-менеджмент', 'Agile Project Management', 'Scrum', 'Управление эффективностью', 'Работа с людьми', 'Управление временем', 'Организаторские навыки', 'Управление проектами']"
Ученик мастера по ремонту холодильников,Фаустов Михаил Валерьевич,80000.0,Нет опыта,"['Гарантийное обслуживание', 'Умение общаться с людьми', 'Ремонт бытовой техники', 'Навыки работы с возражениями', 'Материальная ответственность', 'Навыки продаж', 'Желание работать и зарабатывать', 'Обучаемость', 'Адекватность', 'Отчетность', 'Работа с людьми', 'Грамотная речь', 'Работа в команде']"
Middle Mobile-QA Engineer,СимбирСофт,,От 1 года до 3 лет,"['SQL', 'Тестирование', 'Работа с базами данных', 'Xcode', 'SOAP', 'API']"
Junior PHP Developer,Новые Технологии,50000.0,От 1 года до 3 лет,"['Git', 'MVC', 'Английский язык', 'SQL', 'PHP']"
Сетевой администратор,Филберт,,Нет опыта,"['TCP/IP', 'Windows Os', 'Корпоративная этика', 'Сетевые технологии', 'OSI']"
"Middle Java Engineer в команду ""Образование""",Haiku Dev,,От 3 до 6 лет,"['Git', 'Spring Framework', 'Java', 'Maven', 'Gradle', 'JUnit']"
Business/System Analyst,ARRIVAL LTD,,От 3 до 6 лет,"['UML', 'XML', 'JSON API', 'BPMN']"
Ученик мастера по ремонту стиральных машин,Фаустов Михаил Валерьевич,80000.0,Нет опыта,"['Гарантийное обслуживание', 'Умение общаться с людьми', 'Ремонт бытовой техники', 'Навыки работы с возражениями', 'Материальная ответственность', 'Навыки продаж', 'Желание работать и зарабатывать', 'Обучаемость', 'Адекватность', 'Отчетность', 'Работа с людьми', 'Грамотная речь', 'Работа в команде']"
DevOps Engineer,Zion Development,,От 1 года до 3 лет,"['Docker', 'Linux', 'CI/CD', 'Kubernetes', 'Bash', 'Gitlab']"
Старший инженер по нагрузочному тестированию,Integrity Solutions,,От 3 до 6 лет,['Нагрузочное тестирование']
IOS Developer,Sphere Consulting,,От 3 до 6 лет,"['Swift', 'Английский язык', 'iOS', 'Mac Os', 'Time management']"
Java-разработчик,Тимлид,100000.0,От 3 до 6 лет,"['SQL', 'XML', 'HTML', 'Java', 'Английский язык']"
Менеджер по работе с клиентами,Restoclub.ru,70000.0,От 3 до 6 лет,"['работа с текущей базой клиентов', 'B2B Продажи', 'Прямые продажи', 'Ведение переговоров']"
Менеджер по продажам цифровых продуктов,ЭР-Телеком,80000.0,От 1 года до 3 лет,"['Активные продажи', 'Работа с возражениями', 'Работа в команде', 'Навыки продаж', 'Поиск и привлечение клиентов', 'B2B Продажи', 'B2B', 'работа с текущей базой клиентов', 'Оценка потребностей клиентов', 'Опыт продаж', 'Продажи', 'проведение переговоров с первыми лицами компании', 'Работа с юридическими лицами']"
Team Lead (C#/.NET) | Remote or Relocation,C Teleport,252300.0,От 3 до 6 лет,"['C#', '.NET Framework', 'Git', 'docker', 'MongoDB', 'Redis', 'restful api', 'NoSQL', '.net core', 'Английский язык']"
Региональный менеджер по работе с ключевыми клиентами,ЭР-Телеком,80000.0,От 1 года до 3 лет,"['Ведение переговоров', 'B2B Продажи', 'Телефонные переговоры', 'Работа с юридическими лицами']"
Менеджер отдела продаж по работе с ключевыми клиентами,ЭР-Телеком,70000.0,От 1 года до 3 лет,"['Активные продажи', 'Ведение переговоров', 'Навыки продаж', 'Поиск и привлечение клиентов']"
Менеджер по продажам B2B,ЭР-Телеком,80000.0,От 1 года до 3 лет,"['Ведение переговоров', 'B2B Продажи', 'Телефонные переговоры', 'Работа с юридическими лицами']"
Product Designer,igooods,100000.0,От 3 до 6 лет,"['Проектирование пользовательских интерфейсов', 'Прототипирование', 'Разработка интерфейсов', 'Дизайн продукта', 'UI/UX дизайн', 'Исследование пользователя', 'Figma Design']"
Middle developer,Mobiblis,59733.0,От 1 года до 3 лет,"['MySQL', 'Java Script', 'Vkontakte Api', 'Yandex Maps API', 'PyCharm']"
Системный администратор,МАПАЯ,65000.0,От 3 до 6 лет,"['Администрирование сетевого оборудования', 'Администрирование серверов Windows', 'Системы видеонаблюдения', 'Настройка сетевых подключений', 'TCP/IP', 'Настройка DNS', 'Настройка ПК', 'Техническая поддержка', 'ip телефония']"
"Руководитель группы, Team Lead",Обуховский завод,,От 3 до 6 лет,"['SQL', 'Аналитические способности', 'Умение работать в команде', 'Oracle 12', 'Oracle Pl/SQL', 'Управление проектами', 'Управление командой', 'Управление качеством', 'Оперативное планирование', 'ERP']"
"Специалист по сопровождению ПО, Junior/Middle Software Support Engineer",Обуховский завод,,От 1 года до 3 лет,"['Oracle Pl/SQL', 'ORACLE', 'ERP', 'Service Desk', 'Умение работать в команде', 'Консультирование пользователей']"
"Инженер-программист PL/SQL, Middle Oracle PL/SQL Developer",Обуховский завод,,От 1 года до 3 лет,"['Oracle Pl/SQL', 'SQL', 'ORACLE', 'Работа с базами данных', 'Oracle 12', 'Оптимизация запросов']"
"Главный специалист, Senior Software Support Engineer",Обуховский завод,,От 3 до 6 лет,"['Oracle Pl/SQL', 'ERP', 'Документальное сопровождение', 'Умение работать в команде', 'ORACLE', 'Внедрение информационных систем', 'Аналитические способности']"
Системный администратор,Катрен НПК,60000.0,От 1 года до 3 лет,[]
Заместитель руководителя IT отдела,Медицинский холдинг МЕДИКА,,От 3 до 6 лет,[]
Системный администратор,GrowFood,60030.0,От 1 года до 3 лет,"['Администрирование сетевого оборудования', 'DHCP', 'Настройка DNS', 'VPN', 'Администрирование серверов Windows', 'mikrotik']"
Ведущий инженер-программист 1С,AKRON HOLDING,,От 1 года до 3 лет,"['1С: Бухгалтерия', '1С: Управление предприятием', 'ERP', '1С: Документооборот', '1С: Управление Производственным Предприятием']"
Администратор сопровождения автоматизированных систем,Сбербанк,,Нет опыта,[]
Senior Android Developer,Borzo,280000.0,От 1 года до 3 лет,"['Java', 'Android', 'Mobile Development', 'Kotlin']"
Senior PHP Developer,Borzo,270000.0,От 3 до 6 лет,"['PHP 8.0', 'MariaDB', 'Redis', 'Golang', 'Kotlin', 'Docker', 'k8s', 'MySQL', 'SQL']"
Проектировщик АСУ ТП,"Эра-Кросс, группа компаний",70000.0,Нет опыта,"['AutoCAD', 'Автоматизированное рабочее место (АРМ)', 'Проектная документация', 'Разработка проектной документации', 'Автоматизация']"
Site reliability engineer (SRE),SberTech,,От 1 года до 3 лет,[]
Head of Internal Automatisation,Karuna,,От 1 года до 3 лет,[]
Head of Internal Automatisation,Karuna,,От 1 года до 3 лет,[]
Kotlin Backend Developer,Wargaming St. Petersburg (Lesta Studio),,От 1 года до 3 лет,[]
Senior Java Backend Developer,Wargaming St. Petersburg (Lesta Studio),,От 3 до 6 лет,[]
Java Backend Developer,Wargaming St. Petersburg (Lesta Studio),,От 1 года до 3 лет,[]
Python Fullstack Разработчик,Wargaming St. Petersburg (Lesta Studio),,От 3 до 6 лет,"['JavaScript', 'Python', 'HTML5', 'Git', 'CSS', 'Vue Js']"
"Специалист, инженер технической поддержки / системный администратор",МАКС ТРАСТ,55000.0,От 1 года до 3 лет,"['Настройка ПК', 'Настройка ПО', 'Настройка сетевых подключений', 'Сборка ПК', 'Администрирование сетевого оборудования', 'Настройка сетевого оборудования', 'Работа с оргтехникой', 'Microsoft Office', 'Техническая поддержка', 'Администрирование Windows', 'Продвинутый пользователь ПК', 'Работа в условиях многозадачности']"
"Управляющий IT-проектами, аналитик",Элитные квартиры,69600.0,От 1 года до 3 лет,"['Agile Project Management', 'Atlassian Jira', 'CRM', 'Управление проектами', 'Мотивация', 'Управление командой', 'Постановка задач разработчикам', 'Стратегическое мышление', 'Управление процессами', 'Расстановка приоритетов']"
Frontend-разработчик (React),Okko,,От 3 до 6 лет,"['JavaScript', 'TypeScript', 'React']"
Младший консультант (стажёр) по внедрению и поддержке системы SAP (Cash Management and Treasury),ТДИТ,,От 1 года до 3 лет,"['SAP', 'SAP FI', 'SAP CM', 'SAP TRM', 'SAP FSCM', 'S/4HANA']"
C# Developer in QA,Veeam Software,,От 3 до 6 лет,"['C#', 'Virtualization', 'VMware', 'selenium webdriver', 'SQL', 'TeamCity', 'gitlab']"
Developer in QA,Veeam Software,,От 1 года до 3 лет,"['Python', 'C#', 'Java', 'C++']"
Специалист технической поддержки,Мед ИТ-Решения,,Нет опыта,"['Разработка технических заданий', 'Грамотная речь', 'Информационные технологии', 'Системное мышление']"
Lead DevOps Engineer,Betby,,От 3 до 6 лет,"['Linux', 'Python', 'Shell Scripting', 'Kubernetes', 'Bash', 'Debian', 'Zabbix', 'PostgreSQL']"
Full-Stack Ruby on Rails Developer,Toughbyte,162400.0,От 3 до 6 лет,[]
Младший инженер по качеству ПО / Junior QA Engineer (стажёр),Veeam Software,80000.0,Нет опыта,[]
ASO маркетолог,ГрузовичкоФ,60000.0,От 1 года до 3 лет,"['SWOT анализ', 'Анализ поведения пользователей', 'Beta-тестирования', 'Google Analytics', 'Mobile Marketing']"
"Интернет-маркетолог (Аудит, юриспруденция)",Группа BLcons,,От 3 до 6 лет,"['Контекстная реклама', 'SMM', 'WEB аналитика', 'Ведение групп в социальных сетях', 'Internet Marketing']"
Программист ELMA,РетнНет,,От 1 года до 3 лет,"['ELMA', 'C#', 'SQL', 'Английский язык', 'Python', 'Perl', 'HTML']"
Программист станков с ЧПУ NX,Кингисеппский Машиностроительный завод,80000.0,От 1 года до 3 лет,['Умение работать в коллективе']
Техник (регулировщик СВЧ),АО ЗАСЛОН,49000.0,От 3 до 6 лет,"['Пуско-наладочные работы', 'Знание принципов работы радиолокационной аппаратуры, СВЧ-устройств', 'Опыт работы с высокотехнологичным радиоизмерительным и электроизмерительным оборудованием']"
Менеджер по телефонным продажам (образовательные продукты),xHuman Sales,34800.0,От 1 года до 3 лет,"['Холодные продажи', 'Активные продажи', 'Грамотная речь', 'Ведение переговоров', 'Телефонные переговоры']"
Junior QA Engineer,Shelfmatch Robotics,,От 1 года до 3 лет,"['Python', 'SQL', 'Тестирование', 'QA', 'Нагрузочное тестирование', 'Ручное тестирование']"
C# Developer,Developer Soft,156600.0,От 1 года до 3 лет,"['C#', 'WPF']"
Менеджер по продажам ИТ-решений (направление КЦ),НТЦ АРГУС,80000.0,От 1 года до 3 лет,"['B2B Продажи', 'CRM', 'Ведение переговоров', 'Проведение презентаций', 'Деловое общение']"
Разработчик отчетных систем,Совкомбанк Технологии,,От 3 до 6 лет,"['Oracle Pl/SQL', 'SQL', 'OracleBI', 'SAP BusinessObjects', 'APEX']"
Менеджер проекта,"ЭТМ, компания",65000.0,От 1 года до 3 лет,"['Ведение переговоров', 'Управление проектами', 'Деловое общение', 'Телефонные переговоры', 'Проведение презентаций']"
Ведущий консультант SAP MM/SD,Петербургский тракторный завод,,От 3 до 6 лет,[]
Ведущий специалист технологической подготовки производства,Петербургский тракторный завод,,От 1 года до 3 лет,[]
Программист CRM (Terrasoft BPM'Online/Creatio),Диалог ЭксИм,,От 1 года до 3 лет,"['Terrasoft CRM', 'BPMN', 'C#', 'ASP.NET', 'HTML', 'SVN', 'Java Script']"
Lead Node.js разработчик для for EPAM Anywhere,"EPAM Systems, Inc.",,От 3 до 6 лет,"['Node.js', 'TypeScript', 'AWS', 'Лидерство']"
Middle QA Specialist/Тестировщик игр,Helio Games,,От 1 года до 3 лет,"['Python', 'Функциональное тестирование', 'Test case', 'Тестирование', 'Bash']"
Технический писатель/Аналитик,СПб ГУП Санкт-Петербургский информационно-аналитический центр,,От 3 до 6 лет,[]
Тестировщик,М-Компани,34800.0,Нет опыта,"['Unit Testing', 'Модульное тестирование', 'Регресcионное тестирование', 'Нагрузочное тестирование', 'Функциональное тестирование', 'Тестирование пользовательского интерфейса', 'Test case', 'Тестирование']"
Frontend developer (Vue.js),DFA MEDIA,100000.0,От 1 года до 3 лет,"['CSS3', 'Webpack', 'Vue.js', 'Node.js', 'Git', 'JavaScript', 'Sass', 'Vuex', 'Nuxt.js', 'Vuetify', 'Vue', 'SPA', 'Nuxt', 'ES6']"
Senior Data Scientist (probabilistic modelling),Самокат (ООО Умное пространство),,От 3 до 6 лет,"['Tensorflow', 'Математическая статистика', 'Mathematical Statistics', 'Mathematical Modeling', 'Опытный пользователь ПК']"
"Разработчик Qlik Sense (Middle, Team Lead)",Клевер Солюшнс,120000.0,От 1 года до 3 лет,"['Оптимизация запросов', 'Анализ данных', 'Qlik', 'MS SQL Server', 'Работа с базами данных', 'ETL', 'Python Developer', 'SQL-разработчик', 'Анализ бизнес показателей', 'Python', 'Базы данных', 'Математический анализ', 'Организаторские навыки', 'Управление проектами', 'Qlik Sense', 'Математическое программирование', 'Расстановка приоритетов', 'Системная интеграция', 'Аналитическое мышление', 'Бизнес-анализ', 'СУБД', 'Работа с большим объемом информации']"
Руководитель службы поддержки сервисов,GS Group,,Более 6 лет,"['Cisco', 'Active Directory', 'Hyper-V', 'Управление проектами', 'Администрирование серверов Windows']"
Ведущий системный администратор (поддержка),GS Group,,От 3 до 6 лет,"['Cisco', 'Hyper-V', 'Active Directory', 'Администрирование серверов Windows', 'VMware']"
Специалист по разработке и поддержке сайтов,GS Group,,От 1 года до 3 лет,"['HTML', 'CSS', 'Adobe Photoshop', 'Figma', 'PHP']"
Системный администратор,Личи Рус,,От 1 года до 3 лет,['Техническая поддержка']
PHP-разработчик (Junior/Middle),Личи Рус,,От 1 года до 3 лет,"['PHP', 'MySQL']"
BI Developer/Consultant,Атос АйТи Солюшенс энд Сервисез,,От 1 года до 3 лет,"['Oracle Pl/SQL', 'Английский язык', 'SQL', 'Деловая переписка', 'Немецкий язык', 'ETL', 'DWH', 'Qlik Sense', 'ORACLE', 'Informatica Power Center', 'SAP Data Services', 'TOAD']"
Frontend JS / React developer разработчик,Skilla Бизнес-агрегатор,150000.0,От 1 года до 3 лет,"['JavaScript', 'Git', 'TypeScript', 'HTML5', 'React', 'Веб-программирование', 'React.js', 'Redux', 'Angular', 'Vue.js', 'GitHub', 'CSS3', 'Frontend']"
Veeam Backup for Salesforce Engineer,Veeam Software,,От 1 года до 3 лет,[]
HTML-верстальщик (Wordpress),Финансово-правовой альянс,80000.0,От 1 года до 3 лет,"['JavaScript', 'CMS Wordpress', 'CSS', 'Git', 'HTML']"
Программист С++,Визардсофт,60000.0,От 1 года до 3 лет,"['C++', 'STL', 'COM']"
Интернет-маркетолог (удаленно),Profilance Group (ИП Страмоусов Марк Петрович),80000.0,От 1 года до 3 лет,"['Копирайтинг', 'Email маркетинг', 'Информационные рассылки', 'Интернет-реклама', 'Яндекс.Метрика', 'Internet Marketing', 'Google Analytics', 'Управление интернет-проектами']"
Менеджер проектов / IT Project Manager,Клевер Солюшнс,80000.0,Нет опыта,"['Управление проектами', 'Agile Project Management', 'Организаторские навыки', 'PMBOK', 'MS Project', 'Project management', 'Анализ данных', 'Business intelligence', 'Проведение презентаций', 'Деловая переписка']"
Marketing Researcher,Swoo,,От 1 года до 3 лет,[]
Координатор обращений в Яндекс.Услуги,Яндекс,,От 1 года до 3 лет,[]
Разработчик 1С [id121351],Газпром нефть,,От 3 до 6 лет,"['1С программирование', 'Английский язык', '1С: Управление Торговлей', 'ERP-системы на базе 1С', '1С: Документооборот']"
Java Senior Developer (Platform V Dictionaries),SberTech,,От 3 до 6 лет,"['Java', 'Git', 'Spring Framework', 'PostgreSQL', 'ООП']"
Контент-менеджер,Мастер-ИТ,50000.0,От 1 года до 3 лет,"['HTML', 'CSS', '1С-Битрикс', 'Google AdWords', 'Написание текстов', 'Редактирование текстов', 'Грамотность', 'Интернет-реклама', 'Наполнение контентом']"
Инженер внедрения программно-аппаратных комплексов (Пассажирский транспорт),Сервисный центр Транстелематика,80000.0,От 1 года до 3 лет,"['Обучение и развитие', 'Схемотехника электронного оборудования', 'Внутренний контроль', 'Проведение тестирований', 'Cистемы управления базами данных', 'C++', 'Ethernet', 'RS-232', 'RS-485', 'CAN', '1-Wire', 'Embedded systems', 'СКУД', 'АСУД', 'Linux', 'Пассажирский транспорт', 'программно-аппаратные компалексы']"
Scrum Master / Agile Coach,Метр Квадратный,150000.0,От 3 до 6 лет,"['Работа в команде', 'Организаторские навыки', 'Scrum']"
Оператор службы поддержки в Яндекс.Услуги,Яндекс,,От 1 года до 3 лет,[]
Инженер внедрения информационно-управляющих систем,ИндаСофт,45500.0,Нет опыта,"['MS SQL', 'VBA', 'SQL', 'MS SQL Server', 'JavaScript', 'Ориентация на результат', 'ERP', 'OSIsoft', 'MS Visio', 'MS Excel']"
Консультант поддержки в Услуги,Яндекс,,От 1 года до 3 лет,[]
Консультант поддержки в Услуги,Яндекс,,От 1 года до 3 лет,[]
Linux System Administrator,IT X100,,От 1 года до 3 лет,"['Linux', 'Cisco']"
Senior Android Developer,HUAWEI,,От 1 года до 3 лет,"['Android SDK', 'Teamplayer', 'Business Development', 'Java', 'Kotlin', 'Android', 'MySQL']"
Промоутер-спамер,ЭР-Телеком,,Нет опыта,"['Умение работать в команде', 'активность']"
Аналитик данных продаж,ОРИМИ ТРЭЙД,,От 3 до 6 лет,"['MS PowerPoint', 'SQL', 'Статистический анализ', 'Прогнозирование', 'MS SQL', 'Анализ данных', 'Системное мышление', 'Olap (online analytical processing)', 'Отчетность', 'Подготовка презентаций', 'Работа с большим объемом информации', 'XYZ-анализ', 'Аналитическое мышление']"
Javascript Developer,Fntastic,,Нет опыта,[]
"Менеджер по работе с маркетплейсами (Ozon, Wildberries, Яндекс, AliExpress и другие)",Мирка Рус,56550.0,От 1 года до 3 лет,"['Маркетплейсы', 'Опытный пользовать ПК, знание MS Office', 'Грамотная письменная речь', 'Excel', 'Наполнение контентом', 'Электронная коммерция', 'Настройка акций на маркетплейсах', 'Продвижение товаров на маркетплейсах', 'Сводные таблицы']"
Project Manager,Zillion Whales,,От 3 до 6 лет,"['Atlassian Jira', 'Работа в команде', 'Управление командой', 'Деловая коммуникация', 'Многозадачность']"
Unreal Engine Developer,Fntastic,,Нет опыта,[]
Проектировщик слаботочных систем,Спетэк,70000.0,От 1 года до 3 лет,"['AutoCAD', 'MS Visio', 'проектирование СКС']"
Менеджер отдела продаж,Skilla Бизнес-агрегатор,90000.0,Нет опыта,"['Консультирование клиентов по телефону', 'Навыки продаж', 'Навыки презентации', 'Работа с возражениями']"
Разработчик backend,Клемешов Александр Евгеньевич,,От 1 года до 3 лет,"['Работа в команде', 'Python', 'Django Framework', 'Git', 'PHP', 'Atlassian Jira', 'Wagtail', 'Laravel', 'October', 'PostgreSQL']"
Мастер,Кировский завод,,Нет опыта,[]
Менеджер по продажам (B2B),Простор Телеком,60000.0,Нет опыта,[]
DevOps Engineer,Дженстек,,От 1 года до 3 лет,[]
Golang developer (Synapse),SberTech,,От 1 года до 3 лет,"['Docker', 'Управление проектами', 'Kubernetes', 'Обучение и развитие', 'Golang']"
Full Stack Developer (React\Node.js),СофтМедиаЛаб,,От 3 до 6 лет,"['React.js', 'JavaScript', 'Node.js', 'Bootstrap', 'socket.io', 'TypeScript', 'React Native']"
Тестировщик web-приложений,МКК ТВОЙ.КРЕДИТ,,От 3 до 6 лет,"['Тестирование пользовательского интерфейса', 'Тестирование', 'Функциональное тестирование', 'SQL', 'Atlassian Jira']"
Middle+ NodeJs/Javascript Developer,Lanck Telecom,,От 3 до 6 лет,"['JavaScript', 'ReactJS', 'TypeScript', 'Node.js', 'MongoDB', 'PostgreSQL']"
Разработчик ETL/DWH на стеке Microsoft,TietoEVRY,,От 1 года до 3 лет,"['SQL', 'MS SQL', 'SSIS', 'ETL', 'Business intelligence', 'DWH']"
Ruby developer,NAUMEN,,От 1 года до 3 лет,"['Ruby On Rails', 'Ruby', 'Разработка нового продукта']"
Senior Kotlin Developer (Cloud),ALM Works,300000.0,От 3 до 6 лет,"['Java', 'kotlin']"
Системный администратор,Ай Ти без проблем,45000.0,От 1 года до 3 лет,[]
Автоматизатор QA,АЙТИ ТЕСТ,100000.0,От 1 года до 3 лет,"['Git', 'SQL', 'Java', 'Python', 'Английский язык', 'Test case', 'Check-list', 'Регресcионное тестирование', 'Функциональное тестирование', 'Управление проектами']"
Программист 1С ЗУП,Морозко,,От 1 года до 3 лет,"['1С: Зарплата и управление персоналом', '1С программирование', '1С: Предприятие 8', 'Разработка технических заданий', 'Разработка инструкций', 'Постановка задач разработчикам', 'Обновление конфигурации 1С', 'Создание конфигурации 1С', 'Обучение пользователей', 'Написание ТЗ', 'Сопровождение ПО']"
"Cпециалист-монтажник слаботочных систем (установка антенн 3G-4G, видеонаблюдения)",БРК Техника,50000.0,От 1 года до 3 лет,"['Прокладка кабелей', 'Монтаж оборудования', 'Системы видеонаблюдения', 'Производство строительно-монтажных работ', 'Системы охранно-тревожной сигнализации', 'Электрические системы и слаботочные системы', 'Пользователь ПК', 'спутниковое телевидение', 'Монтаж антенн']"
Менеджер по продажам компьютерной техники,Профессиональные информационные технологии,100000.0,Нет опыта,"['Ведение переговоров', 'Работа с возражениями', 'Проведение презентаций', 'Развитие продаж', 'Информационные технологии', 'Продажи через дистрибьюторов', 'Пользователь ПК', 'B2B Продажи', 'Подготовка коммерческих предложений', 'Корпоративные продажи', 'Ведение клиентской базы', 'Холодные продажи']"
Senior Node.js разработчик для EPAM Anywhere,"EPAM Systems, Inc.",,От 3 до 6 лет,"['Node.js', 'TypeScript', 'AWS', 'Работа в команде']"
Бизнес-аналитик 1С (крупная строительная компания),AVRIO Group Consulting,,От 1 года до 3 лет,"['Аналитическое мышление', 'Постановка задач разработчикам', 'Разработка инструкций', 'Бизнес-анализ', 'SQL']"
Менеджер по продажам комплексных ИТ решений/ Директор по развитию бизнеса,Ай-Теко (I-Teco),,От 1 года до 3 лет,"['Ведение переговоров', 'Подготовка коммерческих предложений', 'Телефонные переговоры', 'Активные продажи', 'Деловая переписка', 'Поиск и привлечение клиентов', 'переговоры с первыми лицами компаний']"
Инженер по тестированию,АЙТИ ТЕСТ,80000.0,От 1 года до 3 лет,"['QA', 'Тестирование пользовательского интерфейса', 'Регресcионное тестирование', 'Тестирование', 'Модульное тестирование', 'Нагрузочное тестирование']"
Golang developer (Цитадель),SberTech,150000.0,От 1 года до 3 лет,"['Linux', 'Docker', 'Python', 'Git', 'PostgreSQL']"
Flutter разработчик,Сodexoptimus,200000.0,От 3 до 6 лет,"['iOS', 'Android', 'Flutter', 'REST API']"
2D-Artist / 2D-художник,Matryoshka Games,50000.0,Нет опыта,"['Casual арт', 'GameDev']"
Консультант по услугам связи (удаленно),Билайн,26100.0,Нет опыта,[]
3D художник/LevelArtist,Wargaming St. Petersburg (Lesta Studio),,От 1 года до 3 лет,[]
Web-разработчик,LCG Recruiting,113100.0,От 3 до 6 лет,"['Git', 'JavaScript', 'MySQL', 'PHP', 'ООП', 'React', 'REST', 'Frontend', 'SQL', 'GitHub', 'Unix', 'HTML/CSS', 'HTML', 'CSS', 'HTML5', 'JS', 'Java Script', 'Rkeeper']"
Системный аналитик,LCG Recruiting,78300.0,От 1 года до 3 лет,"['BPMN', 'UML', 'SQL', 'Системный анализ', 'Бизнес-анализ', 'REST', 'API', 'JSON API', 'Бизнес-моделирование', 'Agile', 'Scrum', 'JSON', 'Figma']"
Инженер-электроник,СПбЭК- Майнинг,,От 1 года до 3 лет,"['Схемотехника электронного оборудования', 'Eclipse', 'Управление производством', 'P-CAD', 'MS Visual Studio']"
QA Automation Engineer в команду СloudBeaver,Райдер софт,120000.0,От 1 года до 3 лет,"['Тестирование', 'QA', 'Check-list', 'Автоматизация тестирования', 'Анализ требований', 'SQL', 'Базы данных', 'Gitlab', 'Проведение тестирований', 'Scrum', 'Английский язык', 'Slack', 'CI']"
Менеджер по продажам,LCG Recruiting,60900.0,От 1 года до 3 лет,"['Пользователь ПК', 'Работа в команде', 'Грамотная речь', 'Активные продажи', 'Деловое общение', 'B2B Продажи', 'Прямые продажи', 'Выявление потребностей', 'Работа в CRM', 'исходящие звонки', 'Навыки презентации', 'B2B', 'Нацелен на результат']"
Тестировщик веб-приложений,Пакт,60000.0,От 1 года до 3 лет,"['CRM', 'Деловая коммуникация', 'Test case', 'Тестирование', 'Тестирование пользовательского интерфейса', 'Atlassian Jira', 'QA', 'amoCRM']"
Middle Python developer (релокация в Сочи),Колл-Тулз,150000.0,От 1 года до 3 лет,"['Python', 'jQuery', 'PostgreSQL', 'Django Framework', 'Nginx', 'SQL']"
Программист,КОННЕКТИВ ПЛМ,,Более 6 лет,"['Английский язык', 'Информационные технологии', 'Teamcenter', 'C++', 'C#', 'tcl', 'Java', '.Net', 'SQL']"
Специалист по работе с клиентами,SkyNet,39150.0,Нет опыта,"['Телефонные переговоры', 'Деловое общение', 'Грамотная речь', 'Пользователь ПК', 'работа с текущей базой клиентов', 'входящие звонки', 'Клиентоориентированность', 'Ведение переговоров', 'Работа с большим объемом информации', 'Работа в команде']"
СЕО-специалист,РПО,34800.0,Нет опыта,[]
Вечерний менеджер,SkyNet,34800.0,Нет опыта,"['Прямые продажи', 'Ведение переговоров', 'Активные продажи', 'Развитие продаж', 'Проведение презентаций', 'Деловое общение', 'Работа в команде', 'Заключение договоров', 'Навыки презентации', 'Навыки продаж', 'Начинающий специалист', 'Пользователь ПК', 'Грамотная речь']"
IOS/Android разработчик с опытом в Unity,Itransition,,От 1 года до 3 лет,"['Java', 'Английский язык', 'Design Patterns', 'Teambuilding', 'Unit Testing']"
Начинающий специалист,SkyNet,39150.0,Нет опыта,"['Прямые продажи', 'Ведение переговоров', 'Активные продажи', 'Планирование продаж', 'Развитие продаж', 'Проведение презентаций', 'Пользователь ПК', 'Работа в команде', 'Заключение договоров', 'Навыки презентации', 'Навыки продаж', 'Грамотная речь']"
Программист 1С,Северная Каролина,,От 1 года до 3 лет,"['1С: Бухгалтерия', '1С: Зарплата и управление персоналом', '1С: Предприятие 8', '1C: Управление торговлей', '1С программирование', 'Создание конфигурации 1С', 'Оптовая торговля']"
Специалист технической поддержки,SkyNet,39150.0,Нет опыта,"['TCP/IP', 'Пользователь ПК', 'Настройка сетевых подключений', 'Грамотная речь', 'Прием и распределение телефонных звонков', 'Настройка DNS', 'Консультирование клиентов по телефону', 'Деловое общение', 'DHCP']"
Программист С++ / Client Core Developer,Wargaming St. Petersburg (Lesta Studio),,От 1 года до 3 лет,[]
Монтажник ЛВС (Приморский район),SkyNet,43500.0,Нет опыта,"['Ремонт ПК', 'Настройка сетевых подключений', 'Настройка ПО', 'Настройка ПК', 'Пользователь ПК', 'Грамотная речь', 'Прокладка кабелей', 'Работа с клиентами', 'Работа с документами']"
Монтажник ЛВС (Московский район),SkyNet,43500.0,Нет опыта,"['Грамотная речь', 'Пользователь ПК', 'Настройка ПК', 'Работа в команде', 'Настройка сетевых подключений', 'Internet', 'работа с физическими лицами', 'Монтаж оборудования', 'Опытный пользователь ПК', 'Работа с инструментом']"
Монтажник ЛВС (Красносельский район),SkyNet,43500.0,Нет опыта,"['Грамотная речь', 'Пользователь ПК', 'Настройка ПК', 'Работа в команде', 'Настройка сетевых подключений', 'Internet', 'работа с физическими лицами', 'Монтаж оборудования', 'Прокладка кабелей']"
Специалист технической поддержки (удаленно),SkyNet,39150.0,Нет опыта,"['TCP/IP', 'Пользователь ПК', 'Грамотная речь', 'Деловое общение', 'Прием и распределение телефонных звонков', 'Настройка DNS', 'Консультирование клиентов по телефону', 'DHCP']"
Support Engineer 3L (Functions),SberTech,120000.0,От 1 года до 3 лет,"['Linux', 'PostgreSQL', 'Git', 'Kubernetes', 'Docker']"
Программист-разработчик PHP,banki.shop,65250.0,От 1 года до 3 лет,"['PHP', 'HTML', 'JavaScript', 'MySQL', 'CSS', 'jQuery', 'yii2']"
Монтажник ЛВС (Василеостровский район),SkyNet,55000.0,Нет опыта,"['Прокладка кабелей', 'Техническое обслуживание', 'Настройка ПК', 'Стрессоустойчивость', 'Исполнительность', 'Ответственность', 'Настройка сетевых подключений', 'Коммуникабельность', 'Опытный пользователь ПК', 'Пунктуальность', 'Вежливая и доброжелательная манера общения', 'Грамотность', 'Монтаж оборудования', 'Грамотная речь']"
Монтажник ЛВС (Калининский район),SkyNet,47850.0,Нет опыта,"['Прокладка кабелей', 'Техническое обслуживание', 'Настройка ПК', 'Стрессоустойчивость', 'Исполнительность', 'Ответственность', 'Настройка сетевых подключений', 'Коммуникабельность', 'Опытный пользователь ПК', 'Пунктуальность', 'Вежливая и доброжелательная манера общения']"
Монтажник ЛВС (Выборгский район),SkyNet,47850.0,Нет опыта,"['Настройка ПК', 'Настройка сетевых подключений', 'Прокладка кабелей', 'Грамотная речь', 'Работа с людьми', 'Настройка оборудования', 'Монтаж оборудования', 'Пользователь ПК']"
Ведущий web-разработчик,Семицветик,,От 3 до 6 лет,"['MySQL', 'PHP', 'Управление персоналом', '1С-Битрикс', 'Организаторские навыки']"
Senior Data Analyst,Wargaming St. Petersburg (Lesta Studio),,Более 6 лет,"['Oracle Pl/SQL', 'SQL', 'Data Mining', 'Аналитические исследования', 'Статистический анализ', 'Аналитическое мышление', 'Анализ данных', 'Математический анализ', 'Аналитика', 'Cистемы управления базами данных', 'MS SQL Server', 'Python']"
Product Manager,B2Broker,180000.0,От 1 года до 3 лет,"['Разработка технических заданий', 'Аналитические исследования', 'Управление продуктом', 'руководство командой разработчиков']"
ИТ Бизнес-партнер,Север Минералс,,От 1 года до 3 лет,"['XML', 'SQL', 'MS SQL', 'Мобильность', 'AllFusion ERwin Data Modeler']"
Маркетолог по запуску онлайн-школы (удаленная работа),Profilance Group (ИП Страмоусов Марк Петрович),,От 1 года до 3 лет,"['Английский язык', 'Internet Marketing', 'Грамотность', 'Креативность', 'Организаторские навыки', 'Анализ рынка', 'Таргетинг']"
Разработчик баз данных (Oracle),Солит Клаудз,,От 3 до 6 лет,"['SQL', 'Big Data', 'ETL', 'Oracle Pl/SQL', 'ORACLE']"
Ведущий менеджер по коммерческим операциям (В2О),Ростелеком,,От 3 до 6 лет,"['Грамотная речь', 'Работа в команде', 'Клиентоориентированность', 'Ведение активных клиентов', 'Опыт ведения переговоров', 'Опыт в сфере продаж', 'Управление отношениями с клиентами', 'Проведение презентаций', 'Оценка потребностей клиентов', 'Выявление потребностей клиента']"
Менеджер по работе с ключевыми клиентами (В2О),Ростелеком,,От 3 до 6 лет,"['Грамотная речь', 'Работа в команде', 'Клиентоориентированность', 'Ведение активных клиентов', 'Опыт ведения переговоров', 'Опыт в сфере продаж', 'Управление отношениями с клиентами', 'Проведение презентаций', 'Оценка потребностей клиентов', 'Выявление потребностей клиента']"
Контент-менеджер в Инстаграм (офис),RoseMarkt,50000.0,Нет опыта,"['Грамотность', 'Деловое общение', 'Многозадачность', 'Инстаграм', 'Составление контент-плана', 'Желание зарабатывать', 'Грамотная речь и письмо', 'Сосредоточенность', 'Работа в команде', 'Позиционирование бренда']"
Специалист технической поддержки 1С,Группа компаний Востокхимволокно,65000.0,От 1 года до 3 лет,"['ERP-системы на базе 1С', '1С: Бухгалтерия', '1С: Зарплата и управление персоналом', 'Техническая поддержка', 'Helpdesk', 'Консультирование', '1С: Управление Торговлей', '1С: Управление Производственным Предприятием', '1С: Комплексная автоматизация']"
Мастер по ремонту газового оборудования,Вервекс Энерджи,55000.0,От 1 года до 3 лет,"['Охрана труда и техника безопасности', 'Контроль исправности оборудования', 'Точность и внимательность к деталям', 'Умение работать в коллективе']"
PHP-разработчик,СПб ГУП Санкт-Петербургский информационно-аналитический центр,,От 1 года до 3 лет,"['PHP', 'Git', 'MongoDB', 'TypeScript', 'PostgreSQL']"
Frontend-разработчик,СПб ГУП Санкт-Петербургский информационно-аналитический центр,,От 1 года до 3 лет,"['JavaScript', 'Redux', 'Git', 'React', 'CSS3']"
PHP Developer. Remote.,CyberZilla,145000.0,От 3 до 6 лет,"['Laravel', 'PHP', 'Git', 'MySQL', 'JavaScript', 'Middle']"
"Специалист в Call-сenter(удалённо, работа из дома)",Ozon,27840.0,Нет опыта,[]
Unity UI developer,Antifreeze Games,,От 1 года до 3 лет,"['Unity', 'C#', 'Разработка компьютерных Игр', 'UI', 'Unity UI']"
Unity программист (Senior),Antifreeze Games,,Более 6 лет,"['Английский язык', 'Unity', 'C#', 'SOLID', 'Odin']"
DevOps инженер,СПб ГУП Санкт-Петербургский информационно-аналитический центр,,От 1 года до 3 лет,"['PostgreSQL', 'Ansible', 'ELK', 'Git', 'Linux']"
Senior iOS developer,ЛИПТ Софт,,От 3 до 6 лет,[]
Ведущий Java разработчик,СПб ГУП Санкт-Петербургский информационно-аналитический центр,,От 3 до 6 лет,"['Spring Framework', 'Java', 'PostgreSQL']"
Senior Java/Kotlin developer,ЛИПТ Софт,,От 3 до 6 лет,"['Java', 'JavaScript']"
Системный аналитик,СПб ГУП Санкт-Петербургский информационно-аналитический центр,,От 1 года до 3 лет,"['Грамотная речь', 'Аналитическое мышление', 'Agile Project Management', 'Системный анализ', 'Бизнес-анализ']"
Java разработчик (full-stack),СПб ГУП Санкт-Петербургский информационно-аналитический центр,,От 1 года до 3 лет,"['Java', 'Spring Framework', 'Git', 'React', 'SQL', 'ООП', 'Spring Boot', 'full-stack']"
Инженер группы Support,СОЛВО,60000.0,От 1 года до 3 лет,[]
IOS разработчик,Сбербанк,,От 3 до 6 лет,[]
IOS разработчик,Сбербанк,,От 3 до 6 лет,[]
Android-developer,Сбербанк,,От 1 года до 3 лет,[]
Разработчик Android,Сбербанк,,От 1 года до 3 лет,[]
Android-developer,Сбербанк,,От 1 года до 3 лет,[]
Программист 1С,Формация,180000.0,От 3 до 6 лет,"['1С программирование', 'ERP', '1С: Зарплата и управление персоналом']"
Менеджер по работе с маркетплейсами,Supervent,50000.0,От 1 года до 3 лет,[]
Автор работ по бизнес-планированию,Homework,,Нет опыта,[]
Разработчик JS,"Северсталь, Москва",,От 1 года до 3 лет,"['Разработка ПО', 'JavaScript', 'SAPUI5', 'ABAP']"
Junior Java developer,Shelfmatch Robotics,,От 1 года до 3 лет,"['Spring Framework', 'ООП', 'REST', 'MySQL', 'Java']"
Аналитик данных,Солит Клаудз,,От 1 года до 3 лет,"['SQL', 'MS SQL', 'PostgreSQL', 'ORACLE', 'UML', 'BPMN']"
Оператор токарных станков с ЧПУ,Ленинградский Завод СпецКрепежа,50000.0,От 1 года до 3 лет,"['Пользователь ПК', 'MS Word']"
Middle Android разработчик (удаленно),ЭппКрафт,,От 1 года до 3 лет,"['Kotlin', 'Clean Architecture', 'RxJava', 'Retrofit', 'Android SDK', 'Dagger 2', 'MVVM', 'MVP', 'Coroutines']"
Специалист Центра Безопасности (со знанием английского),Цезарь Сателлит Северо-Запад,40000.0,Нет опыта,"['Английский язык', 'Деловое общение', 'Прием и распределение телефонных звонков', 'Пользователь ПК', 'Телефонные переговоры']"
Автоэлектрик / специалист установки тахографов и GPS/Глонасс систем,ГЛОНАСС-СЕРВИС,60000.0,От 1 года до 3 лет,"['Пользователь ПК', 'Монтаж оборудования', 'Выездное обслуживание', 'Ответственный подход к работе', 'Автоэлектрика', 'Системы видеонаблюдения', 'Обслуживание автотранспорта']"
Специалист технической поддержки,Цезарь Сателлит Северо-Запад,40000.0,От 1 года до 3 лет,"['Консультирование клиентов', 'Ведение отчетности', 'Техническая поддержка', 'Пользователь ПК', 'Грамотная речь', 'Грамотность']"
Инженер по сопровождению (DevOps),Солит Клаудз,,От 3 до 6 лет,"['Jenkins', 'Kubernetes', 'Docker', 'Java', 'Rancher']"
Инженер-программист/ Python Developer,YADRO,,От 1 года до 3 лет,"['Python', 'Linux', 'SQL', 'Django Framework']"
Ведущий менеджер по продажам,Цезарь Сателлит Северо-Запад,60000.0,От 3 до 6 лет,"['Работа с дебиторской задолженностью', 'Аналитика продаж', 'Активные продажи', 'Развитие продаж', 'Управление отношениями с клиентами', 'Ведение переговоров']"
Инженер по тестированию/ QA engineer,YADRO,,От 1 года до 3 лет,"['SQL', 'Linux', 'Bash']"
Менеджер по работе с клиентами,Цезарь Сателлит Северо-Запад,35000.0,От 1 года до 3 лет,[]
"Программист Delphi 2010 / XE5, XE8",Шутов Алексей Леонидович,15000.0,От 1 года до 3 лет,"['Delphi', 'Работа с базами данных']"
Системный аналитик,SSP SOFTWARE,,От 1 года до 3 лет,"['UML', 'BPMN', 'SQL', 'Java', 'Бизнес-анализ']"
SEO-специалист / Контекстолог / Директолог,Онлайн-типография PrintBroker,,Более 6 лет,"['SEO оптимизация', 'Яндекс.Метрика', 'Продвижение сайтов', 'Администрирование сайтов', 'Деловая коммуникация', 'Грамотная речь', 'Поисковая оптимизация сайтов', 'Internet Marketing', 'SEO', 'Внешняя оптимизация сайта', 'внутренний аудит сайта', 'Аудит поисковой видимости сайта', 'внешний аудит сайта', 'Анализ конкурентов', 'Анализ текущей ситуации']"
Ведущий инженер эксплуатации пакетной сети подвижной связи,МТС,67860.0,От 1 года до 3 лет,[]
Специалист по аренде площадок под объекты связи,МТС,,От 1 года до 3 лет,[]
Full stack разработчик,Шутов Алексей Леонидович,24000.0,От 1 года до 3 лет,[]
Монтажник РЭА и приборов,Эми - Прибор,30450.0,От 1 года до 3 лет,"['пайка, опыт работы с измерительными приборами (осциллограф, мультиметр)']"
PHP-программист YII2,Digital агентство Piarme,90000.0,От 3 до 6 лет,"['Git', 'ООП', 'MySQL', 'PHP', 'JavaScript']"
Программист C# (full-stack),Улыбка радуги,110000.0,От 3 до 6 лет,"['ASP.NET', 'JavaScript', 'HTML5', 'CSS3', 'Sass', 'Flex', 'Git', 'AngularJS', 'MS SQL', 'C#']"
Linux администратор,Улыбка радуги,,От 3 до 6 лет,"['Linux', 'Zabbix', 'RabbitMQ', 'Elasticsearch']"
Разработчик Python,Единая Информационная Система ЖКХ,80000.0,От 1 года до 3 лет,"['Python', 'MongoDB', 'Git', 'Linux', 'JavaScript']"
Программист NodeJS (backend мобильного приложения),Улыбка радуги,,От 1 года до 3 лет,"['MySQL', 'Node.js', 'RabbitMQ', 'PostgreSQL']"
Ведущий PHP-программист (интеграции),Улыбка радуги,,От 3 до 6 лет,"['PHP', 'RabbitMQ', 'REST', 'NoSQL', 'MySQL', 'PostgreSQL', 'Symfony']"
Системный администратор,Улыбка радуги,,От 3 до 6 лет,"['Администрирование серверов Windows', 'MS System Center', 'MS Exchange', 'SCOM', 'SCСM', 'IIS', 'RDS', 'Hyper-v cluster', 'Администрирование']"
Разработчик под Kotlin Multiplatform Mobile (iOS+Android),Улыбка радуги,,От 1 года до 3 лет,"['Android', 'iOS', 'Kotlin']"
Frontend разработчик на ReactJS (JavaScript),Улыбка радуги,,От 3 до 6 лет,"['Java', 'Ajax', 'JSON API', 'webpack', 'Babel', 'MobX', 'JavaScript', 'React', 'ReactJS']"
Android разработчик,Улыбка радуги,,От 1 года до 3 лет,"['Kotlin', 'Java', 'Android']"
Тимлид продуктовой команды разработки сайта,Улыбка радуги,,От 3 до 6 лет,"['React', 'PHP7', 'Webpack', 'MySQL', '1С-Битрикс', 'Symfony Bundles', 'ElasticSearch', 'Docker', 'CI']"
PHP- разработчик ETL-интеграций,Улыбка радуги,,От 1 года до 3 лет,"['PostgreSQL', 'Redis', 'MySQL', 'ETL', 'RabbitMQ', 'Git']"
Junior Data Scientist,Улыбка радуги,50000.0,Нет опыта,"['Python', 'SQL', 'Machine Learning', 'Data Science', 'Анализ данных', 'Анализ временных рядов', 'Кластерный анализ', 'R']"
Backend-разработчик Node.js,Пи Джи групп,150000.0,От 3 до 6 лет,"['Работа в условиях многозадачности', 'Backend', 'Коммуникабельность, стрессоустойчивость', 'Опыт работы в команде', 'Высокая ответственность', 'Стремление к профессиональному росту', 'Удаленная работа', 'Git', 'Node.js', 'PostgreSQL', 'JavaScript']"
Оператор гибочного станка с ЧПУ,Радар ММС,,От 1 года до 3 лет,[]
Оператор гибочного станка с ЧПУ,Радар ММС,,От 1 года до 3 лет,[]
Java Developer (Remote),SSP SOFTWARE,,От 1 года до 3 лет,"['Spring Framework', 'Java', 'SQL', 'Apache Maven', 'PostgreSQL']"
Full-stack java разработчик (junior),Бизнес Технологии,45000.0,Нет опыта,"['Java', 'ООП', 'HTML5']"
Инженер сопровождения ПО,Элисофт,,От 1 года до 3 лет,"['SQL Server', 'Базы данных', 'Grafana', 'ServiceDesk', 'Мониторинг', 'Linux', 'SQL', 'MS SQL Server', 'MS SQL', 'IIS']"
Junior+/Middle fullstack developer (C#),Fmedia,,От 1 года до 3 лет,"['ASP.NET', 'JavaScript', 'C#', 'jQuery']"
Сотрудник онлайн-школы (удаленно),Милованов Иван Иванович,19140.0,Нет опыта,"['Грамотная речь', 'Пользователь ПК', 'Грамотность', 'Английский язык', 'Работа в команде', 'Консультирование', 'Уверенный пользователь ПК', 'Проведение презентаций', 'Работа с людьми', 'Skype', 'Знание иностранных языков', 'Работа с большим объемом информации', 'Удаленная работа', 'Навыки продаж']"
Инженер по информационной безопасности,КОМПЛИТ,,От 3 до 6 лет,"['Информационная безопасность', 'Внедрение систем информационной безопасности', 'Внешний аудит информационных систем', 'Оптимизация бизнес-процессов', 'DLP (Devicelock, Search Inform, Spector360)', 'Check Point', 'Kaspersky Labs', 'антивирусные средства', 'Проведение внутренних расследований', 'Управление проектами']"
Python Developer,Insitech Development,,От 3 до 6 лет,"['Python', 'PostgreSQL', 'Django Framework', 'Docker', 'Flask', 'Unit Testing', 'Django', 'SQL', 'CI/CD']"
SMM-менеджер,Домострой,50000.0,От 1 года до 3 лет,"['SMM', 'Ведение групп в социальных сетях', 'Продвижение в социальных группах', 'Аудит SMM', 'Продвижение мероприятий компании в социальных сетях']"
Специалист отдела технической поддержки (телекоммуникации),Северен Телеком,33060.0,От 1 года до 3 лет,"['Техническая поддержка', 'Консультирование клиентов по телефону', 'входящие звонки', 'Настройка ПК', 'Настройка сетевых подключений', 'Работа с претензиями', 'Информационные технологии', 'Helpdesk', 'Работа с юридическими лицами', 'Работа в команде', 'Деловое общение', 'Клиентоориентированность', 'Грамотная речь', 'Деловая коммуникация', 'Телефонные переговоры']"
Python разработчик,Foxcom SIA,125661.0,От 3 до 6 лет,"['Git', 'Linux', 'Redis', 'Python', 'PostgreSQL', 'JavaScript', 'SQL', 'MVC', 'Базы данных', 'MySQL', 'ООП']"
Разработчик .NET Core,Неоком,,От 1 года до 3 лет,"['PostgreSQL', 'C#', '.NET Framework', 'Linux', 'ООП', '.NET Core', 'Умение работать в условиях многозадачности', 'Умение эффективно планировать свое время']"
QA Automation Engineer,B2Broker,140000.0,От 1 года до 3 лет,"['SQL', 'Тестирование']"
Разработчик баз данных,Городская страховая медицинская компания,47850.0,Нет опыта,"['SQL', 'PostgreSQL', 'Английский язык', 'Работа с базами данных', 'Базы данных']"
"DevOps Engineer, remote",IT_Selection,200000.0,От 1 года до 3 лет,"['Linux', 'Git', 'Docker', 'Jenkins', 'Bash', 'CI/CD', 'AWS', 'CentOS', 'Zabbix', 'Nagios', 'Graphana', 'Apache Tomcat', 'Ansible', 'Nginx']"
Java-разработчик,Инпромконсалт,,Нет опыта,"['Git', 'Atlassian Jira', 'SQL', 'Java', 'Scrum']"
Project Manager,B2Broker,130000.0,От 1 года до 3 лет,[]
Front-end разработчик (React),INGURU.RU,150000.0,Более 6 лет,"['JavaScript', 'HTML5', 'CSS3', 'React', 'Git']"
Специалист поддержки ПО,СИГМА,,От 1 года до 3 лет,"['SQL', 'Atlassian Jira', 'MS SQL', 'Грамотная речь', 'Customer Service']"
Android Security Developer,Приложение «Кошелёк»,,От 3 до 6 лет,"['Kotlin', 'Java', 'Android SDK', 'Android', 'Английский язык', 'OWASP']"
IOS developer,Приложение «Кошелёк»,200000.0,От 1 года до 3 лет,"['Swift', 'iOS', 'Gitlab', 'Mac Os']"
Python backend developer,Приложение «Кошелёк»,,От 1 года до 3 лет,"['Python', 'Linux', 'RabbitMQ', 'FastAPI']"
Data Scientist,Приложение «Кошелёк»,,От 3 до 6 лет,"['Python', 'Tensorflow', 'MongoDB', 'PyTorch', 'Git', 'RabbitMQ', 'Deep Learning']"
Java Tech Lead,Приложение «Кошелёк»,300000.0,От 3 до 6 лет,"['Spring Framework', 'MongoDB', 'Kotlin', 'PostgreSQL', 'Java 11']"
Технический писатель,Приложение «Кошелёк»,,От 1 года до 3 лет,"['Грамотная речь', 'Английский язык', 'Грамотность', 'Swagger', 'Atlassian Confluence', 'UML']"
IOS Tech Lead (Fintech),Приложение «Кошелёк»,,От 3 до 6 лет,"['Swift', 'iOS', 'Xcode']"
Middle Java developer,Приложение «Кошелёк»,,От 1 года до 3 лет,"['Java', 'Spring Framework', 'Kotlin', 'ООП', 'Design Patterns']"
.NET Разработчик,Дневник.ру,,От 1 года до 3 лет,[]
.NET Разработчик,Дневник.ру,,От 1 года до 3 лет,[]
Младший инженер-программист,Дневник.ру,,От 1 года до 3 лет,[]
.NET Developer,Дневник.ру,,От 1 года до 3 лет,[]
Product manager,Дневник.ру,,От 3 до 6 лет,[]
TeamLead .Net,Дневник.ру,,От 1 года до 3 лет,[]
Руководитель проектов,Дневник.ру,,От 1 года до 3 лет,[]
Middle .NET,Дневник.ру,,От 1 года до 3 лет,[]
Оператор call-центра,Ростелеком,30000.0,Нет опыта,[]
Менеджер-аналитик тендерного отдела,Медицина Альба Сервис,,От 1 года до 3 лет,[]
Специалист по видеонаблюдению,UNIQUE FABRIC,35000.0,От 1 года до 3 лет,[]
Technical Producer (Unity),Playgendary,,От 3 до 6 лет,"['C#', 'Unity']"
Бизнес-аналитик для проведения аудитов и презентаций,Бюро Нодорова,73950.0,Нет опыта,"['Лендинг', 'Презентационные навыки', 'Аудит', 'Умение слушать и слышать', 'Notion', 'Быстрое обучение', 'Стремление к профессиональному росту', 'Энтузиазм', 'Удаленная работа', 'Консультирование клиентов', 'Позитивное мышление']"
Системный администратор (первая линия техподдержки),Юнона,30000.0,Нет опыта,"['Уверенный пользователь ПК', 'Чтение технической документации', 'Работа с оргтехникой', 'Internet', 'Офисная техника', 'Linux']"
Тестировщик (Middle),NAUMEN,,От 1 года до 3 лет,"['SQL', 'Python', 'Linux', 'PostgreSQL', 'Redmine']"
Программист 1С,ТДМ,100000.0,От 3 до 6 лет,"['1С: Управление Торговлей', 'Linux', 'PostgreSQL', '1С программирование', '1С: Предприятие 8']"
Технический писатель,Специальный Технологический Центр (ООО СТЦ),,От 3 до 6 лет,"['Adobe Photoshop', 'MS PowerPoint', 'Английский язык', 'MS Visio', 'Разработка инструкций']"
Системный администратор,Баргус Трейд,80000.0,От 3 до 6 лет,"['Asterisk', 'TCP/IP', 'VoIP', 'DHCP', 'CentOS']"
"Разработчик C#, Собственные продажи",Ozon,,От 1 года до 3 лет,"['.NET Core', 'C#', 'PostgreSQL', 'Kafka', 'Protobuf', 'Docker', 'it', 'Собственные продажи']"
Unity C# Developer VR,Tvori Inc.,200000.0,От 3 до 6 лет,"['Unity', 'VR', 'UI', 'Английский язык']"
"QA Engineer, Engine (Тестировщик игрового движка)",Playrix,,От 1 года до 3 лет,"['Python', 'Git', 'Unity']"
QA Director,Playrix,,От 1 года до 3 лет,"['Управление проектами', 'Управление персоналом', 'Организаторские навыки', 'Руководство коллективом', 'Управление командой', 'Тестирование']"
Системный администратор отдела информатизации и связи,СПб ГКУ Техническая дирекция государственных архивных учреждений Санкт-Петербурга,36104.0,Нет опыта,"['Администрирование сетевого оборудования', 'Cisco', 'Локальные сети', 'Оперативный поиск информации в сети Интернет', 'Avaya', 'Сетевые технологии', 'Работа в условиях многозадачности', 'Умение организовать работу, планировать, принимать решения', 'Коммуникабельность, ответственность', 'Умение быстро усваивать новую информацию', 'Телефония', 'Связь', 'Способность самостоятельно принимать решения', 'Модель OSI', 'Troubleshooting']"
Ученик механика по ремонту оборудования,Веллдорис,40000.0,Нет опыта,"['Ремонтные работы', 'Техническое обслуживание', 'Контроль исправности оборудования', 'Механик']"
Веб мастер,НПФ Электропривод,45000.0,Нет опыта,"['HTML', 'CSS', 'Adobe Photoshop', 'MySQL', 'CSS3']"
Мастер по ремонту ноутбуков,Фаустов Михаил Валерьевич,90000.0,Нет опыта,"['Гарантийное обслуживание', 'Умение общаться с людьми', 'Ремонт компьютерной техники', 'Навыки работы с возражениями', 'Материальная ответственность', 'Навыки продаж', 'Желание работать и зарабатывать', 'Обучаемость', 'Адекватность', 'Отчетность', 'Работа с людьми', 'Грамотная речь', 'Работа в команде']"
"Программист PHP, web разработчик.",Seotime,80000.0,От 1 года до 3 лет,[]
Старший инженер телефонной сети,Компания ТрансТелеКом,52026.0,От 3 до 6 лет,[]
Мастер по ремонту компьютеров,Фаустов Михаил Валерьевич,80000.0,Нет опыта,"['Гарантийное обслуживание', 'Умение общаться с людьми', 'Ремонт компьютерной техники', 'Навыки работы с возражениями', 'Материальная ответственность', 'Навыки продаж', 'Желание работать и зарабатывать', 'Обучаемость', 'Адекватность', 'Отчетность', 'Работа с людьми', 'Грамотная речь', 'Работа в команде']"
ГИП/Главный инженер проекта,"Эра-Кросс, группа компаний",120000.0,От 3 до 6 лет,"['AutoCAD', 'Управление проектами', 'Проектная документация', 'Разработка проектной документации', 'Ведение переговоров']"
Head of Content / Руководитель контент отдела (blockchain & fintech),Центр делового развития,,От 1 года до 3 лет,"['Английский язык', 'Работа в команде', 'Аналитические способности', 'Социальные сети', 'Asana', 'Копирайтинг', 'Креативность', 'Интернет-реклама', 'Маркетинговая стратегия', 'Редакторская деятельность', 'blockchain', 'fintech', 'Crypto', 'SMM']"
Менеджер продукта,Softline,,От 3 до 6 лет,"['Английский язык', 'CRM', 'Бизнес-анализ', 'ERP', 'Умение работать в режиме многозадачности', 'Product Management', 'Анализ бизнес показателей']"
Начальник автохозяйства,Балтиец,56550.0,От 3 до 6 лет,"['Управление офисными водителями', 'Организация технического обслуживания автомобилей', 'Знание устройства автомобиля', 'Мобильность']"
Java разработчик (Интеграции),СК Сбербанк страхование жизни,,От 1 года до 3 лет,"['Java', 'Spring Framework', 'SQL', 'Groovy', 'OpenShift']"
Компьютерный мастер,Фаустов Михаил Валерьевич,70000.0,Нет опыта,"['Гарантийное обслуживание', 'Умение общаться с людьми', 'Ремонт компьютерной техники', 'Навыки работы с возражениями', 'Материальная ответственность', 'Навыки продаж', 'Желание работать и зарабатывать', 'Обучаемость', 'Адекватность', 'Отчетность', 'Работа с людьми', 'Грамотная речь', 'Работа в команде']"
Руководитель проекта,СИГМА,,От 3 до 6 лет,"['Закупки', 'Государственные закупки', 'Управление проектами', 'Договорная работа', 'Оптимизация закупок']"
Оператор call-центра (входящие звонки),Эт Хоум,40000.0,Нет опыта,"['Грамотная речь', 'Клиентоориентированность', 'Консультирование', 'Деловая переписка', 'Работа с большим объемом информации', 'Работа в команде', 'Телефонные переговоры', 'Пользователь ПК', 'Работа с базами данных', 'Управление отношениями с клиентами', 'Заключение договоров', 'Документальное сопровождение', 'Консультирование клиентов по телефону', 'Ведение клиентской базы']"
Junior Unity Developer,Amaya Soft,45000.0,От 1 года до 3 лет,"['Unity', 'ООП', 'Английский язык', 'C#', 'SOLID', 'Android', 'iOS']"
Ученик мастера по ремонту ноутбуков,Фаустов Михаил Валерьевич,85000.0,Нет опыта,"['Гарантийное обслуживание', 'Умение общаться с людьми', 'Ремонт компьютерной техники', 'Навыки работы с возражениями', 'Материальная ответственность', 'Навыки продаж', 'Желание работать и зарабатывать', 'Обучаемость', 'Адекватность', 'Отчетность', 'Работа с людьми', 'Грамотная речь', 'Работа в команде']"
Инженер группы QA,АВТОР,,От 1 года до 3 лет,"['Atlassian Jira', 'Test case', 'Redmine', 'Английский язык', 'Функциональное тестирование', 'Проведение тестирований', 'Пользователь ПК', 'понимание устройства автомобиля']"
Инженер службы технической поддержки (дополнительное оборудование автомобилей)/инженер по гарантии,АВТОР,,От 1 года до 3 лет,"['Техническая поддержка', 'Грамотная речь', 'Клиентоориентированность', 'Стрессоустойчивость', 'Телефонные переговоры', 'Сопровождение клиентов', 'установка противоугонных систем', 'опыт работы установщиком дополнительного оборудования', 'опыт работы диагностом']"
Инженер программист группы CAN,АВТОР,,От 1 года до 3 лет,[]
"Инженер-программист микроконтроллеров \ встраиваемых систем ST, NRF",АВТОР,,От 1 года до 3 лет,"['Схемотехника электронного оборудования', 'Базы данных', 'Умение принимать решения', 'C/C++']"
Инженер-схемотехник / инженер-электронщик,АВТОР,,От 3 до 6 лет,"['SolidWorks', 'SolidCam', 'Altium Designer', 'Схемотехника электронного оборудования', 'Redmine', 'САПР', 'Atlassian Jira']"
Руководитель группы разработки мобильных приложений,АВТОР,,От 3 до 6 лет,"['Мобильность', 'Организаторские навыки', 'iOS', 'Android', 'Руководство коллективом', 'Владение компьютером', 'MacOS', 'Английский язык', 'Мобильные приложения', 'Высшее образование', 'опыт коммерческой разработки', 'Ответственность', 'Целеустремленность', 'Коммуникабельность']"
Разработчик серверного ПО,АВТОР,,От 3 до 6 лет,"['MySQL', 'Linux', 'PHP', 'PostgreSQL', 'Английский язык', 'Педантичность', 'HTML/CSS', 'Backend']"
SRE/DevOps Engineer (C#),IT_Selection,180000.0,От 3 до 6 лет,"['SQL', 'Английский язык', 'Git', 'MySQL', 'MongoDB']"
Копирайтер,Вайт Код,50000.0,От 1 года до 3 лет,"['Копирайтинг', 'Написание текстов', 'Английский язык', 'SEO-копирайтинг', 'SMM']"
Copywriter,TabTrader BV,,От 3 до 6 лет,['Copyrighting']
C# Software Engineer (algoritms/math/ML),IT_Selection,194881.0,От 3 до 6 лет,"['SQL', 'Git', 'Английский язык', 'Python', 'C++', 'Algorithm', 'Machine Learning', 'Mathematical Modeling', 'Data Analysis']"
Product менеджер,Siberian Wellness,180000.0,От 3 до 6 лет,"['Организационное развитие', 'Креативность', 'Аналитический склад ума', 'Системное мышление', 'Работа в команде', 'E-Commerce', 'Управление продуктом', 'Запуск новых продуктов', 'Аналитические исследования']"
Ученик компьютерного мастера,Фаустов Михаил Валерьевич,65000.0,Нет опыта,"['Гарантийное обслуживание', 'Умение общаться с людьми', 'Ремонт компьютерной техники', 'Навыки работы с возражениями', 'Материальная ответственность', 'Навыки продаж', 'Желание работать и зарабатывать', 'Обучаемость', 'Адекватность', 'Отчетность', 'Работа с людьми', 'Грамотная речь', 'Работа в команде']"
Программист Microsoft Dynamics AX,"Марвел, ГК",,От 1 года до 3 лет,"['MS Visual C++', 'Microsoft Dynamics AX', 'MS Axapta', 'MS Dynamics AX']"
Customer Service Manager,TietoEVRY,,От 3 до 6 лет,"['Project management', 'Customer Service', 'ITIL', 'LAN']"
Разработчик-репетитор на курсы по PHP и Yii,html academy,3480.0,От 1 года до 3 лет,"['PHP', 'Yii', 'Git', 'SQL', 'GitHub']"
PHP developer,Рексофт,,От 1 года до 3 лет,"['MySQL', 'Yii', 'PHP', 'Docker', 'CakePHP', 'RiotJs', 'CMS Wordpress']"
Java developer,Рексофт,,От 1 года до 3 лет,"['Java', 'Java EE', 'Hibernate ORM', 'Spring Framework', 'Java 8']"
Technical Artist (UE4),Wargaming St. Petersburg (Lesta Studio),,От 1 года до 3 лет,[]
Системный архитектор,Рексофт,,От 3 до 6 лет,"['Java', 'Spring Framework', 'Hibernate ORM', 'PostgreSQL', 'BPMN']"
Java Team Lead,Рексофт,,От 3 до 6 лет,"['Spring Framework', 'Java', 'ООП', 'руководство командой разработчиков', 'SQL', 'Hibernate ORM', 'Teamleading', 'Team management']"
Ведущий программист Microsoft Dynamics AX 3.0,"Марвел, ГК",,От 3 до 6 лет,"['MS Visual C++', 'Microsoft Dynamics AX', 'MS Axapta', 'MS Dynamics AX']"
Художник по текстурам (junior),SunStrike Studios,35000.0,Нет опыта,"['Adobe Photoshop', 'Графический планшет', 'Текстурирование']"
Сервисно-технический специалист по обслуживанию сети,МегаФон,43500.0,Нет опыта,"['Пользователь ПК', 'Поиск информации в интернет', 'Диагностика', 'Выездное обслуживание']"
Старший разработчик Frontend (React),RedLab,,От 3 до 6 лет,"['JavaScript', 'Node.js', 'AngularJS', 'CSS', 'HTML']"
Devops/Системный инженер (Удаленно),RedLab,,От 3 до 6 лет,"['Docker', 'Английский язык', 'Linux', 'SQL', 'PostgreSQL', 'Администрирование серверов Linux']"
Инженер по тестированию / QA engineer (удаленно),RedLab,,От 1 года до 3 лет,"['Git', 'SQL', 'Функциональное тестирование', 'Linux', 'Тестирование']"
Разработчик Frontend (React),RedLab,,От 1 года до 3 лет,"['JavaScript', 'Node.js', 'AngularJS', 'CSS', 'HTML']"
Руководитель разработки Python/Django (удаленно),RedLab,,От 3 до 6 лет,"['Python', 'SQL', 'Git', 'PostgreSQL', 'Django Framework', 'Flask', 'MS SQL', 'Unix', 'NLP', 'Django', 'ORM', 'Apache Kafka', 'Big Data', 'ClickHouse', 'MongoDB', 'ML']"
Старший консультант НСИ,IBS,,От 1 года до 3 лет,"['Бизнес-анализ', 'Постановка задач разработчикам', 'ERP', 'НСИ', '1С', 'Техническая документация']"
Программист игровой логики (Lua Developer),Elephant Games,,От 1 года до 3 лет,"['Lua', 'C++', 'С#']"
Ведущий тестировщик/QA Lead Engineer,Click,,От 3 до 6 лет,"['Обучение и развитие', 'Умение принимать решения', 'Работа в команде', 'мануальное тестирование', 'автоматизированное тестирование']"
Ведущий Data Scientist / RNA Lead,Click,,От 3 до 6 лет,"['Python', 'Математическая статистика', 'SQL', 'Статистический анализ', 'Pandas']"
Тестировщик ПО/Manual QA Engineer,Click,,От 1 года до 3 лет,"['ручное тестирование', 'Регресcионное тестирование', 'Функциональное тестирование', 'разработка тест кейсов', 'Баг-трекинг', 'Black box testing', 'Контроль качества', 'Тестирование сайтов', 'Тестирование пользовательского интерфейса', 'Тестирование ПО']"
Product Manager/Product owner,Click,,От 1 года до 3 лет,[]
Разработчик баз данных,Совкомбанк Технологии,,От 3 до 6 лет,"['SQL', 'Базы данных', 'СУБД', 'Transact-SQL']"
Системный администратор/сервисный инженер,Click,,От 1 года до 3 лет,[]
Руководитель проекта по внедрению 1С,Контек,,От 1 года до 3 лет,"['Управление проектами', 'Бизнес-анализ', 'ERP', '1С: Документооборот', 'Agile Project Management', '1С: Комплексная автоматизация', 'ERP Systems', '1С: Управление предприятием', 'Электронный документооборот', 'PMP']"
"Full stack pазработчик - руководитель группы (NodeJS, React)",Интеллект-Софт,200000.0,Более 6 лет,[]
Senior/Middle QA Engineer,IT_Selection,160000.0,От 3 до 6 лет,"['Функциональное тестирование', 'Test case', 'Java', 'JUnit', 'Atlassian Jira', 'SoapUI', 'Postman', 'Business English']"
System Analyst (Integration/API Management),IT_Selection,200000.0,От 1 года до 3 лет,"['UML', 'Atlassian Jira', 'XML', 'Английский язык', 'Бизнес-анализ', 'RESTfull API', 'SWAGGER']"
Product Owner,Ак Барс Цифровые Технологии,,От 1 года до 3 лет,"['Agile Project Management', 'Scrum', 'UML', 'ООП', 'Управление продуктом']"
Инженер ЭТЦ,Компания ТрансТелеКом,,От 1 года до 3 лет,"['1С: Документооборот', '1 группа по электробезопасности', '2 группа по электробезопасности', '3 группа по электробезопасности', 'ANSYS']"
Программист 1С8,Карьер-Сервис,100000.0,От 3 до 6 лет,"['1С программирование', '1С: Предприятие 8', '1С: Управление Торговлей', '1С: Документооборот']"
Ведущий консультант 1С,Ситек,,От 1 года до 3 лет,"['1С: Комплексная автоматизация', '1С: Управление Производственным Предприятием', 'ERP-системы на базе 1С', 'Постановка задач разработчикам']"
Специалист по продажам интернет-рекламы (удалённо),Cosmic Realty,65000.0,От 1 года до 3 лет,"['Активные продажи', 'CRM', 'B2B Продажи', 'Ведение переговоров', 'Переговоры']"
Инженер по тестированию ПО,TietoEVRY,,От 1 года до 3 лет,"['Java', 'SQL', 'Linux', 'MS SQL', 'Функциональное тестирование', 'SoapUI', 'Базы данных', 'Test case']"
"Инженер 2, 1 категории",Обуховский завод,34800.0,От 1 года до 3 лет,"['Настройка ПО', 'Настройка ПК', 'Настройка сетевых подключений', 'Сборка ПК', 'Ремонт ПК']"
Системный администратор,Обуховский завод,48720.0,От 1 года до 3 лет,"['Unix', 'MS Office', 'Ответственное хранение', 'Cистемы управления базами данных', 'Аналитические способности']"
Ведущий инженер-программист РСК,Обуховский завод,73950.0,От 3 до 6 лет,"['Сварочные работы', 'Чтение чертежей']"
"Ведущий инженер-программист (электроника, электромеханика)",Обуховский завод,52200.0,От 3 до 6 лет,[]
Инженер 1 категории (телефонная связь),Обуховский завод,35670.0,От 1 года до 3 лет,"['Пользователь ПК', 'Компас-3D', 'Электрические сети', 'Компас']"
Инженер-программист 1 категории (разработка ПО С# ),Обуховский завод,52200.0,От 1 года до 3 лет,"['ASP.NET', 'C#', 'SQL', 'MS SQL']"
Инженер-программист,Обуховский завод,52200.0,От 1 года до 3 лет,"['Работа с базами данных', 'Базы данных', 'Аналитические способности']"
Администратор БД,Обуховский завод,54810.0,От 3 до 6 лет,[]
Senior QA Engineer,SayHire.agency,186667.0,От 3 до 6 лет,"['Android', 'MongoDB', 'PostgreSQL', 'iOS', 'SQL', 'QA', 'Мобильные приложения', 'Тестирование серверного API', 'Retrofit', 'OkHttp', 'автоматизированное тестирование', 'Kubernetes', 'RabbitMQ']"
Senior QA Engineer,SayHire.agency,186667.0,От 3 до 6 лет,"['Android', 'MongoDB', 'PostgreSQL', 'iOS', 'SQL', 'QA', 'Мобильные приложения', 'Тестирование серверного API', 'Retrofit', 'OkHttp', 'автоматизированное тестирование', 'Kubernetes', 'RabbitMQ']"
Junior/middle JavaScript разработчик,Семаргл,,От 1 года до 3 лет,"['Git', 'JavaScript', 'Node.js', 'ООП', 'Английский язык']"
Фрезеровщик в г. Санкт-Петербург,Кадровый промышленный сервис,,От 3 до 6 лет,[]
Инженер-электрик,Семаргл,,От 1 года до 3 лет,"['AutoCAD', 'Разработка технических заданий', 'Управление проектами', 'Английский язык', 'Пуско-наладочные работы', 'Навыки программирования']"
Консультант 1С,ФГБОУ ВО «Санкт-Петербургский государственный архитектурно-строительный университет»,69600.0,От 1 года до 3 лет,[]
Старший менеджер отдела продаж (В2О),Компания ТрансТелеКом,,От 1 года до 3 лет,[]
Интернет-маркетолог,Сигмакс,60000.0,Нет опыта,"['Контекстная реклама', 'Копирайтинг', 'SMM', 'Ведение групп в социальных сетях', 'WEB аналитика']"
Senior Python Developer,IT_Selection,230000.0,От 3 до 6 лет,"['Python', 'PostgreSQL', 'Django Framework', 'SQL', 'Celery', 'DRF', 'FastAPI']"
Программист PHP,RedFox,,От 3 до 6 лет,"['CSS3', 'MySQL', 'HTML5', '1С-Битрикс', 'PHP']"
Системный администратор Linux / DevOps,Единая Информационная Система ЖКХ,80000.0,От 1 года до 3 лет,"['CentOS', 'Zabbix', 'Git', 'Linux', 'Redmine', 'Debian']"
Ведущий инженер-программист АСУ ТП,Семаргл,,От 3 до 6 лет,"['АСУ ТП', 'Управление проектами', 'SCADA', 'Английский язык', 'Разработка технических заданий']"
Backend разработчик,ITGLOBAL.COM,,От 3 до 6 лет,"['Python', 'PostgreSQL', 'RabbitMQ', 'Unit Testing', 'API', 'Backend']"
Frontend developer (React),IBS,,От 3 до 6 лет,"['JavaScript', 'Git', 'React', 'Redux', 'CSS']"
Разработчик PHP Yii2 (Fullstack),Красивый город,,От 1 года до 3 лет,"['Yii', 'MySQL', 'Git', 'HTML5', 'YII2', 'ERP', 'CSS', 'JavaScript', 'Ajax', 'jQuery', 'PHP']"
Технический писатель,Семаргл,,Нет опыта,"['Английский язык', 'Грамотность', 'Компас-3D', 'Adobe Photoshop', 'Техническая документация', 'CorelDRAW', 'CAD', 'Разработка технических заданий', 'Разработка проектной документации', 'Знание нормативной документации']"
Frontend developer (UPE),Space307,150000.0,От 1 года до 3 лет,[]
Frontend-разработчик (Chart),Space307,,От 3 до 6 лет,"['emscripten', 'Java Script', 'React.js', 'mobx', 'TypeScript']"
Senior iOS Developer (Levels),Space307,250000.0,От 3 до 6 лет,"['Swift', 'iOS', 'Xcode', 'CocoaPods', 'Английский язык']"
Senior iOS Developer (UPE),Space307,250000.0,От 3 до 6 лет,"['Swift', 'iOS', 'Английский язык', 'CocoaPods', 'Xcode']"
Инженер-программист,Семаргл,,От 3 до 6 лет,"['ARM', 'STM32', 'C++', 'TCP/IP', 'С#', 'Python', 'Delphi', 'Технический английский язык', 'системы ROS, RTOS', 'Коммуникабелен', 'Умение работать в условиях многозадачности', 'программирование микроконтроллеров']"
C# Программист,Группа М,130000.0,От 1 года до 3 лет,"['C#', 'Windows Forms', 'WPF', '.NET Framework', 'ООП', 'MS SQL', 'ADO.NET', 'Entity Framework', 'Git']"
Руководитель проектов,Семаргл,,От 3 до 6 лет,"['Управление проектами', 'Деловая переписка', 'Деловое общение', 'MS Project', 'Готовность к командировкам', 'Подготовка документов', 'Планирование и организация', 'Умение обрабатывать большое количество информации', 'Работа в команде', 'Подготовка отчетов', 'Работа в условиях многозадачности', 'Коммуникабельность, ответственность']"
QA Engineer / Тестировщик ПО,Matryoshka Games,45000.0,Нет опыта,"['Тестирование', 'Тестирование игр', 'GameDev', 'Контроль качества', 'Грамотность', 'Функциональное тестирование', 'Тестирование пользовательского интерфейса', 'регрессионное тестирование']"
Токарь-универсал,Кадровый промышленный сервис,92000.0,Более 6 лет,[]
2D Artist,Elephant Games,,От 1 года до 3 лет,"['Adobe Photoshop', 'Креативность', 'Графика', '2D', 'Mattepainting']"
Frontend Developer,Ducalis.io,180000.0,От 3 до 6 лет,"['CSS3', 'React', 'MobX', 'IndexedDB', 'WebSocket']"
Старший системный администратор,НАО Авиа Групп,66120.0,От 3 до 6 лет,"['Active Directory', 'Администрирование серверов Windows', 'DHCP', 'TCP/IP', 'Согласование договоров']"
Senior Product UI/UX Designer,SayHire.agency,186667.0,От 3 до 6 лет,"['Figma', 'Английский язык', 'UX', 'Управление проектами', 'UI', 'product designer', 'Мобильные приложения', 'Design']"
Backend developer C#,Слетать.ру,,Нет опыта,"['Git', 'MongoDB', 'Работа в команде', 'Креативность', 'Design Patterns', 'C#', 'Оперативный поиск информации в сети Интернет', '.NET Framework']"
Middle С# разработчик,Слетать.ру,100000.0,Нет опыта,"['C#', '.NET Framework', 'Английский язык', 'Работа с большим объемом информации', 'MS PowerPoint']"
Frontend React Developer,Слетать.ру,,Нет опыта,"['Git', '.NET Framework', 'TypeScript', 'MobX', 'C#']"
Team Lead команды разработки,Слетать.ру,150000.0,От 3 до 6 лет,"['C#', 'SQL', 'MobX', 'Английский язык', 'MS SQL']"
Системный администратор (DevOps + SRE),Старлайнер,,От 3 до 6 лет,[]
Оператор координатно-пробивного пресса с ЧПУ,Стальград-Спб,70000.0,От 1 года до 3 лет,"['Опыт работы на станках Finn-Power, Prima Power, Amada, LVD, DURMA']"
Зачистник металлоконструкций,Кадровый промышленный сервис,73000.0,От 1 года до 3 лет,[]
Front-end Developer (Angular),Sperasoft,,От 1 года до 3 лет,"['Английский язык', 'Angular', 'HTML', 'CSS', 'JavaScript', 'angular.io']"
Senior DevOps Engineer for a US Company,Affluent,194881.0,Нет опыта,"['Kubernetes', 'Docker', 'CI/CD', 'GCP']"
С++ Developer (server),ЭФ ИКС ГЕЙМС,150000.0,От 1 года до 3 лет,"['Git', 'Разработка компьютерных Игр', 'C++']"
Системный администратор,Quantum Art,120000.0,Более 6 лет,"['Hyper-V', 'TCP/IP', 'CentOS', 'Ubuntu Server', 'PowerShell', 'Bash', 'IIS', 'HAProxy', 'Nginx']"
Системный администратор,Стрим сервис,80000.0,От 1 года до 3 лет,"['VMware', 'Администрирование серверов Linux', 'Администрирование серверов Windows', 'Hyper-V', 'Active Directory']"
Системный администратор (DevOps + SRE),Старлайнер,,От 3 до 6 лет,[]
Sales Development Representative Teamlead / SDR Teamlead,Semrush,200000.0,От 3 до 6 лет,"['Английский язык', 'Team management', 'Sales Skills', 'Teamleading', 'Sales Management']"
QC Engineer,Netwrix Corporation,,От 1 года до 3 лет,"['Тестирование', 'Active Directory', 'Настройка DNS', 'TCP/IP', 'DHCP', 'построение лабораторий', 'Black box testing', 'Hyper-V']"
E-mail-верстальщик,Skyeng,,Нет опыта,"['Adobe Photoshop', 'Python', 'Figma', 'HTML', 'E-Mail Marketing', 'CSS']"
Специалист пункта выдачи заказов,Ozon,30000.0,От 1 года до 3 лет,"['Клиентоориентированность', 'оформление заказов', 'Ведение клиентской базы', 'Ориентация на клиента', 'Материальная ответственность']"
Менеджер по продажам,ПинБокс,65250.0,Нет опыта,"['B2B Продажи', 'Поиск и привлечение клиентов', 'Холодные продажи', 'CRM', 'Клиентоориентированность', 'Деловая коммуникация', 'Умение работать в команде', 'Телефонные переговоры', 'Ведение переговоров', 'Оценка потребностей клиентов', 'Продажи', 'Навыки работы с возражениями', 'Навыки телефонных продаж', 'ораторский талант', 'Ответственность', 'Bitrix24', 'Отработка возражений', 'Холодные звонки', 'Поиск информации в интернет', 'Навыки презентации']"
Специалист технической эксплуатации флота (Фрахтователь),Газпром экспорт,,От 1 года до 3 лет,"['Работа в команде', 'Умение работать в команде', 'Деловая переписка', 'Контроль качества', 'MS Outlook']"
Программист full-stack C# Angular,CleverFour,190000.0,Нет опыта,"['.NET Framework', 'C#', 'Java', 'AngularJS', 'Удаленная работа']"
Менеджер по продажам IT-решений,Touch Instinct,,От 1 года до 3 лет,"['B2B Продажи', 'Поиск и привлечение клиентов', 'Активные продажи', 'Ведение переговоров', 'IT услуги', 'Английский язык']"
IOS разработчик middle/senior,АЙФЭЛЛ,,От 1 года до 3 лет,"['Objective-C', 'Scrum', 'iOS', 'Agile Project Management', 'SWIFT Alliance']"
Ведущий программист 1С (Санкт-Петербург),А101,,Нет опыта,[]
Web-разработчик full stack,Клемешов Александр Евгеньевич,43500.0,От 1 года до 3 лет,"['Работа в команде', 'Python', 'Django Framework', 'CSS', 'HTML', 'Git', 'jQuery', 'PHP', 'Atlassian Jira', 'React', 'Wagtail', 'Laravel', 'October', 'JavaScript']"
Game Designer,Novakid Inc,180000.0,От 3 до 6 лет,"['Английский язык', 'Atlassian Jira', 'Работа в команде', 'Грамотность', 'Грамотная речь']"
QA Engineer,GET Information Technology,,От 1 года до 3 лет,"['Тестирование', 'HTML', 'Git', 'SQL', 'Английский язык', 'Atlassian Jira', 'Atlassian Confluence', 'Python', 'Test case', 'QA']"
Инженер - программист C++,Pendulum Instruments,,От 1 года до 3 лет,"['С++', 'Linux', 'Qt', 'cmake']"
Middle Front-End Developer,Playneta,,От 1 года до 3 лет,"['JavaScript', 'react', 'CSS']"
Программист 1С,СТА Карго,,От 3 до 6 лет,"['1С программирование', '1С: Склад', '1С: Торговля и склад']"
Бизнес-аналитик (1С),СТА Карго,,От 1 года до 3 лет,"['Бизнес-анализ', 'WMS', 'TMS Systems', 'UML', 'IDEF', 'BPMN', 'Аналитика', 'Постановка задач разработчикам', 'Разработка технических заданий']"
UI/UX Designer (Дизайнер игровых интерфейсов),Wargaming St. Petersburg (Lesta Studio),,От 1 года до 3 лет,[]
IOS разработчик (senior),ГрузовичкоФ,250000.0,От 3 до 6 лет,"['Objective-C', 'iOS', 'Git', 'SQL', 'ООП']"
Android Developer,SayHire.agency,186667.0,От 3 до 6 лет,"['Kotlin', 'Android SDK', 'Android', 'Работа в команде', 'MVVM', 'RxJava2', 'Dagger2', 'MVVM / MVI', 'Jetpack Compose']"
Android разработчик (senior),ГрузовичкоФ,217500.0,От 3 до 6 лет,"['Android SDK', 'Git', 'Java', 'ООП', 'SQLite']"
Тестировщик ПО/ QA- Engineer,"Комита, АО (Санкт-Петербург)",,От 1 года до 3 лет,"['СУБД', 'Atlassian Jira', 'SQL', 'Функциональное тестирование', 'Black box testing', 'ручное тестирование', 'жизненный цикл ПО', 'Test case', 'Bug Reporting', 'HTML', 'XML', 'Регресcионное тестирование']"
Automation QA Specialist,Wargaming St. Petersburg (Lesta Studio),,От 1 года до 3 лет,[]
Старший программист C# .Net,Columbus East,,От 3 до 6 лет,"['Программирование', 'Разработка ПО', 'С#', '.net', 'Transact-SQL', 'ASP.NET', 'MongoDB', 'Entity Framework', 'ASP.NET Core', 'ASP.NET MVC']"
Оператор технической поддержки,Internet Media Gid,,Нет опыта,"['Работа в команде', 'Пользователь ПК', 'Поиск информации в интернет', 'Работа с оргтехникой', 'MS Office']"
"Web-разработчик (PHP, Bitrix)",Инфостарт,150000.0,От 1 года до 3 лет,[]
Python developer,Геоскан,,От 1 года до 3 лет,"['OpenCV', 'Python', 'Linux', 'Ubuntu', 'Raspberry', 'ROS', 'NumPy', 'TCP/IP', 'Git', 'MavLink', 'БПЛА', 'Творческое мышление', 'Деловая коммуникация', 'Работа в команде', 'Техническая подкованность']"
Программист-стажер проекта Навигатор Старлайн,"СтарЛайн, Научно-производственное объединение",55000.0,От 1 года до 3 лет,"['JavaScript', 'Git', 'Linux']"
Senior Java Developer,Айкона Консалтинг,250000.0,От 3 до 6 лет,"['Git', 'Java', 'Java SE', 'JUnit', 'Linux', 'Redis', 'Базы данных', 'Работа в команде', 'Atlassian Jira', 'XML', 'Spring Framework', 'Spring Boot', 'Java 11']"
Графический дизайнер,ЦРТ | Группа компаний,,От 3 до 6 лет,"['Наружная реклама', 'Figma', 'MS PowerPoint', 'Adobe']"
Рерайтер со знанием автомобилей,Restate 110km Peterburg2 Group,15000.0,От 1 года до 3 лет,"['Рерайтинг', 'Написание текстов', 'Журналистика', 'Редакторская деятельность', 'Наполнение контентом', 'Написание пресс-релизов', 'Написание статей', 'Редактирование текстов', 'Редактирование']"
Администратор службы технической поддержки,Морские неакустические комплексы и системы,,От 1 года до 3 лет,"['Офисная техника', 'Деловое общение', 'Делопроизводство', 'Пользователь ПК', 'MS Outlook', 'Техническая поддержка', 'Работа в команде', 'входящие звонки']"
Инженер-программист C++,Морские неакустические комплексы и системы,,От 3 до 6 лет,"['C++', 'Qt', 'Linux', 'Delphi', 'SQL', 'C/C++', 'MS SQL', 'Windows Os', 'ООП', 'Техническая документация']"
Инженер по информационной безопасности,ЕДИНЫЙ ЦУПИС,,От 3 до 6 лет,"['Информационная безопасность', 'Внедрение систем информационной безопасности', 'Внешний аудит информационных систем', 'Аудит безопасности', 'Английский язык']"
Специалист по информационной безопасности,ЕДИНЫЙ ЦУПИС,,От 3 до 6 лет,"['Информационная безопасность', 'Средства криптографической защиты информации', 'Английский язык', 'Организаторские навыки', 'Технические средства информационной защиты']"
Аналитик данных/ Data Analyst,ЕДИНЫЙ ЦУПИС,,От 3 до 6 лет,"['Tableau', 'Английский язык', 'SQL', 'Анализ данных', 'MS PowerPoint']"
Инженер по развертыванию и тестированию ПО,Морские неакустические комплексы и системы,,От 3 до 6 лет,[]
Digital Marketing Specialist (Remote for b2b SaaS),ApprovalMax,,От 3 до 6 лет,"['B2B Marketing', 'Английский язык', 'Digital Marketing', 'Google Analytics', 'Social Media Marketing']"
Программист 1C 8,Окна Форте,,От 3 до 6 лет,"['1С: Предприятие 8', '1С: Зарплата и управление персоналом', '1C: Бухгалтерия', '1С: Документооборот', 'ERP-системы на базе 1С', 'ERP']"
Инженер-тестировщик,Городской центр экспертиз,60030.0,От 1 года до 3 лет,[]
"Sales manager (IT, Big Data, B2B)",Городской центр экспертиз,80000.0,От 3 до 6 лет,"['B2B Продажи', 'Проведение презентаций', 'Активные продажи', 'Холодные продажи', 'Публичные выступления']"
Разработчик backend (NodeJS),Интеллект-Софт,150000.0,От 3 до 6 лет,[]
Оператор технической поддержки в IT-компанию (удаленно),ЛПТ,35000.0,От 1 года до 3 лет,"['Грамотная речь', 'CRM', 'Работа в команде', 'Телефонные переговоры', 'Техническая поддержка', 'Управление отношениями с клиентами', 'Грамотность', 'Многозадачность', 'Уверенный пользователь ПК', 'входящие звонки']"
Product Designer (Agency Growth Kit),Semrush,140000.0,От 3 до 6 лет,"['Figma', 'UX', 'UI', 'Прототипирование']"
IT инженер / Системный администратор,Филиал ФКУ Налог-Сервис ФНС России по ЦОД в г.Москве,,От 1 года до 3 лет,"['Настройка DNS', 'Active Directory', 'Linux', 'MySQL', 'Администрирование серверов Linux', 'SQL']"
Системный администратор ПО / БД,Филиал ФКУ Налог-Сервис ФНС России по ЦОД в г.Москве,,От 1 года до 3 лет,"['Настройка DNS', 'Active Directory', 'Linux', 'MS SQL']"
"Специалист в Call-сenter(удалённо, работа из дома)",Ozon,27840.0,Нет опыта,[]
"Специалист в Call-сenter(удалённо, работа из дома)",Ozon,27840.0,Нет опыта,[]
Системный администратор Linux / DevOps,ТаймВэб,,От 1 года до 3 лет,"['OpenStack', 'Python', 'Linux', 'KVM']"
Senior C++ Engineer (Multithreading),Itiviti (Айтивити),150000.0,От 3 до 6 лет,"['C++', 'Unix', 'Multithread Programming']"
Специалист технической поддержки пользователей 2-линия,СПб ГУП Санкт-Петербургский информационно-аналитический центр,,От 1 года до 3 лет,[]
Frontend-разработчик (React),ЛИПТ Софт,,От 1 года до 3 лет,"['React', 'TypeScript', 'NodeJS', 'HTML/CSS']"
Разработчик PL/SQL (ЦФТ-Банк),ЛИПТ Софт,,От 3 до 6 лет,"['PL/SQL', 'PL plus', 'ЦФТ']"
Java/Kotlin developer,ЛИПТ Софт,,От 1 года до 3 лет,"['Java', 'JavaScript']"
Администратор баз данных,Филиал ФКУ Налог-Сервис ФНС России по ЦОД в г.Москве,70000.0,От 1 года до 3 лет,[]
Администратор баз данных,Филиал ФКУ Налог-Сервис ФНС России по ЦОД в г.Москве,70000.0,От 1 года до 3 лет,[]
Старший программист 1С,«Научно-Проектное объединение «РИВС».,100000.0,От 3 до 6 лет,[]
Senior PPC Specialist / Ведущий специалист по контекстной рекламе,Brane,,От 3 до 6 лет,"['Английский язык', 'Analytical skills', 'PPC', 'Google Analytics', 'Google Ads', 'Google AdWords', 'Bing Ads', 'SEM']"
Product Marketing Manager,Brane,104400.0,От 3 до 6 лет,"['Leadership Skills', 'Project management', 'Negotiation skills', 'Teamleading', 'Teambuilding', 'Facebook Ads', 'Google Ads', 'TikTok Ads', 'Influence Marketing']"
Business Development Representative (remote),Brane,,От 1 года до 3 лет,"['Sales Management', 'Leadership Skills', 'Negotiation skills', 'Sales Skills', 'Business English', 'Analytical skills', 'Problem-solving skills']"
User Acquisition Manager / Performance Marketing Manager / Таргетолог,Brane,87000.0,От 3 до 6 лет,"['Internet Marketing', 'MS Excel', 'Facebook Ads', 'Google UAC', 'Business English', 'Social Media Marketing', 'Google AdWords', 'Google Analytics', 'Appsflyer']"
Менеджер проектов (Системы инженерно-технического обеспечения),ГАЗИНФОРМСЕРВИС,,От 3 до 6 лет,[]
Старший системный администратор,Немецкая клиника,82650.0,От 3 до 6 лет,"['Active Directory', 'Администрирование серверов Windows', 'TCP/IP', 'DHCP', 'Hyper-V']"
Frontend разработчик (web),Reelmotion games,100000.0,От 1 года до 3 лет,"['AngularJS', 'Less', 'JavaScript', 'HTML5', 'Vue.js', 'React']"
Devops Engineer,Broadridge,,От 3 до 6 лет,[]
Менеджер IT-проектов,СИКСХЭНДС,50000.0,От 1 года до 3 лет,"['Разработка технических заданий', 'Ведение переговоров', 'Постановка задач разработчикам', 'Деловая переписка', 'Заключение договоров', 'Поиск и привлечение клиентов', 'Деловое общение', 'Составление смет', 'Коммуникабельность', 'Ответственность']"
Разработчик бэкэнда,Reelmotion games,,От 1 года до 3 лет,"['Node.js', 'JavaScript', 'MySQL', 'Git']"
Middle ABAP Developer,Наука,,От 1 года до 3 лет,[]
Консультант SAP ММ (сопровождение внедренных проектов),Наука,,От 1 года до 3 лет,"['SAP ERP', 'MS SQL', 'MS Visio', 'Разработка технических заданий', 'SAP MM', 'SAP SD', 'ABAP', 'SAP S4', 'SAP HANA', 'HANA']"
Delphi Developer,Наука,80000.0,От 1 года до 3 лет,"['Delphi', 'C#', 'СУБД']"
Руководитель проекта (разработка и внедрение программного продукта),Наука,100000.0,От 1 года до 3 лет,"['MS Project', 'Управление проектами', 'Управление рисками', 'Управление командой', 'Бизнес-анализ']"
Java Mentor,Наука,,От 3 до 6 лет,"['Java', 'Spring']"
Бизнес-аналитик (разработка ПО),Наука,,От 1 года до 3 лет,[]
Руководитель проекта (разработка и внедрение программного продукта),Наука,100000.0,От 1 года до 3 лет,"['MS Project', 'Управление проектами', 'Управление рисками', 'Управление командой', 'Бизнес-анализ']"
Node.js developer,Reelmotion games,,От 1 года до 3 лет,"['Node.js', 'JavaScript', 'MySQL', 'Git']"
Middle Backend разработчик,Reelmotion games,120000.0,От 1 года до 3 лет,"['Node.js', 'JavaScript', 'MySQL', 'Git']"
Системный администратор,"УВО Минтранса России, ФГУП, Северо-Западный филиал",50000.0,От 3 до 6 лет,"['DHCP', 'Настройка DNS', 'Администрирование серверов Windows', 'TCP/IP']"
Сервисный инженер,HelpLine,,От 1 года до 3 лет,[]
Бизнес-аналитик,SayHire.agency,,От 1 года до 3 лет,"['Atlassian Jira', 'Управление проектами', 'BPMN', 'Разработка технических заданий', 'Бизнес-анализ', 'ERP', 'CRM', 'ECM', 'BPM', 'IT']"
Senior Project Manager,Cointelegraph Consulting,,Более 6 лет,"['Project management', 'Team management', 'Problem solving', 'People Management', 'Interpersonal skills', 'Управление проектами']"
Программист 1С,ВОСХОД,150000.0,От 1 года до 3 лет,['1С программирование']
Frontend Developer (AdEx Team),ЭдСервер,,От 3 до 6 лет,"['SQL', 'JavaScript', 'Git', 'angular', 'vanilla.js']"
Frontend Developer (SSP Team),ЭдСервер,,От 3 до 6 лет,"['React', 'Redux', 'TypeScript', 'JavaScript', 'Git']"
Frontend Developer (SSP Team),ЭдСервер,,От 3 до 6 лет,"['React', 'Redux', 'TypeScript', 'JavaScript', 'Git']"
Senior Golang Developer,ЭдСервер,,От 3 до 6 лет,"['Golang', 'SQL', 'PostgreSQL', 'Kafka', 'Redis']"
Техник по обслуживанию зданий,ГрандМед,,От 3 до 6 лет,"['Техническая эксплуатация', 'Ремонтные работы', 'Слесарные работы', 'Техническое обслуживание']"
Стажер в отдел рекламы и коммуникаций,IVSE group,39150.0,Нет опыта,"['Работа в команде', 'Желание учиться', 'Реклама', 'Продвижение бренда', 'работа с людьми', 'Обучение и развитие', 'Организаторские навыки', 'Грамотная речь', 'Организация мероприятий', 'Проведение презентаций', 'Руководство коллективом', 'Умение работать в команде', 'Ведение переговоров', 'Деловое общение', 'Управление проектами', 'Навыки продаж', 'Деловая коммуникация', 'Планирование карьеры', 'Подготовка презентаций', 'B2B маркетинг', 'B2B Marketing', 'Навыки переговоров', 'Навыки презентации', 'Cоциальная реклама', 'Cоциальный маркетинг']"
UX/UI Designer (аутсорс),ЭдСервер,,От 3 до 6 лет,"['Figma', 'Английский язык', 'Adobe Photoshop', 'UX', 'UI']"
Системный аналитик/System analyst,Инлайн Профешнл,80000.0,От 1 года до 3 лет,"['Аналитическое мышление', 'Управление проектами', 'Работа в команде', 'Грамотная речь', 'Работа с большим объемом информации', 'Деловое общение', 'Моделирование бизнес процессов', 'SQL', 'Сбор и анализ информации', 'Системный аналитик', 'Ориентация на результат', 'REST', 'SOAP', 'API']"
Менеджер по проектам,ВОСХОД,80000.0,От 1 года до 3 лет,"['SQL', 'XML', 'BPMN', 'UML', 'СУБД']"
Оператор станка с ЧПУ (мебельное производство),Распил+,50000.0,От 1 года до 3 лет,"['Exсel', 'Solid Works', 'умение читать спецификации и схемы', 'Пользователь ПК']"
Web Analyst,"EPAM Systems, Inc.",,От 1 года до 3 лет,"['Python', 'SQL', 'Sales Skills', 'Social Media Marketing', 'MS SQL']"
Программист С++/shell под Unix/Linux,Siber Systems Inc,,От 1 года до 3 лет,[]
Senior iOS developer,Siber Systems Inc,,От 3 до 6 лет,[]
Junior QA / QC Engineer,Netwrix Corporation,,От 1 года до 3 лет,"['TFS', 'SQL', 'MS SQL', 'TCP/IP', 'Active Directory', 'Тестирование']"
Junior Web Developer,Netwrix Corporation,,От 1 года до 3 лет,"['JavaScript', 'HTML5', 'MySQL', 'Node.js', 'PHP', 'CSS3', 'MongoDB', 'CMS Wordpress', 'Laravel']"
Middle Web Developer,Netwrix Corporation,,От 3 до 6 лет,"['JavaScript', 'HTML5', 'CSS3', 'PHP', 'Node.js', 'Yii', 'MySQL', 'CMS Wordpress']"
Pay-per-Click (PPC) Marketing Specialist,Netwrix Corporation,,От 1 года до 3 лет,"['PPC', 'Google AdWords', 'Facebook Ads']"
Salesforce Developer,Netwrix Corporation,,От 1 года до 3 лет,"['JavaScript', 'Salesforce', 'C#', 'Java', 'Salesforce Apex']"
Technical Support Engineer (Evening),Netwrix Corporation,69600.0,От 1 года до 3 лет,"['Английский язык', 'Администрирование серверов Windows', 'Active Directory', 'Information Security', 'MS SQL Server', 'PowerShell', 'Helpdesk', 'SQL', 'TCP/IP']"
Программист С++/ C++ Developer,Netwrix Corporation,,От 1 года до 3 лет,"['C++', 'MS Visual Studio', 'STL', 'Windows API']"
Монтажник слаботочных сетей / инженер слаботочных систем,Мастер-ИТ,70000.0,От 3 до 6 лет,"['установка видеонаблюдения', 'монтаж скуд', 'Монтаж оборудования', 'Монтаж инженерных систем', 'Системы видеонаблюдения', 'Техническое обслуживание', 'Ремонтные работы', 'Инженерные системы', 'Локальные сети', 'Производство строительно-монтажных работ']"
Product Manager,Метр Квадратный,180000.0,От 3 до 6 лет,[]
Frontend-разработчик,Alertgroup,100000.0,От 1 года до 3 лет,"['JavaScript', 'Ajax', 'Git', 'Node.js', 'HTML5', 'CSS3', 'ES6+', 'Webpack 4', 'Vuejs', 'Адаптивная верстка', 'SASS/SCSS']"
Системный инженер,Softline,,От 3 до 6 лет,[]
Agile coach,МТС,,От 1 года до 3 лет,"['Scrum', 'Agile', 'PSM']"
Руководитель отдела продаж в школу программирования,Алгоритмика::Санкт-Петербург Фрунзенский р-н (ИП Бутаков Анатолий Николаевич),55000.0,Нет опыта,"['Обучение персонала', 'Мотивация персонала', 'Ориентация на результат', 'Планирование', 'Лидерство', 'Проведение планерок']"
Менеджер проектов / Project manager (разработка web проектов),Zum Punkt,69600.0,От 1 года до 3 лет,"['Управление разработкой', 'Управление проектами', 'Управление процессами', 'Разработка технических заданий', 'Управление командой', 'Умение работать в режиме многозадачности', 'Ориентация на результат', 'Управление временем', 'Ведение переговоров', 'Планирование', 'Эмпатия', 'Деловая коммуникация']"
Junior Java developer,Райдер софт,50000.0,От 1 года до 3 лет,"['Java', 'SQL']"
C# Developer,"ДИКСИ, группа компаний",,От 1 года до 3 лет,"['C#', 'MS SQL', 'Системы управления базами данных', 'REST API', 'SolidWorks', 'CSS3']"
Администратор (менеджер) в школу фотографии,ПИКЧА Санкт-Петербург. Международная сеть фотошкол,,Нет опыта,"['Добросовестность', 'Работоспособность', 'Грамотная речь', 'Работа в команде', 'Активные продажи']"
Программист Java,"ДИКСИ, группа компаний",,Нет опыта,"['Java', 'SQL', 'Spring Framework', 'Oracle Pl/SQL', 'XML']"
Наладчик станков с ЧПУ (фрезерная группа),Заглушка.Ру,75000.0,От 3 до 6 лет,"['Грамотность', 'Чтение чертежей', 'Станки ЧПУ', 'ЕСКД']"
Partner Relations Manager / KAM,Wargaming St. Petersburg (Lesta Studio),,От 1 года до 3 лет,"['Английский язык', 'KAM', 'Business Development', 'Communication Strategy']"
Front-End разработчик (Vue.js или Angular),RuNetSoft,,От 3 до 6 лет,"['JavaScript', 'HTML5', 'CSS3', 'ООП', 'AngularJS', 'React js', 'Ext JS', 'Sass', 'Vue.js', 'Git']"
Junior Server Core Programmer,Wargaming St. Petersburg (Lesta Studio),,От 1 года до 3 лет,"['Python', 'C++']"
Full-stack developer (PHP+JS),RuNetSoft,,От 1 года до 3 лет,"['Git', 'JavaScript', 'ООП', 'SQL', 'PHP']"
.NET developer,RuNetSoft,,От 3 до 6 лет,"['C#', 'ASP.NET', 'MVC', 'JavaScript', 'SQL']"
PHP-разработчик,RuNetSoft,,От 3 до 6 лет,[]
Project Manager (Game Dev),Wargaming St. Petersburg (Lesta Studio),,От 1 года до 3 лет,"['Английский язык', 'Управление проектами', 'MS Project', 'Управление командой', 'Управленческие навыки', 'Project management', 'GameDev']"
Инженер первой линии мониторинга,Амбреллио,,От 1 года до 3 лет,[]
IT-специалист,Дом Отдыха Розовая дача,45936.0,От 3 до 6 лет,"['Сборка ПК', 'Настройка ПК', 'Настройка сетевых подключений', 'Настройка ПО', 'Ремонт ПК', 'Администрирование сетевого оборудования', 'Техническая поддержка', 'Локальные сети', 'Настройка почтовых серверов', 'Офисная техника', 'Закупка оргтехники и оборудования']"
Специалист службы поддержки с техническими знаниями в Яндекс 360 (бэкенд),Яндекс,13050.0,Нет опыта,[]
Специалист службы поддержки с техническими знаниями в Яндекс 360 (фронтенд),Яндекс,13050.0,Нет опыта,[]
Ведущий инженер по разработке (Java),Сбербанк,,Нет опыта,[]
Архитектор / дизайнер мест общего пользования,Страна Девелопмент,80000.0,От 3 до 6 лет,"['Управление проектами', 'Adobe Photoshop', 'Креативность', 'Высшее образование', 'Авторский надзор', 'Дизайн']"
Специалист службы поддержки с техническими знаниями (TOOLS),Яндекс,13050.0,Нет опыта,[]
Junior DBA,РТ МИС,,От 1 года до 3 лет,"['SQL', 'ORACLE', 'Базы данных', 'Unix', 'MS SQL']"
Начальник IT-отдела (в г. Тула),"Здравсервис (Здесь Аптека, Твой Доктор)",,От 3 до 6 лет,"['Многозадачность', 'Azure', 'AWS', 'Cистемы управления базами данных', 'Office']"
Наладчик станка с ЧПУ (фрезерные станки),Единый Центр Металлообработки,,От 1 года до 3 лет,[]
Business Analyst,Axamit,,От 1 года до 3 лет,"['Scrum', 'Atlassian Jira', 'Atlassian Confluence', 'Agile Project Management', 'Английский язык']"
Аналитик данных/аналитик BI,Самокат (ООО Умное пространство),,От 1 года до 3 лет,"['SQL', 'MS PowerPoint', 'VBA', 'Аналитика', 'Анализ данных', 'Power BI', 'MS Excel']"
Специалист технической поддержки,Простор Телеком,60000.0,От 1 года до 3 лет,[]
Программист 1С,ВИС,,От 3 до 6 лет,[]
2D Artist (Promo Art) / 2D художник (промо-арт),Wargaming St. Petersburg (Lesta Studio),,От 3 до 6 лет,"['Adobe Photoshop', 'Matte painting', '2D', 'Digital art']"
Менеджер по коммерческой аналитике продуктов,МегаФон,,От 1 года до 3 лет,"['SQL', 'SAP Business Objects', 'SAP BI', 'Аналитические исследования', 'MS SQL', 'Базы данных', 'Анализ бизнес показателей', 'MS SQL Server', 'SAP', 'Статистический анализ', 'Бизнес-анализ', 'Анализ данных', 'Аналитика', 'Аналитическое мышление', 'Математический анализ']"
Разработчик Java,МегаФон,,От 1 года до 3 лет,[]
Junior инженер по информационной безопасности (безопасная разработка),Центральный банк Российской Федерации,,Нет опыта,"['Информационная безопасность', 'Jenkins', 'SQL', 'Информационные технологии', 'ORACLE']"
Менеджер проектов,Специзоляция,60000.0,От 1 года до 3 лет,"['Заключение договоров', 'Пользователь ПК', 'B2B Продажи', 'Документальное сопровождение', 'Подготовка коммерческих предложений', 'Проектная документация', 'Договоры поставки', 'Ведение клиентской базы', 'Контроль оформления документов', 'Ведение переговоров', 'Управление проектами', 'Деловое общение', 'Деловая переписка']"
Team-lead по веб-аналитике,Serenity,50000.0,От 1 года до 3 лет,"['Статистический анализ', 'Аналитическое мышление', 'Анализ данных', 'Google Tag Manager', 'Google Analytics', 'Google Data Studio', 'Power BI', 'Яндекс.Метрика']"
Региональный менеджер по продажам грузовых автошин,Росшина,,От 1 года до 3 лет,"['Навыки переговоров', 'Ведение клиентской базы', 'Холодные продажи', 'Активные продажи', 'Телефонные переговоры', 'Грамотная речь', 'Поиск и привлечение клиентов', 'Холодные звонки', 'Навыки продаж', '1С: Документооборот', '1С: Торговля', 'Клиентоориентированность', 'Работа с возражениями', 'Креативность', 'битрикс24', 'работа с текущей базой клиентов', 'Грамотность', 'Управление отношениями с клиентами', 'Аналитическое мышление']"
Инженер - системотехник АСУ,Механотроника РА,60000.0,От 3 до 6 лет,"['AutoCAD', 'Компас-3D', 'Пользователь ПК', 'Компас', 'ЕСКД']"
Начальник информационно-технического отдела / Руководитель отдела информационных технологий,ТД Лайфхакер,,От 3 до 6 лет,"['Техническая поддержка', 'Аналитический склад ума', 'Автоматизация процессов', 'Руководство командой', 'Информационная логистика', 'Бизнес-анализ']"
Наладчик станков с ЧПУ (токарные станки),Единый Центр Металлообработки,87000.0,От 1 года до 3 лет,"['Станки ЧПУ', 'Металлообработка', 'Продвинутый пользователь ПК']"
Токарь-карусельщик,Ижорские заводы,52200.0,От 1 года до 3 лет,[]
Оператор станков с ЧПУ,Ижорские заводы,43500.0,От 1 года до 3 лет,[]
Инженер сетевой инфраструктуры/Сетевой инженер,Элисофт,100000.0,От 3 до 6 лет,"['Cisco', 'VLAN', 'CCNA', 'FIrewall', 'NAT', 'Fortinet', 'Mikrotik', 'VPN', 'Настройка DNS', 'сетевая безопасность', 'Администрирование сетевого оборудования', 'Высшее образование', 'Системы мониторинга сетей', 'Сетевые технологии', 'Сетевое оборудование']"
Web-программист \ Web-разработчик (Fullstack),Либерти,80000.0,Нет опыта,"['PHP', 'MySQL', 'JavaScript', 'Git', 'XML/Xslt', '1С-Битрикс', 'ООП', 'HTML', 'CMS Wordpress', 'UMI CMS', 'CMS MODX', 'PHP7', 'MODX', 'CSS', 'Sass', 'Wordpress', 'Ajax', 'Bitrix']"
Media buyer / Арбитражник (FB | нутра),Fmedia,,От 3 до 6 лет,"['Media Buying', 'Facebook', 'Закупка трафика', 'Арбитраж трафика']"
BI аналитик/разработчик DWH (Absolut),Fmedia,,От 1 года до 3 лет,"['Power BI', 'MS SQL Server', 'PostgreSQL', 'DWH', 'ETL', 'Atlassian Jira', 'Atlassian Confluence', 'Git']"
Media buyer / Арбитражник (FB | товарка),Fmedia,,От 3 до 6 лет,"['Media Buying', 'Арбитраж трафика', 'Facebook', 'Закупка трафика', 'E-Commerce']"
QA Engineer (automation),Broadridge,,От 3 до 6 лет,[]
Инженер по информационной безопасности,Механотроника РА,40000.0,От 3 до 6 лет,"['Информационная безопасность', 'Информационные технологии', 'Технические средства информационной защиты', 'Разработка регламентов', 'Аудит безопасности', 'Аттестация объектов информатизации', 'Лицензирование ФСТЭК', 'Сертификация ФСТЭК']"
Senior Разработчик Full Stack (Laravel),DOCTU,170000.0,От 3 до 6 лет,"['jQuery', 'Git', 'ООП', 'MySQL', 'JavaScript', 'PHP', 'REST', 'Bootstrap', 'Redis', 'Laravel', 'Vue', 'JS']"
Наладчик станков с ЧПУ,Валтек,60000.0,От 3 до 6 лет,"['Пользователь ПК', 'Чтение чертежей', 'Станки ЧПУ']"
"Администратор виртуальных систем (удаленно, VMware/Hyper-V)",ГК Эксперт,,От 1 года до 3 лет,"['VMware', 'Hyper-V', 'vSphere', 'vSAN', 'VCAP', 'Veeam', 'VCP']"
Инженер-пусконаладчик,Механотроника РА,60000.0,От 1 года до 3 лет,"['AutoCAD', 'Пользователь ПК', 'АИИС КУЭ', 'Пуско-наладочные работы', 'ЕСКД']"
Scrum мастер,Банк Открытие,,От 1 года до 3 лет,"['Разработка нового продукта', 'Коучинг', 'Atlassian Jira', 'Организационное развитие', 'Аналитика']"
Программист C++/Qt,Адвент НПП,70000.0,От 1 года до 3 лет,[]
Программист 1С,Трамис,150000.0,От 3 до 6 лет,"['1С: Зарплата и управление персоналом', '1С: Предприятие 8', '1С программирование', 'Разработка инструкций', 'XML', 'Системное мышление', '1С: Управление предприятием', '1C: Предприятие', 'Разработка ПО']"
Ведущий инженер Службы эксплуатации опорных сетей Отдела телематики,"Автоматическая Телефонная Станция Смольного, ГУП",63553.0,От 1 года до 3 лет,['Настройка сетевых подключений']
Техник связи Группы линейных сооружений Отдела систем связи,"Автоматическая Телефонная Станция Смольного, ГУП",45936.0,От 1 года до 3 лет,['Пуско-наладочные работы']
Инженер Группы технической поддержки ОИТП,"Автоматическая Телефонная Станция Смольного, ГУП",51678.0,Нет опыта,"['Пользователь ПК', 'Грамотная речь', 'Работа в команде', 'Работа с большим объемом информации', 'Деловое общение']"
Инженер Группы мультимедийных технологий Отдела системного администрирования,"Автоматическая Телефонная Станция Смольного, ГУП",51678.0,От 1 года до 3 лет,"['организация видеоконференций', 'сетевые технологии', 'поддержка пользователей']"
Инженер Группы обслуживания системы управления процессами Отдела информационных систем,"Автоматическая Телефонная Станция Смольного, ГУП",51678.0,От 3 до 6 лет,"['BPMN', 'Windows 7', 'Гибкость', 'Обучение пользователей', 'BPWin']"
Инженер Группы обслуживания системы управления процессами Отдела информационных систем,"Автоматическая Телефонная Станция Смольного, ГУП",51678.0,От 3 до 6 лет,"['BPMN', 'Windows 7', 'Гибкость', 'Обучение пользователей', 'BPWin']"
Инженер Службы развития сети Отдела сопровождения инфраструктуры,"Автоматическая Телефонная Станция Смольного, ГУП",51678.0,От 1 года до 3 лет,"['Пользователь ПК', 'Работа в команде', 'Грамотная речь', 'Работа с большим объемом информации', 'Проектная документация']"
Специалист Службы информационной поддержки,"Автоматическая Телефонная Станция Смольного, ГУП",34800.0,Нет опыта,"['Грамотная речь', 'Прием и распределение телефонных звонков', 'MS PowerPoint', 'Деловое общение', 'Телефонные переговоры']"
Инженер Планово-технической группы,"Автоматическая Телефонная Станция Смольного, ГУП",51678.0,От 3 до 6 лет,"['Деловая переписка', 'Договорная работа', 'Грамотная речь', 'Заключение договоров', 'Согласование договоров']"
Начальник Службы технической защиты информации,"Автоматическая Телефонная Станция Смольного, ГУП",85216.0,От 3 до 6 лет,"['Информационная безопасность', 'Организаторские навыки', 'Обучение персонала', 'Технические средства информационной защиты', 'Информационные технологии']"
Главный специалист Службы технической защиты информации,"Автоматическая Телефонная Станция Смольного, ГУП",67860.0,От 3 до 6 лет,"['Информационная безопасность', 'Организаторские навыки', 'Обучение персонала', 'Технические средства информационной защиты', 'Информационные технологии']"
Главный специалист Группы обеспечения критической информационной инфраструктуры,"Автоматическая Телефонная Станция Смольного, ГУП",67860.0,От 3 до 6 лет,"['Информационная безопасность', 'Организаторские навыки', 'Обучение персонала', 'Технические средства информационной защиты', 'Информационные технологии']"
Специалист 2й линии технической поддержки,"РОСБАНК, Societe Generale Group (Russia)",,От 1 года до 3 лет,"['SQL', 'Apache Tomcat', 'Обучение и развитие', 'Техническая поддержка', 'XML']"
Специалист по информационной безопасности,ЕИРЦ Петроэлектросбыт,62466.0,От 3 до 6 лет,[]
Графический дизайнер / 3D Artist,РАКЕТА ПРОДЖЕКТ,43500.0,От 1 года до 3 лет,"['Графический дизайн', '3D-графика', '3D', 'Blender 3D', 'Cinema 4D', 'UI/UX', '3D Max', 'Креативность', 'Рисунок', 'Мобильные приложения', 'Graphic Design', 'Adobe After Effect']"
Консультант-аналитик 1С,ГК Эксперт,,От 1 года до 3 лет,[]
Технический секретарь,ЕИРЦ Петроэлектросбыт,,От 1 года до 3 лет,"['Электронный документооборот', 'Организация хранения документации', 'Делопроизводство', 'Организация движения и учета документов', 'Исходящая документация']"
Ведущий инженер информационных технологий ММО и ММК,Водоканал ГУП СПб,68000.0,От 3 до 6 лет,"['Сбор и анализ информации', 'Высшее образование', 'Работа в условиях многозадачности', 'Техническая грамотность']"
Ведущий инженер информационных технологий СВТО,Водоканал ГУП СПб,68000.0,От 3 до 6 лет,"['Работа в команде', 'Умение расставлять приоритеты', 'Организация рабочего процесса', 'Работа в условиях многозадачности', 'Пользователь ПК']"
PHP - разработчик (Backend),INGURU.RU,130500.0,От 3 до 6 лет,"['PHP5', 'UX', 'Git', 'ООП', 'SQL', 'MySQL']"
Системный администратор,Водоканал ГУП СПб,105000.0,Более 6 лет,"['Системное администрирование', 'Пунктуальность', 'Информационные технологии', 'Организаторские навыки', 'Ответственность', 'Обязательность в выполнении поставленных задач,']"
Специалист по бизнес-процессам,Улыбка радуги,30450.0,Нет опыта,[]
Дизайнер,Фертоинг,,От 1 года до 3 лет,[]
Начинающий специалист,Билайн,43500.0,Нет опыта,[]
Менеджер по продажам (г. Санкт-Петербург),ЛУИС+,,От 1 года до 3 лет,"['B2B Продажи', 'Работа в команде', 'Мотивация', 'Ориентация на результат']"
VoIP инженер,Комфортел,80000.0,От 1 года до 3 лет,"['VoIP', 'Asterisk', 'SIP', 'Linux', 'PostgreSQL', 'MySQL', 'AMI', 'AGI', 'Freeswitch']"
Монтажник слаботочных систем,Комфортел,50000.0,От 1 года до 3 лет,"['Прокладка кабелей', 'Пользователь ПК', 'Настройка сетевых подключений', 'Настройка ПК']"
Техник по эксплуатации сетей связи,Комфортел,53000.0,От 1 года до 3 лет,"['Работа в команде', 'Монтаж оборудования', 'Ведение документации']"
Консультант поддержки SAP CRM (удаленно),NOVARDIS,,От 1 года до 3 лет,"['Работа в команде', 'Грамотная речь', 'Деловая переписка', 'MS Outlook']"
Консультант поддержки SAP PP/QM (удаленно),NOVARDIS,,От 1 года до 3 лет,"['Английский язык', 'Деловая переписка', 'SAP', 'SAP ERP', 'PP', 'QM']"
"Backend Developer / Backend разработчик (PHP, MySQL)",SK Design (СК ДИЗАЙН),80000.0,От 1 года до 3 лет,"['Git', 'Linux', 'MySQL', 'ООП', 'Английский язык', 'Go']"
PHP (Symfony/Laravel) developer,Click,,От 3 до 6 лет,"['Symfony', 'PostgreSQL', 'MySQL', 'Linux']"
SRE/DevOps,Click,,От 1 года до 3 лет,"['Linux', 'ansible', 'docker']"
Менеджер интернет проектов/маркетолог медицинской клиники с учебно-образовательным центром,Центр Здоровья Волос,110000.0,От 1 года до 3 лет,"['Веб-аналитика', 'SEO', 'Adobe Photoshop', 'Интернет-реклама', 'Контекстная реклама', 'Организация конференций', 'Управление интернет-проектами', 'Event Management', 'Планирование маркетинговых кампаний', 'WEB аналитика', 'SEO оптимизация', 'Организаторские навыки', 'Управление проектами', 'Яндекс.Директ', 'Google Analytics', 'Яндекс.Метрика', 'Маркетинговое планирование', 'Маркетинговый анализ']"
IOS разработчик,Цифровая стройка,,От 1 года до 3 лет,"['iOS', 'Английский язык', 'Mac Os', 'Организация совещаний', 'Skype', 'Objective-C', 'Swift', 'C++', 'OpenGL', 'REST', 'JSON API', 'Sockets', 'HTML5', 'arkit', 'scenekit', 'OperationQueue', 'swiftUI']"
Backend разработчик,Цифровая стройка,,От 3 до 6 лет,"['BigData', 'HighLoad', 'JavaScript', 'ES6', 'Node.js', 'Express.js', 'Socket.io', 'MongoDB', 'PostgreSQL', 'Docker', 'Kubernetes', 'GitLab', 'RabbitMQ', 'Java Script', 'Git', 'Самостоятельная работа', 'Java', 'Удаленная работа', 'руководство командой разработчиков', 'Управление проектами', 'API', 'websockets']"
Технический писатель,ИММО,,От 1 года до 3 лет,"['Веб-программирование', 'Техническая документация']"
.Net Developer C#,ИММО,140000.0,От 1 года до 3 лет,"['C#', '.NET Framework', 'ASP.NET Core', '.NET Core']"
Монтажник слаботочных систем,МОРЗЕ,60900.0,От 1 года до 3 лет,"['Монтаж оборудования', 'Прокладка кабелей', 'Монтаж инженерных систем', 'Производство строительно-монтажных работ', 'Пользователь ПК', 'слаботочные системы', 'Электрические системы и слаботочные системы', 'Работа с электроинструментом', 'Строительно-монтажные риски', 'Высокая скорость работы', 'Работа в условиях многозадачности', 'планировать и оптимально организовать рабочий процесс', 'Коммуникабельность, стрессоустойчивость', 'Руководство людьми', 'Умение работать в условиях многозадачности', 'Компьютер', 'Умение организовать работу, планировать, принимать решения', 'Сосредоточенность']"
Сервис-инженер,БОЛЛФИЛТЕР Руссланд,147900.0,Нет опыта,"['Пользователь ПК', 'Работа в команде', 'Грамотная речь', 'Английский язык', 'Деловое общение']"
Инженер по обслуживанию систем безопасности,Ария ТВ,75000.0,От 1 года до 3 лет,"['Мобильность', 'Водительское удостоверение категории B', 'Ориентация на результат', 'Системы видеонаблюдения', 'Выездное обслуживание', 'Техническая эксплуатация', 'Техническое обслуживание', 'СКУД', 'Телекоммуникации', 'Работа с электроинструментом']"
Backend разработчик,РРТ,,От 1 года до 3 лет,"['Python', 'SQL', 'Git', 'Математическое моделирование', 'Творческое мышление']"
Руководитель мультисервисного департамента,STALOGISTIC,,От 3 до 6 лет,"['Английский язык', 'Управление проектами', 'Работа в команде', 'Мультимодальные перевозки', 'Управление командой', 'Автоперевозки', 'Авиаперевозки']"
Системный администратор,БизнесБокс,65000.0,От 1 года до 3 лет,"['Настройка ПК', 'Настройка ПО', 'Active Directory', 'PowerShell', 'Администрирование серверов Windows', 'Администрирование', 'Настройка DNS', 'DHCP', 'Грамотная речь', 'Офисная техника', 'Администрирование сетевого оборудования', 'Закупка оргтехники и оборудования', 'Локальные сети']"
Руководитель отдела автоматизации тестирования мобильных приложений,Тензор,87000.0,От 1 года до 3 лет,[]
Инженер-технолог (ЧПУ),Пролетарский завод,,От 1 года до 3 лет,"['Компас', 'Техническая документация', 'Siemens']"
System Analysis Functional Leader,РобоФинанс,,От 3 до 6 лет,[]
System Analysis Functional Leader,РобоФинанс,,От 3 до 6 лет,[]
Ведущий программист 1С,Баргус Трейд,150000.0,От 1 года до 3 лет,"['1С: Управление Производственным Предприятием', '1С программирование', '1С: Управление персоналом', '1С: Управление предприятием', 'Планирование карьеры', '1C: ERP']"
Ведущий разработчик 1С,Акваарт,150000.0,От 3 до 6 лет,"['Активные продажи', 'Работа в команде', 'Пользователь ПК', '1С программирование', '1С: Комплексная автоматизация']"
Ведущий системный администратор,Акваарт,90000.0,От 3 до 6 лет,"['Hyper-V', 'Active Directory', 'DHCP', 'Настройка DNS', 'VMware', 'Администрирование серверов Linux', 'PostgreSQL']"
Менеджер по трейд-маркетингу (аналитик),Акваарт,,От 1 года до 3 лет,"['Грамотность', 'Торговый маркетинг', 'Trade Marketing', 'B2C маркетинг', 'Power BI']"
Front-end разработчик,Акваарт,,От 1 года до 3 лет,"['Git', 'ООП', 'Работа в команде', 'Ориентация на результат', 'JavaScript', 'Linux', 'React', 'Type', 'Script']"
Разработчик Java,SberTech,,Нет опыта,"['Git', 'Java', 'Apache Kafka', 'ООП', 'Аналитическое мышление', 'UI', 'Spring Framework', 'Kubernetes']"
Java разработчик (middle),Синерджи Тиам,,От 1 года до 3 лет,"['Java', 'MongoDB', 'AngularJS', 'PostgreSQL', 'Spring boot']"
Оператор-наладчик станков с ЧПУ ( г. Петрозаводск ),МетеорСтафф,96000.0,От 3 до 6 лет,"['Коммуникабельность, ответственность', 'Ответственное отношение к работе']"
Начальник отдела методологии и сопровождения процессов учета электроэнергии,Россети Ленэнерго,,От 3 до 6 лет,"['Разработка регламентов', 'SQL', 'MS SQL', 'Разработка инструкций', 'Реинжиниринг бизнес-процессов', 'Методология', 'Автоматизация', 'Работа с большим объемом информации']"
Главный эксперт тестирования и контроля качества,Россети Ленэнерго,,От 3 до 6 лет,"['Управление проектами', 'Тестирование', 'Реинжиниринг бизнес-процессов', 'Бизнес-анализ', 'Автоматизация', 'Автоматизация процессов', 'MS Project']"
Специалист отдела по управлению программой цифровой трансформации,Россети Ленэнерго,,От 3 до 6 лет,"['Управление проектами', 'Ведение переговоров', 'Пользователь ПК', 'Документооборот', 'Работа с большим объемом информации']"
Ведущий эксперт по сопровождению информационных систем,Россети Ленэнерго,,От 3 до 6 лет,"['Управление проектами', 'MS Project', 'Управление процессами', 'Автоматизация процессов', 'Бизнес-аналитика', 'Бизнес-процессы']"
Специалист отдела методологии и сопровождения процессов учета электроэнергии,Россети Ленэнерго,,От 3 до 6 лет,"['Автоматизация', 'Точность и внимательность к деталям', 'Анализ данных', 'MS Office (Word, Excel, Outlook)', 'Методология', 'Автоматизация бизнес-процессов']"
Главный эксперт тестирования и контроля качества,Россети Ленэнерго,,От 3 до 6 лет,"['Управление проектами', 'Тестирование', 'Реинжиниринг бизнес-процессов', 'Бизнес-анализ', 'Автоматизация', 'Автоматизация процессов', 'MS Project']"
Ведущий специалист отдела информационных технологий,Россети Ленэнерго,,От 3 до 6 лет,[]
Senior QA engineer (web),Автохолдинг РРТ,,От 3 до 6 лет,[]
Project Manager / Kanban Coach,Автохолдинг РРТ,,От 1 года до 3 лет,"['Kanban', 'Scrum', 'Agile Project Management']"
Middle Backend / C# разработчик,TravelLine,120000.0,От 1 года до 3 лет,"['C#', 'Agile Project Management', 'Git', 'JavaScript', 'MVC', 'Grasp', 'SOA', 'Transact-SQL', '.NET 5']"
Менеджер по развитию бизнеса,Softline,,Нет опыта,"['Проведение презентаций', 'Публичные выступления', 'Работа в команде', 'Навыки продаж', 'Ведение переговоров']"
Инженер проектировщик по слаботочным системам,Лиман-трейд,75000.0,От 1 года до 3 лет,"['AutoCAD', 'Проектная документация', 'Разработка проектной документации', 'Проектирование', 'Разработка технических заданий', 'Компас 3D', 'Компас-3D']"
Front-end Developer (Angular),Andersen,,От 3 до 6 лет,"['Angular', 'TypeScript', 'JavaScript', 'Английский язык']"
Ведущий программист 1С,Фантазия-7,150000.0,От 3 до 6 лет,"['1С программирование', '1С: Предприятие 8', '1С: Зарплата и управление персоналом', '1С: Бухгалтерия предприятия', '1С: Комплексная автоматизация', '1С: Управление Торговлей', '1С: Розница', '1C: Предприятие', 'Разработка', 'Ведущий программист 1С', 'SQL', 'XML']"
Программист 1C,Фантазия-7,,От 3 до 6 лет,"['1С', 'БП', 'ЗУП', 'КА', 'УТ', '1С: Розница', '1С: Предприятие', '1С программирование', 'Разработка', 'Программист 1С', 'Розница', '1С: Бухгалтерия предприятия', 'Создание конфигурации 1С', '1С: Управление Торговлей']"
Специалист технической поддержки,Фантазия-7,45000.0,Нет опыта,"['Техническая поддержка', 'Грамотная речь', 'Helpdesk', 'Стрессоустойчивость', 'Неконфликтность', '1С', 'ОС Windows 10']"
Инженер СКУД и видеонаблюдения,Фантазия-7,,От 3 до 6 лет,"['Водительское удостоверение категории B', 'Мобильность', 'СКУД', 'СКД', 'СКС', 'СВН', 'Видеонаблюдение', 'Контроль доступа', 'PERCo']"
Кассовый инженер,Фантазия-7,52200.0,От 1 года до 3 лет,"['OC Windows 10', 'OC Linux', 'iiko', '1С: Розница', 'Кассовое оборудование', 'Торговое оборудование', 'Artix']"
Аналитик 1С,"МТ-Групп, Группа Компаний (МОРСКАЯ ТЕХНИКА)",130500.0,От 3 до 6 лет,"['ERP', 'ERP Systems', 'Строительство', '1С программирование', '1С: Зарплата и управление персоналом', '1С: Управление Торговлей', 'ERP-системы на базе 1С']"
Инженер технической поддержки,"Подружка, сеть магазинов",50460.0,От 1 года до 3 лет,"['Helpdesk', 'Http Proxy', 'FIrewall', 'Настройка DNS', 'DHCP', 'Active Directory', 'Terminal Server']"
Аналитик отдела клиентского сервиса/Analyst for Customer service,Unilever,,От 1 года до 3 лет,"['Английский язык', 'Аналитическое мышление', 'SAP', 'Работа с большим объемом информации', 'Анализ данных']"
Менеджер проекта,Ленпромавтоматика,50000.0,Нет опыта,"['Деловая переписка', 'Грамотная речь', 'Документальное сопровождение', 'Согласование договоров', 'Организаторские навыки']"
Торговый представитель LTE оборудования,Кузница Кадров,120000.0,Нет опыта,[]
Водитель-курьер на личном автомобиле (доставка LTE оборудования),Кузница Кадров,70000.0,Нет опыта,[]
Senior Android Developer,Тензор,226200.0,От 3 до 6 лет,"['Git', 'Android SDK', 'Android', 'Kotlin']"
"Специалист в Call-сenter(удалённо, работа из дома)",Ozon,27840.0,Нет опыта,[]
"Руководитель проектов 1С (Бюджетирование, МСФО)",СДЭК,,От 3 до 6 лет,"['Управление проектами', 'Тренинги', 'Английский язык', 'Мотивация персонала', '1С: Зарплата и управление персоналом', 'МСФО', 'Бюджетирование']"
Android Developer (Middle),Наука,,От 1 года до 3 лет,"['Android SDK', 'MVP', 'MVVM', 'Retrofit', 'Паттерны проектирования', 'Kotlin', 'Android']"
"Медицинский представитель, г. Санкт-Петербург",Сэлвим,68969.0,От 1 года до 3 лет,[]
Программист Битрикс,Мастер-М,70000.0,От 1 года до 3 лет,"['1С-Битрикс', 'jQuery', 'PHP', 'MySQL', 'ООП']"
Инженер-наладчик,СЗЭМО Электродвигатель,70000.0,От 1 года до 3 лет,"['AutoCAD', 'Работа в команде', 'Опытный пользователь ПК', 'Высшее образование']"
Руководитель по анализу и траблшутингу сети радиодоступа,Билайн,,От 3 до 6 лет,[]
Начинающий специалист (входящие запросы),Antal Russia,37410.0,Нет опыта,"['Высокая скорость печати', 'Грамотная речь', 'Прием и распределение телефонных звонков', 'Грамотность', 'Работа с большим объемом информации']"
Специалист поддержки пользователей (входящие обращения),Antal Russia,37410.0,От 1 года до 3 лет,"['Высокая скорость печати', 'Консультирование', 'Прием и распределение телефонных звонков', 'Грамотная речь', 'Активные продажи', 'Электронная почта', 'Консультирование клиентов по телефону', 'Клиентоориентированность', 'Грамотность', 'Пользователь ПК', 'Деловое общение', 'Сопровождение клиентов', 'Телефонные переговоры', 'Техническая поддержка', 'Навыки межличностного общения', 'Работа с большим объемом информации', 'Поиск информации в интернет', 'Консультирование клиентов', 'Слепая печать', 'Деловой этикет']"
Монтажник РЭА (Ремонтник),ПАНТЕС,50000.0,От 1 года до 3 лет,[]
Frontend-разработчик,Регистратор доменных имен РЕГ.РУ,,От 3 до 6 лет,"['JavaScript', 'Vue', 'vue.js']"
Unity Tech Lead,Amaya Soft,400000.0,От 3 до 6 лет,"['Unity', 'C#', 'ООП', 'Git']"
Программист 1C,АгроПрофи,,От 3 до 6 лет,"['1С программирование', '1С: Управление Торговлей', '1С-Битрикс', '1С: Предприятие 8', '1С: Бухгалтерия']"
C# Программист,Петербургская Недвижимость,120000.0,От 3 до 6 лет,[]
Менеджер IT-проектов,Петербургская Недвижимость,,От 1 года до 3 лет,[]
Frontend разработчик,Петербургская Недвижимость,136000.0,От 1 года до 3 лет,[]
Верстальщик,Петербургская Недвижимость,120000.0,От 1 года до 3 лет,"['JavaScript', 'Adobe Photoshop', 'HTML', 'CSS', 'Adobe Illustrator']"
Специалист первой линии поддержки пользователей,Петербургская Недвижимость,47850.0,От 1 года до 3 лет,"['Прием и распределение телефонных звонков', 'Грамотная речь', 'Грамотность', 'Навыки межличностного общения']"
IT Recruiter,Peter Partner,,От 1 года до 3 лет,"['Грамотная речь', 'Работа в команде', 'Подбор персонала', 'Деловое общение', 'Английский язык', 'Креативность', 'Рекрутинг', 'Организация мероприятий для сотрудников']"
Middle Android developer,Peter Partner,150000.0,От 1 года до 3 лет,"['Java', 'Kotlin', 'Android SDK', 'Git', 'Android']"
Оператор станков с ЧПУ (металлообработка),Светлана-Рентген,43500.0,Нет опыта,"['Работа в команде', 'Металлообработка', 'Умение читать чертежи', 'Внимательность, ответственность']"
Backend Python Developer,Доксинбокс,,От 1 года до 3 лет,"['Умение принимать решения', 'Redis', 'Python', 'Запуск новых продуктов']"
Специалист/менеджер тендерного отдела,Медфарма,40000.0,От 1 года до 3 лет,[]
Senior / Team Lead Android developer,Peter Partner,200000.0,От 1 года до 3 лет,"['Kotlin', 'Git', 'Java', 'Clean Architecture', 'Android SDK', 'Custom Views', 'SOLID', 'OkHttp', 'Kotlin MultiPlatform', 'JetPack Compose']"
Руководитель проекта (автоматизация учетных процессов),Банк ВТБ (ПАО),,От 3 до 6 лет,"['Agile Project Management', 'Управление проектами', 'Scrum', 'Atlassian Jira', 'MS PowerPoint']"
Администратор проектов (Служба автоматизации учетных процессов),Банк ВТБ (ПАО),,От 1 года до 3 лет,"['Управление проектами', 'MS PowerPoint', 'Agile Project Management', 'Atlassian Jira', 'Scrum']"
Ведущий инженер интеграции базовых станций,МТС,73515.0,От 1 года до 3 лет,"['LTE', 'Linux', 'Автоматизация технологических процессов', 'ORACLE', 'Unix', 'Технический английский язык']"
Инженер,МТС,45240.0,От 3 до 6 лет,"['Управление проектами', 'Устойчивое производство', 'Работа в команде', 'Деловая коммуникация', 'Работа с проектной документацией', 'Техническая грамотность', 'ВОЛС', 'VPN', 'Телекоммуникации', 'Связь']"
Инженер по управлению проектами подключения корпоративных клиентов,МТС,45240.0,От 1 года до 3 лет,"['Управление проектами', 'Устойчивое производство', 'Работа в команде', 'Деловая коммуникация', 'Работа с проектной документацией', 'Техническая грамотность', 'ВОЛС', 'VPN', 'Телекоммуникации', 'Связь']"
Аналитик 1С,Трайв-Комплект,,От 1 года до 3 лет,"['Подготовка презентаций', 'Коммуникативные навыки', '1С: Комплексная автоматизация', '1С: Предприятие', 'Описание бизнес-процессов', 'Составление ТЗ', 'Аналитика', 'Обучение новых сотрудников']"
Программист ПЛК (инженер АСУТП),НПФ Реом,71000.0,Нет опыта,"['Автоматизация технологических процессов', 'SCADA', 'Автоматизация', 'Техническая документация', 'MATLAB']"
Аналитик (коммерческие проекты),"Пивоваренная компания «Балтика», часть Carlsberg Group",,От 1 года до 3 лет,[]
Менеджер проектов,Гранд Минерал,40000.0,От 1 года до 3 лет,"['Документооборот', 'Закупка товаров и услуг', 'Первичная бухгалтерская документация', 'Планирование рабочего дня руководителя', 'Исполнение личных поручений руководителя']"
Go Developer (GKT Team),Semrush,220000.0,От 1 года до 3 лет,['Go']
Ментор на курс по Frontend - разработке,IT Girl School,,От 1 года до 3 лет,"['JavaScript', 'HTML', 'CSS', 'Умение легко находить контакт с людьми', 'Групповые программы']"
Инженер-программист,АК Ригель,,От 3 до 6 лет,"['Qt', 'C++', 'Linux', 'Английский язык', 'Windows 7']"
Системный аналитик 1С,ОКЕЙ – Федеральная розничная сеть,,От 1 года до 3 лет,"['1С: Документооборот', 'Разработка технических заданий', '1С: Предприятие 8', '1C: Бухгалтерия']"
Оператор фрезерного станка с ЧПУ,Парма,55000.0,От 1 года до 3 лет,"['Пользователь ПК', 'Работа в команде', 'Грамотная речь', 'Ведение документации', 'Работа с людьми']"
Middle Angular / Frontend - разработчик,СимбирСофт,,От 1 года до 3 лет,"['AngularJS', 'JavaScript', 'CSS3', 'Less', 'Git']"
Инженер,НИИ Вектор,45000.0,От 1 года до 3 лет,"['Продвинутый пользователь ПК', 'Высшее образование', 'Altium Designer', 'MATLAB']"
Старший программист 1С,ЗАВОД ГОРЭЛТЕХ,,От 3 до 6 лет,"['1С программирование', 'Обновление конфигурации 1С']"
Специалист первой линии технической поддержки,Сэтл Строй,44000.0,От 1 года до 3 лет,"['MS Outlook', 'Навыки межличностного общения', 'Расстановка приоритетов', 'Деловая переписка', 'Администрирование', 'Техническая поддержка', 'Пользователь ПК']"
Токарь,Автогидроподъемник,60900.0,От 1 года до 3 лет,[]
Токарь,"Знамя Труда, Завод малых серий",,От 3 до 6 лет,[]
Наладчик станков с программным управлением (токарной группы ),"Знамя Труда, Завод малых серий",,От 1 года до 3 лет,[]
Наладчик станков на обрабатывающий вертикальный центр FW560CNC (стойка Siemens),"Знамя Труда, Завод малых серий",,От 1 года до 3 лет,[]
Наладчик станков и манипуляторов с программным управлением (токарно-фрезерный станок MAZAK 250),"Знамя Труда, Завод малых серий",,От 1 года до 3 лет,[]
Фрезеровщик,"Знамя Труда, Завод малых серий",40455.0,От 1 года до 3 лет,[]
Ассистент / контент-менеджер в ателье по пошиву обуви,Буркацкий Олег Сергеевич,30000.0,Нет опыта,"['Организаторские навыки', 'Ведение переговоров', 'Ориентация на результат', 'Социальные сети', 'Наполнение контентом', 'Копирайтинг', 'Написание текстов', 'MS Word', 'Пользователь ПК', 'Умение работать в команде', 'Управление персоналом', 'Работа в команде', 'Грамотная речь', 'Ведение групп в социальных сетях', 'Поиск информации в интернет']"
Мастер по ремонту стиральных машин,Фаустов Михаил Валерьевич,85000.0,Нет опыта,"['Гарантийное обслуживание', 'Умение общаться с людьми', 'Ремонт бытовой техники', 'Навыки работы с возражениями', 'Материальная ответственность', 'Навыки продаж', 'Желание работать и зарабатывать', 'Обучаемость', 'Адекватность', 'Отчетность', 'Работа с людьми', 'Грамотная речь', 'Работа в команде']"
Python Backend Developer,Playrix,,От 3 до 6 лет,"['Python', 'SQL', 'REST API', 'Flask']"
Data Engineer,Playrix,,От 1 года до 3 лет,"['Python', 'SQL']"
Senior Data Engineer,Playrix,,От 3 до 6 лет,"['Python', 'SQL']"
"Специалист в Call-сenter(удалённо, работа из дома)",Ozon,27840.0,Нет опыта,[]
"Специалист в Call-сenter(удалённо, работа из дома)",Ozon,27840.0,Нет опыта,[]
Системный администратор,Военный комиссариат города Санкт-Петербург Московского района,10440.0,Нет опыта,"['Пользователь ПК', 'Работа в команде', 'Работа с людьми', 'Работа в условиях многозадачности', 'Опрятный внешний вид']"
Руководитель проектных продаж (освещение/переосвещение),BSG engineering company,70000.0,От 1 года до 3 лет,"['Ведение переговоров', 'Заключение договоров', 'CRM', 'Сопровождение клиентов', 'Контроль отгрузок', 'Деловая коммуникация', 'Навыки переговоров', 'Поиск и привлечение клиентов', 'Проектная документация', 'Контроль исполнения решений', 'Управление отношениями с клиентами', 'Управление проектами', 'Бюджетирование', 'контроль сроков', 'MS Office', 'MS Outlook']"
Руководитель проектных продаж (электрощитовое оборудование),BSG engineering company,60000.0,От 1 года до 3 лет,"['Ведение переговоров', 'Заключение договоров', 'CRM', 'Сопровождение клиентов', 'Контроль отгрузок', 'Деловая коммуникация', 'Навыки переговоров', 'Поиск и привлечение клиентов', 'Проектная документация', 'Контроль исполнения решений', 'Управление отношениями с клиентами', 'Управление проектами', 'Бюджетирование', 'контроль сроков', 'MS Office', 'MS Outlook']"
Руководитель проектных продаж (слаботочные системы),BSG engineering company,60000.0,От 1 года до 3 лет,"['Ведение переговоров', 'Заключение договоров', 'CRM', 'Сопровождение клиентов', 'Контроль отгрузок', 'Деловая коммуникация', 'Навыки переговоров', 'Поиск и привлечение клиентов', 'Проектная документация', 'Контроль исполнения решений', 'Управление отношениями с клиентами', 'Управление проектами', 'Бюджетирование', 'контроль сроков', 'MS Office', 'MS Outlook']"
Senior Front-End Developer,"Flow Health, Inc",,От 3 до 6 лет,"['JavaScript', 'Redux', 'TypeScript', 'React', 'Webpack', 'ES6+']"
Менеджер по продуктовому маркетингу,Билайн,,От 3 до 6 лет,"['Проведение презентаций', 'Клиентоориентированность', 'Деловая этика', 'MS PowerPoint', 'Обучение и развитие', 'Запуск новых продуктов']"
Наладчик станков с ЧПУ,Knorr-Bremse 1520,,От 1 года до 3 лет,['Станки ЧПУ']
Дизайнер пользовательских интерфейсов (UI / UX),Сэтл Строй,120000.0,От 3 до 6 лет,[]
Программист/Front-end разработчик,ЭйСиЭс,43500.0,Нет опыта,"['Angular', 'TypeScript', 'Английский язык', 'JS', 'HTML', 'CSS', 'Front-end']"
Главный специалист в Управление экспертизы решений ИБ [id88402],Газпром нефть,,От 3 до 6 лет,"['ФСТЭК', 'ФЗ 152', 'Информационная безопасность', 'Аудит', 'ФСТЭК 21', 'ФСТЭК 31', 'ФЗ 187']"
Инженер по слаботочным системам СВН СОТ СОС АПС АСПТ ВПВ,Технические системы безопасности,60000.0,От 1 года до 3 лет,"['Настройка ПО', 'Настройка ПК', 'Электрические системы и слаботочные системы', 'Автоматизированное рабочее место (АРМ)', 'Техническое обслуживание', 'Пожарная сигнализация', 'Умение организовать работу', 'видеонаблюдение', 'БОЛИД']"
React native разработчик,Сложные облачные системы,90000.0,От 1 года до 3 лет,"['JavaScript', 'React Native']"
Специалист отдела методологии (Системный аналитик),"Восток, Энергосбытовая компания",65000.0,От 1 года до 3 лет,"['Бизнес-анализ', 'Ведение переговоров', 'MS Visio', 'Оптимизация бизнес-процессов', 'Разработка технических заданий', 'Работа с большим объемом информации', 'MS Excel', 'MS PowerPoint', 'Аналитическое мышление']"
Маркетолог-аналитик,МетПластСтройКомплект,40000.0,Нет опыта,"['SWOT анализ', 'Креативность', 'Аналитическое мышление', 'Маркетинговый анализ', 'Стратегическое мышление']"
Ведущий web-программист,Сэтл Строй,155000.0,От 3 до 6 лет,[]
SAS программист,"БИОКАД, биотехнологическая компания",,От 1 года до 3 лет,[]
Менеджер по поддержке обработки технических заявок,Yota,,От 1 года до 3 лет,"['SAP BI', 'SQL', 'MS PowerPoint', 'SAP Business Objects', 'MS Outlook']"
Руководитель по экспертному обслуживанию и информационному обеспечению,Yota,,От 3 до 6 лет,"['Оптимизация бизнес-процессов', 'Работа в команде', 'Управление командой', 'Ориентация на результат', 'Управление проектами']"
Java-разработчик,Рюмшина Анастасия Андреевна,245000.0,От 3 до 6 лет,"['Английский язык', 'PostgreSQL', 'Java', 'Spring Framework', 'Git', 'Java Core', 'Selenium', 'JavaScript']"
Middle Frontend developer (JS React),Credit.Club,,От 3 до 6 лет,"['JavaScript', 'ES6', 'React', 'Redux', 'JSON', 'REST API', 'Git', 'CSS', 'Sass', 'Webpack']"
"Backend Developer (keywords: Laravel, php, back-end)",Obalor,120000.0,От 3 до 6 лет,"['MySQL', 'Git', 'PHP5', 'Linux', 'Laravel']"
Fullstack Senior разработчик JS + React,Баренбойн Даниэль,217500.0,От 3 до 6 лет,"['ReactJS', 'Typescript', 'PostgreSQL', 'Express', 'NextJS']"
Fullstack Senior разработчик PHP,Баренбойн Даниэль,217500.0,Нет опыта,"['Drupal', 'PHP', 'Удаленная работа', 'Backend', 'jQuery', 'CSS/SASS']"
Региональный руководитель по строительству и модернизации объектов сотовой связи,Ericsson,80000.0,От 3 до 6 лет,"['Деловая переписка', 'Организаторские навыки', 'Руководство коллективом', 'Охрана труда и техника безопасности', 'Управление командой', 'Управление производственным персоналом', 'Производственный контроль', 'Гибкость', 'Расстановка приоритетов', 'Управление проектами', 'Работа в команде', 'Управление персоналом', 'Пользователь ПК', 'MS Excel', 'Делопроизводство', 'Деловое общение', 'Ведение переговоров']"
PHP-разработчик,Узнать Штрафы.ру,,От 3 до 6 лет,"['Git', 'PHP', 'MySQL', 'Linux', 'ООП', 'Laravel', 'Symfony', 'Yii2', 'RabbitMQ']"
Инженер-программист АСУ ТП,Хэнди-Автомейшн,85000.0,От 1 года до 3 лет,"['Английский язык', 'TIA Portal', 'Simatic WinCC flexible', 'Техническая документация', 'Step 7', 'SoMachine']"
Руководитель интернет-проектов Битрикс,СБЕРКОРУС,,Нет опыта,"['1С-Битрикс', 'Управление проектами', 'Проведение презентаций', 'Проведение семинаров', '1С: Документооборот']"
Бизнес-аналитик Битрикс (Битрикс: управление сайтом),СБЕРКОРУС,,От 1 года до 3 лет,"['1С-Битрикс', 'Управление проектами', 'Проведение презентаций', 'Проведение семинаров', '1С: Документооборот']"
Специалист по тестированию 1С,СБЕРКОРУС,,От 1 года до 3 лет,"['Atlassian Jira', 'Atlassian Confluence', 'SQL', 'Функциональное тестирование', 'Тестирование пользовательского интерфейса']"
"Senior Backend Developer (nodejs, restjs)",Фин Дизайн,298668.0,От 3 до 6 лет,"['MySQL', 'Git', 'PostgreSQL', 'Английский язык', 'Golang', 'Node.js', 'nestjs', 'Typescript']"
Программист Java (embedded-системы),Юпитер,,От 3 до 6 лет,"['Git', 'Java', 'Spring Framework', 'Linux', 'Коммуникабельность', 'Английский язык', 'Самостоятельность']"
Senior Technical Writer / Support Analyst,VisualSVN,150000.0,От 3 до 6 лет,"['Английский язык', 'Написание текстов', 'Написание статей', 'Техническая документация', 'Системный анализ']"
Старший консультант SAP,Крит,,От 1 года до 3 лет,[]
JS Developer,SPB TV,174000.0,От 1 года до 3 лет,"['JavaScript', 'Git', 'ReactJS', 'TypeScript', 'React']"
Senior JS Developer,SPB TV,217500.0,От 3 до 6 лет,"['JavaScript', 'Git', 'ReactJS', 'TypeScript', 'HTML']"
Senior QA Automation engineer,KMS Lighthouse,,От 3 до 6 лет,"['Java', 'SQL', 'Linux', 'MS SQL', 'Data Analysis', 'Selenium IDE', 'Английский язык']"
QA Automation Lead,KMS Lighthouse,,От 3 до 6 лет,"['Java', 'SQL', 'Linux', 'MS SQL', 'Data Analysis', 'Selenium IDE', 'Английский язык']"
Токарь (ученик токаря),ГиТ,45000.0,Нет опыта,['Навыки работы на токарном станке']
Middle/Senior Node.js Developer,ZeroHub,,От 3 до 6 лет,"['Node.js', 'TypeScript', 'PostgreSQL', 'Nest.js', 'gRPC', 'Vault', 'Английский язык']"
PHP Developer,Поггиплэй,74667.0,От 1 года до 3 лет,"['Git', 'MySQL', 'PHP', 'API', 'Codeigniter']"
Middle/Senior QA Engineer,ZeroHub,,От 1 года до 3 лет,"['PostgreSQL', 'SQL', 'Atlassian Jira', 'Git', 'Node.js', 'QA', 'Тестирование', 'Регресcионное тестирование', 'Функциональное тестирование', 'Интеграционное тестирование', 'Ручное тестирование', 'API', 'Postman', 'SOAP', 'UI', 'Check-list', 'Test case']"
Менеджер по сопровождению клиентов (первичная недвижимость),Киселёва Анастасия Сергеевна,150000.0,От 1 года до 3 лет,"['Жилая недвижимость', 'Заключение договоров', 'Сопровождение сделок', 'Умение работать в команде', 'Деловое общение']"
Разработчик баз данных PostgreSQL/Oracle,HitHunt,,От 3 до 6 лет,"['PostgreSQL', 'Oracle Pl/SQL']"
Product-менеджер / менеджер по развитию,IPG.Estate,,От 1 года до 3 лет,"['Product Management', 'Анализ рынка', 'Работа в команде', 'Запуск новых продуктов', 'Оценка потребностей клиентов', 'Навыки переговоров', 'Привлечение клиентов', 'Управление проектами']"
Smm-менеджер/контент-менеджер,Автомат-Сервис,50000.0,От 1 года до 3 лет,"['Видеосъемка', 'Графический дизайн', 'Видеомонтаж', 'Копирайтинг', 'Графические редакторы', 'Креативность', 'SMM', 'Наполнение контентом', 'Дизайн', 'Фотомонтаж']"
Web-программист / инженер-программист,B.A.S.E. ( Business Application Support Engineering ),78300.0,От 1 года до 3 лет,"['ASP.NET', 'MS SQL', 'С#', 'Java Script', 'Vue.js']"
Бизнес-аналитик по автоматизации процессов капитального строительства,IBS,,От 3 до 6 лет,"['MS Visio', 'ARIS', 'Моделирование бизнес процессов', 'Управление проектами', 'Бизнес-анализ']"
Личный помощник генерального директора,Спэйс Фо,43500.0,От 1 года до 3 лет,"['Исполнение личных поручений руководителя', 'Административная поддержка руководителя', 'исполнение поручений руководителя']"
Маркетолог/Интернет-маркетолог/специалист отдела рекламы и Pr,Автомат-Сервис,50000.0,От 1 года до 3 лет,"['Social Media Marketing', 'SMM', 'Интернет-реклама', 'Социальные сети', 'Internet Marketing', 'Таргетинг', 'Наполнение контентом', 'Интернет маркетинг', 'B2B Marketing', 'Веб-аналитика', 'Serm', 'ORM', 'Web-дизайн', 'Брендинг', 'Cоциальный маркетинг', 'Разработка маркетинговой стратегии', 'Анализ PR стратегии конкурентов', 'Расстановка приоритетов', 'План продвижения', 'SEO-копирайтинг', 'Планирование рекламных кампаний', 'Развитие бренда', 'Ведение групп в социальных сетях', 'Медиапланирование', 'Email маркетинг', 'Аудит SMM', 'SEO оптимизация', 'Управление интернет-проектами', 'Запуск новых продуктов', 'Маркетинговый анализ']"
Data Analyst,Novakid Inc,220000.0,От 1 года до 3 лет,"['SQL', 'Python', 'Tableau', 'Английский язык', 'PostgreSQL']"
BigData Developer,Luxoft,,От 1 года до 3 лет,[]
PL/SQL Developer,Luxoft,,От 1 года до 3 лет,"['SQL', 'Английский язык', 'Oracle Pl/SQL']"
Backend developer (PHP),Wisebits,293209.0,От 3 до 6 лет,"['MongoDB', 'MySQL', 'Git', 'Redis', 'CSS', 'PHP', 'ClickHouse', 'Phalcon']"
Business Analyst,Unlimint,,От 3 до 6 лет,"['Market Research', 'Business Analysis', 'Английский язык', 'Analytical skills', 'Data Analysis']"
Программист 1C 8,Брандт,80000.0,От 1 года до 3 лет,"['1С: Управление Производственным Предприятием', '1С: Предприятие 8', '1С программирование', '1С: Бухгалтерия', '1С: Зарплата и управление персоналом']"
Программист,Брандт,70000.0,От 1 года до 3 лет,['PHP']
Product-менеджер /Senior (сфера образования),АНО Дополнительного Профессионального Образования «Национальный Исследовательский Институт Дополнительного Образования и Профессионального обучения»,,От 1 года до 3 лет,"['CRM', 'Управление продуктом', 'Product Management', 'Разработка нового продукта', 'Аналитическое мышление']"
Системный аналитик,АНО Дополнительного Профессионального Образования «Национальный Исследовательский Институт Дополнительного Образования и Профессионального обучения»,,От 1 года до 3 лет,"['BPMN', 'Бизнес-анализ', 'UML', 'Atlassian Jira', 'Redmine']"
3D Animator (Middle),Геоскан,,От 1 года до 3 лет,"['3D Моделирование', '3D-графика', 'Houdini', 'Blender 3D']"
UI/UX дизайнер junior (удаленно),Requires Media,60900.0,Нет опыта,"['Креативность', 'Adobe Photoshop', 'Adobe Illustrator', 'Инфографика', 'Удаленная работа']"
Аниматор 3D / Animator 3D,Gaijin Games,,От 3 до 6 лет,"['Autodesk Maya', 'Adobe Photoshop', 'Autodesk 3ds Max', '3ds Max', 'Motionbuilder']"
Junior+ / Middle Frontend developer (React),Foach,,От 1 года до 3 лет,"['HTML5', 'Sass', 'CSS3', 'Less', 'jQuery', 'JavaScript', 'Ajax', 'React']"
Проджект менеджер (middle Project manager)/Руководитель проектов,Lion Target,30450.0,От 1 года до 3 лет,"['Деловое общение', 'Телефонные переговоры', 'Интернет-реклама', 'SMM', 'Многозадачность', 'Устойчивость к стрессам', 'Грамотная устная и письменная речь', 'Удаленная работа', 'Организаторские навыки', 'Умение работать в команде', 'Управление проектами', 'Таргетинг']"
Инженер по качеству/QA,МТС,,От 1 года до 3 лет,"['postman', 'Тестирование пользовательского интерфейса', 'Регресcионное тестирование', 'testrail', 'Мобильное тестирование', 'swagger', 'JSON API']"
Frontend-разработчик,Virtuozzy Systems,50000.0,От 1 года до 3 лет,"['Git', 'JavaScript', 'Redux', 'React', 'CSS']"
Machine Learning Developer,ТРИДИВИ,,Нет опыта,"['Python', 'OpenCV', 'Computer Vision', 'Английский язык', 'Deep Learning', 'Математическая статистика', 'Machine Learning', 'C/C++', 'Линейная алгебра']"
Ведущий инженер КСОБ (проектирование),СвязьСтройСервис,,От 3 до 6 лет,"['КСОБ', 'ОПС, СКУД, СОУЭ, СВН, РАСЦО, РВ, ТВ', 'специализация по системам безопасности', 'Комплексные системы обеспечения безопасности']"
Junior+ / Middle Backend developer,Foach,,От 1 года до 3 лет,"['PHP', 'jQuery', 'Laravel', 'Yii', 'JavaScript']"
Менеджер продуктовой аналитики,Yota,,От 1 года до 3 лет,"['Подготовка отчетов', 'Аналитика', 'Продуктовая аналитика']"
Senior DevOps Engineer,Представительство компании Altium Europe GMBH,,Более 6 лет,"['Terraform', 'AWS', 'Kubernetes', 'Puppet', 'CI/CD', 'Zabbix', 'Chef', 'Jenkins', 'Ansible']"
Technical Solution Architect,Softline,,От 1 года до 3 лет,[]
Devops Engineer,Novakid Inc,200000.0,От 1 года до 3 лет,"['Linux', 'Python', 'Английский язык', 'Bash', 'Ansible']"
Backend Developer / Программист-разработчик PHP VAPE ZONE,Алексеев Павел Борисович,,От 1 года до 3 лет,['PHP']
Senior System Engineer,Представительство компании Altium Europe GMBH,,От 3 до 6 лет,"['Kubernetes', 'Ansible', 'Jenkins', 'Linux', 'AWS', 'Puppet', 'Zabbix', 'CI/CD', 'Chef', 'Gitlab', 'English', 'Terraform']"
Producer (GameDev),Playgendary,,От 3 до 6 лет,[]
Старший бизнес-аналитик СЭД,Syntellect (ООО СИНТЕЛЛЕКТ),100000.0,От 1 года до 3 лет,[]
Senior UX Designer (Yellow Team),Semrush,150000.0,От 3 до 6 лет,"['Английский язык', 'Работа в команде', 'UX']"
Big Data Engineer (Yellow Team),Semrush,200000.0,От 3 до 6 лет,"['Linux', 'Golang', 'Python', 'Английский язык', 'Bash', 'Big Data', 'HDFS', 'Debian', 'C#', 'Highload']"
Digital Marketing Campaign Manager,Semrush,200000.0,Более 6 лет,[]
Senior UX Designer (Ninja Team),Semrush,150000.0,От 3 до 6 лет,"['UX', 'Английский язык', 'Грамотная речь', 'UI']"
Senior UX-проектировщик,Semrush,150000.0,От 1 года до 3 лет,"['UX', 'Проектирование пользовательских интерфейсов', 'Прототипирование', 'Google Analytics', 'Customer Journey Map', 'Анализ поведения пользователей', 'User flow map', 'Use Case Analysis']"
Арт-директор,ВСЕХОРОШО,,От 1 года до 3 лет,[]
Бэкенд-разработчик (Python) / Middle Python / Python Developer (Remote),"ЮТэйр, Авиакомпания",150000.0,От 1 года до 3 лет,"['Python', 'Git', 'MongoDB', 'Redis', 'Design Patterns', 'Flask']"
Бизнес-аналитик,Императорский фарфоровый завод,,От 1 года до 3 лет,"['SQL', 'MS SQL', 'CRM', 'Аналитические исследования', 'Прогнозирование', '1С-Битрикс', 'MS Power Builder']"
Ассистент подразделения стажировки / Методист,Devexperts,,От 1 года до 3 лет,[]
Unity C# Developer,Tvori Inc.,174000.0,От 3 до 6 лет,"['Unity', 'VR', 'Английский язык', 'C#', 'Virtual Reality', 'Metaverse']"
Frontend developer ( Vue.js) remotely,Кадровое агентство ЕВА,300000.0,От 1 года до 3 лет,"['JavaScript', 'Git', 'HTML5', 'Node.js', 'TypeScript']"
Senior С++ Gameplay Programmer,G5 Entertainment AB,,От 3 до 6 лет,[]
Ведущий системный администратор (инженер - архитектор),Onecloudspace,100000.0,От 3 до 6 лет,"['Инициативность', 'Компетентность', 'Трудолюбие', 'Честность', 'Доброжелательность', 'Добросовестность']"
Специалист клиентской поддержки (Удаленная работа),"Лента, федеральная розничная сеть",30000.0,Нет опыта,"['Клиентоориентированность', 'Работа в команде', 'Грамотная речь', 'Деловое общение', 'Пользователь ПК']"
Помощник системного администратора,Onecloudspace,40000.0,Нет опыта,"['Настройка ПО', 'Настройка ПК', 'Техническая поддержка', 'Windows 7', 'Работа с оргтехникой']"
Senior C++ Engine Programmer,G5 Entertainment AB,,От 3 до 6 лет,[]
Middle C++ Gameplay Programmer,G5 Entertainment AB,,От 1 года до 3 лет,[]
Администратор 1С,Onecloudspace,90000.0,Нет опыта,"['Windows 7', 'MS SQL Server', '1С: Предприятие 8', '1С: Зарплата и управление персоналом', '1С: Управление Торговлей']"
Middle C++ Engine Programmer,G5 Entertainment AB,,От 1 года до 3 лет,[]
"Менеджер продукта / Специалист по закупкам оборудования LTE, Private LTE",ЛЕО ТЕЛЕКОМ,,От 3 до 6 лет,"['Управление проектами', 'Анализ рынка', 'Знание LTE и P-LTE, GSM', 'Знание принципов построения и функционирования систем связи/ радиосвязи', 'Управление процессом получения сертификатов', 'Подготовка презентаций', 'Private LTE']"
PHP/JS разработчик (Full Stack),Литмаркет,70000.0,От 3 до 6 лет,"['PHP', 'JavaScript', 'MySQL', 'HTML5', 'CSS3', 'Git', 'Linux', 'Nginx', 'ООП', 'MVC', 'Laravel']"
Junior C++ Gameplay Programmer,G5 Entertainment AB,,Нет опыта,[]
IT Project manager,8base,80000.0,Нет опыта,"['Английский язык', 'Подготовка презентаций', 'Деловая коммуникация', 'JavaScript', 'Atlassian Jira', 'Atlassian Confluence', 'Гибкость', 'People Management']"
Менеджер по работе с B2B партнерами,Приложение «Кошелёк»,,От 1 года до 3 лет,"['Ведение переговоров', 'Заключение договоров', 'Поиск и привлечение клиентов', 'B2B', 'Сопровождение клиентов', 'B2B Продажи']"
Data engineer,Группа компаний eLama,,От 1 года до 3 лет,"['Python', 'SQL', 'Linux', 'Airflow']"
Infrastructure Engineer,Betby,,От 3 до 6 лет,"['Linux', 'Python', 'Shell Scripting', 'Kubernetes', 'Bash', 'Debian', 'Zabbix', 'PostgreSQL']"
Специалист 1С (на поддержку),33 Решения,50000.0,От 1 года до 3 лет,"['1С: Управление Торговлей', '1С: Комплексная автоматизация', 'Работа в команде', 'Консультирование', '1С: Предприятие 8', '1С:Управление Нашей Фирмой']"
Scala Developer,Betby,,От 3 до 6 лет,"['SCALA', 'MongoDB', 'Python', 'Kafka', 'SQL', 'kafka-streams', 'FS2', 'Cats', 'Akka']"
Unity developer / Game developer,Kosmos,,От 3 до 6 лет,"['Unity', 'C#', 'Git', 'Upsource', 'Jenkins', 'Rider']"
Разработчик PL/SQL,"Лента, федеральная розничная сеть",,От 1 года до 3 лет,"['SQL', 'MS SQL', 'Работа с базами данных', 'MS Access', 'MS Visio']"
Системный инженер,Мирайт,87000.0,От 3 до 6 лет,"['Администрирование сетевого оборудования', 'Настройка сетевых подключений', 'VPN', 'Windows Server 2019', 'Администрирование серверов Windows', 'Настройка VPS/VDS серверов', 'Hyper-V', 'Helpdesk', 'TCP/IP', 'VoIP', 'Zabbix', 'Настройка ПО', 'MS Exchange', 'VMware', 'Резервное копирование', 'IP телефония', 'Немецкий язык', 'Настройка DNS', 'DHCP']"
"PHP-разработчик (Laravel) Junior, удаленная работа",Балтийский Телекоммуникационный Холдинг,65000.0,От 1 года до 3 лет,"['MySQL', 'PostgreSQL', 'Git', 'PHP5', 'Jetbrains Phpstorm', 'Linux', 'ООП', 'PHP']"
Game Designer,AIPeople,,От 1 года до 3 лет,"['Unity', 'Креативность', 'Разработка концепции']"
Инженер-программист,Резонанс,43500.0,От 1 года до 3 лет,['Схемотехника электронного оборудования']
Менеджер продукта РРЛ и ШПД,ЛЕО ТЕЛЕКОМ,,От 3 до 6 лет,"['Ведение переговоров', 'Анализ рынка', 'Проведение презентаций', 'B2B Продажи', 'Анализ конкурентной среды', 'Знание принципов построения и функционирования систем связи,систем радиосвязи', 'Знание продуктов производителей NEC, Ceragon, Микран, Infinet, Intracom', 'Навыки работы в приложениях MS Office,DRRL, Radioplanner', 'Разработка технического решения', 'Участие в Тендерах', 'Получение сертификатов', 'Знание рынка Радиорелейного оборудования и оборудования Широкополосной передачи данных']"
"JS developer (ReactJS, Angular, NodeJS)",Рюмшина Анастасия Андреевна,224001.0,От 3 до 6 лет,"['Git', 'Java', 'AngularJS', 'Angular', 'Node.js', 'ReactJS', 'PostgreSQL']"
Data Analitics / Дата Аналитик,Mobiblis,37333.0,От 1 года до 3 лет,"['Python', 'Базы данных', 'MS SQL', 'Анализ бизнес показателей', 'Аналитическое мышление', 'Работа с большим объемом информации', 'Data Analysis']"
С# Junior Developer,Itransition,,От 1 года до 3 лет,"['JavaScript', 'Английский язык', 'Git', 'HTML', 'CSS']"
Senior Product Manager / CPO,StudyWorld,250000.0,От 3 до 6 лет,"['Работа в команде', 'Управление проектами', 'Проведение презентаций']"
Head of Sales / Руководитель отдела продаж,StudyWorld,120000.0,От 3 до 6 лет,"['Английский язык', 'Работа в команде', 'Управление продажами', 'Управление персоналом', 'Грамотная речь']"
Middle+ PHP Developer,StudyWorld,,От 3 до 6 лет,"['Git', 'PHP', 'Английский язык', 'PostgreSQL', 'ООП']"
Middle/Senior PHP Developer,StudyWorld,140000.0,От 3 до 6 лет,"['PostgreSQL', 'ООП', 'PHP']"
Junior full stack web-разработчик,Lasmart,,Нет опыта,"['.NET Framework', 'Базы данных', 'ASP.NET', 'MVC', 'JavaScript', 'TypeScript']"
Оператор технологического оборудования,ESTEL,50000.0,Нет опыта,[]
Программист по NX,"Силовые машины, Управляющая компания",,Нет опыта,[]
Ассистент руководителя,Делегатор 24,17400.0,От 1 года до 3 лет,['Административная поддержка руководителя']
"Программист С со знанием Assembler, ОС Linux",Кликнет,70000.0,От 1 года до 3 лет,"['C/C++', 'Linux', 'kernel']"
SEO-специалист,Бульдог,50000.0,Нет опыта,"['SEO', 'SEO оптимизация', 'Поисковая оптимизация мобильной версии сайта', 'Составление семантического ядра', 'Аудит поисковой видимости сайта', 'Внутренняя оптимизация сайта', 'HTML/CSS', 'Поисковые системы']"
Product analyst,LuckyGroup,150000.0,От 3 до 6 лет,"['Python', 'SQL', 'Анализ данных', 'Power BI', 'Яндекс.Метрика', 'Google Analytics', 'R', 'Product analyst']"
Business Analyst/Product owner,SimpleTexting,,От 3 до 6 лет,"['Product Owner', 'Agile Project Management', 'Business Analysis', 'Scrum', 'Figma', 'Agile']"
Product Lead,ARRIVAL LTD,,Более 6 лет,"['Английский язык', 'Project management', 'Product Management', 'Team management', 'Analytical skills']"
Музыкальный журналист-копирайтер,Безумов Владислав,15000.0,Нет опыта,"['Грамотность', 'Написание текстов', 'Написание статей', 'Грамотная речь', 'Поиск информации в интернет']"
Аниматор 3D,Red Pill Studio,,От 1 года до 3 лет,"['Autodesk Maya', 'Анимация', 'Adobe Photoshop', '3D-графика']"
QA Engineer/Старший инженер по тестированию СберТех,SberTech,121800.0,От 1 года до 3 лет,[]
SMM / Контентмейкер (ювелирные изделия и арт клуб),Борзенко Борис Борисович,45369.0,От 1 года до 3 лет,"['SMM', 'Social Media Marketing', 'Internet Marketing', 'Ведение групп в социальных сетях', 'Креативность', 'Социальные сети', 'Продвижение бренда', 'Работа с opinion лидерами в социальных сетях', 'Наполнение контентом', 'Копирайтинг', 'Интернет-реклама', 'Работа с блогерами', 'Instagram', 'СММ']"
"Ведущий инженер-программист C/C++ (Qt, Linux)",Аквамарин,,От 3 до 6 лет,"['C/C++', 'Linux', 'Qt', 'qnx']"
"Руководитель отдела разработки ПО / Team Lead (C++, Qt, Linux)",Аквамарин,,От 3 до 6 лет,"['C/C++', 'Linux', 'Qt']"
Ведущий C# разработчик,NGRServices,200000.0,От 3 до 6 лет,"['Git', 'Atlassian Jira', 'C#', 'RabbitMQ']"
Senior QA Engineer (Blockchain),Quantori,,От 3 до 6 лет,"['Java', 'Английский язык', 'SQL', 'QA', 'Тестирование', 'Test Automation', 'Blockchain', 'Spring Framework', 'Gnosis', 'TheGraph', 'Ethereum']"
Middle Flutter/ Frontend Developer (Remote),"ЮТэйр, Авиакомпания",150000.0,От 1 года до 3 лет,"['Flutter', 'Android', 'iOS', 'Dart', 'ReactNative', 'Figma']"
Senior Developer (Angular/Node),ОнТаргет ЛАБС,292321.0,От 3 до 6 лет,"['AngularJS', 'JavaScript', 'Node.js', 'CSS', 'HTML', 'Angular', 'MongoDB', 'TypeScript', 'AWS', 'MEAN']"
Менеджер по работе с рекламодателями / Affiliate manager,Новые Технологии,100000.0,От 1 года до 3 лет,"['Английский язык', 'Грамотная речь', 'Деловая переписка', 'Internet', 'Активные продажи', 'Холодные продажи', 'Интернет-реклама', 'Реклама', 'Деловое общение', 'CPA']"
Менеджер по продажам,ТИМИГОР,52200.0,От 1 года до 3 лет,"['Активные продажи', 'Работа с возражениями', 'Грамотная речь', 'Сопровождение клиентов', 'Консультирование клиентов по телефону', 'CRM', 'Работа в команде']"
Copywriter,Смарт-Фрэнд,,От 3 до 6 лет,"['Английский язык', 'Копирайтинг', 'White paper']"
"Разработчик Android (Java,C/C++)",INPAS,,От 3 до 6 лет,[]
Начинающий специалист (Инженер),МегаФон,,Нет опыта,[]
QA (автотестирование),INPAS,,От 1 года до 3 лет,"['Python', 'Git', 'SQL', 'Pytest', 'Selenium', 'Тестирование', 'PyCharm']"
Java developer (NB-IoT Connector),Deutsche Telekom IT Solutions,,От 3 до 6 лет,[]
Senior Data Engineer,Quantori,,От 3 до 6 лет,"['Spark', 'SCALA', 'Data Analysis', 'Английский язык', 'Python', 'Java', 'R', 'SQL', 'ETL', 'NoSQL', 'AWS', 'Amazon Web Services', 'Azure', 'GCP', 'Google Cloud Services']"
Ведущий инженер по тестированию/QA engineer Middle в Platform V Product Pricing & Exchange Rates,SberTech,156600.0,От 1 года до 3 лет,[]
Senior Delivery Manager,Quantori,,Более 6 лет,"['Project management', 'Английский язык', 'Team management', 'Управление проектами', 'Delivery management', 'Agile Project Management']"
"Специалист в Call-сenter(удалённо, работа из дома)",Ozon,22881.0,Нет опыта,[]
Senior QA Automation (Java) Engineer,Quantori,,От 3 до 6 лет,"['Java', 'Английский язык', 'Apache Maven', 'Quality Control', 'Git', 'QA', 'QA Automation', 'Тестирование', 'BDD', 'Selenium IDE', 'Gradle']"
Java Architect,Emphasoft,,От 3 до 6 лет,"['Английский язык', 'Java EE', 'Java SE', 'SQL', 'JPA']"
Data Engineer (Spark),Quantori,,От 3 до 6 лет,"['Spark', 'Английский язык', 'Python', 'SQL', 'ETL', 'AWS', 'Amazon Web Services', 'Azure', 'GCP', 'Google Cloud Services', 'Databricks', 'Apache Airflow', 'AWS MWAA', 'AWS Glue', 'Apache NiFi']"
Java Developer (VW SSC),Deutsche Telekom IT Solutions,,От 3 до 6 лет,[]
Тестировщик ПО,Кволитика,50000.0,От 1 года до 3 лет,"['SQL', 'Функциональное тестирование', 'Postman', 'Тестирование пользовательского интерфейса', 'REST', 'Нагрузочное тестирование']"
Java developer (TTL Factory),Deutsche Telekom IT Solutions,,От 3 до 6 лет,[]
Junior Java/Kotlin Developer,Just AI,,Нет опыта,"['Spring Framework', 'Kotlin', 'Java']"
Junior Product/Project Manager,Рекруто,21750.0,Нет опыта,"['Product Management', 'Agile Project Management', 'Start-up project', 'Project management']"
С++ Game Developer (хоррор ILL),TeamClout,,Нет опыта,"['C++', 'UE4']"
Fullstack разработчик Ruby on Rails (Middle+/Senior),Wfolio,87000.0,Нет опыта,"['PostgreSQL', 'HTML', 'RSpec', 'Ruby On Rails']"
Senior Backend разработчик PHP (экосистема Avito),Баер Макспостер,,От 3 до 6 лет,"['MySQL', 'Git', 'Yii', 'Linux', 'PHP']"
Frontend Team Lead,Zenfuse,224001.0,Нет опыта,"['JavaScript', 'Teamleading', 'Лидерство', 'react', 'redux', 'Agile Project Management', 'Управление разработкой']"
Android developer,Газпром-медиа Развлекательное телевидение (ГПМ РТВ),,От 3 до 6 лет,"['Android SDK', 'Kotlin', 'Android']"
Младший специалист по информационной безопасности / аудитор - консультант,Дейтерий,50000.0,Нет опыта,"['Информационная безопасность', 'Информационные технологии', 'Linux', 'Технические средства информационной защиты', 'Средства криптографической защиты информации', 'Active Directory']"
Frontend Web (JS) разработчик,Lamantin It consulting,70000.0,От 1 года до 3 лет,"['JavaScript', 'Git', 'HTML5', 'CSS3', 'PHP', 'Vue.js', 'Frontend']"
Старший разработчик C/Ведущий программист/Software developer/Senior embedded C programmer,Лартех Телеком,140000.0,От 1 года до 3 лет,"['continuous integration', 'automated builds', 'ARM', 'rs232', 'rs485', 'RTOS', 'Рефакторинг кода', 'Оптимизация кода', 'C/C++', 'Английский язык', 'микроконтроллер', 'программная часть']"
Менеджер по подбору персонала IT,Touch Instinct,,Нет опыта,"['Подбор персонала', 'Адаптация']"
Ведущий инженер в научно-исследовательское отделение,Концерн Океанприбор,110000.0,От 1 года до 3 лет,"['Altium Designer', 'ЕСКД', 'C/C++', 'Микроконтроллеры', 'VHDL', 'Keil', 'Eclipse', 'Verilog HDL', 'ПЛИС']"
Менеджер / руководитель проекта по внедрению SAP BW,"Силовые машины, Управляющая компания",,От 3 до 6 лет,"['Управление проектами', 'MS Project', 'SAP ERP', 'Планирование', 'Проектный менеджмент']"
2D motion-дизайнер (аутсорс),VK,,Нет опыта,"['Adobe After Effect', 'Adobe Photoshop', 'Креативность', 'Анимация', 'Риггинг', 'Персонажная анимация', 'Spine', 'Duik']"
Product менеджер,Бизнес Объединение Кубит,,От 3 до 6 лет,"['Управление продуктом', 'Запуск новых продуктов', 'Product менеджер', 'MVP', 'SEO', 'SERM', 'SMM', 'Product Management', 'Customer development']"
Middle Back-end Developer (Python),Ready for Sky,,От 1 года до 3 лет,['Python']
Android-разработчик,ATI.SU,200000.0,От 1 года до 3 лет,"['Android', 'kotlin']"
"Оператор 1С (м. Парнас, Девяткино)",Международный Кадровый Центр,34800.0,От 1 года до 3 лет,"['1С: Бухгалтерия и склад', '1С: Документооборот', 'Работа с большим объемом информации', 'Работа с базами данных', 'Первичные документы', '1С: Предприятие 8']"
Senior UX Designer,GoMage,,От 3 до 6 лет,"['Figma', 'Английский язык', 'Web Design', 'Magento', 'Time management', 'e-commerse']"
IOS Developer,Газпром-медиа Развлекательное телевидение (ГПМ РТВ),,От 1 года до 3 лет,"['Swift', 'Scrum', 'iOS']"
Продавец,Билайн,43500.0,Нет опыта,[]
Middle Magento developer,Mygento eCommerce Solutions,130000.0,От 1 года до 3 лет,['Magento']
Senior Project manager,Mygento eCommerce Solutions,200000.0,От 3 до 6 лет,"['Atlassian Jira', 'Ведение переговоров', 'Управление проектами', 'Управление командой', 'Управление интернет-проектами', 'Веб-аналитика', 'Веб-программирование', 'Управление бюджетом', 'E-Commerce', 'Web-проекты', 'Usability', 'Project management', 'Scrum', 'Управление рисками']"
Middle 2D Artist,Mystery Tag,,От 1 года до 3 лет,"['Adobe Photoshop', 'Графика', '2D']"
QA Engineer,Бест2пей,,От 1 года до 3 лет,"['Java', 'Git', 'Postman', 'HTML', 'SQL', 'Linux', 'Тестирование', 'Работа в команде']"
Инженер-программист АСУ,Айсипро,56550.0,Нет опыта,"['Автоматизация технологических процессов', 'Автоматизация', 'Автоматизация производства', 'PLC', 'MATLAB']"
Менеджер по подбору персонала (ИТ-рекрутер),NAUMEN,,От 1 года до 3 лет,"['Подбор персонала', 'Адаптация персонала', 'Оценка кандидатов', 'Прямой поиск', 'интервью по компетенциям']"
Senior Frontend Developer,Представительство компании Altium Europe GMBH,,Нет опыта,"['JavaScript', 'Vuex', 'Vue.js', 'Английский язык', 'Vuetify', 'BEM', 'Frontend']"
IT Project Manager / Business Analyst ECM/DMS,IseoSolutions Russland LLC,120000.0,От 3 до 6 лет,"['Английский язык', 'Project management', 'Analytical skills', 'requirements analysis', 'IT consulting', 'Business Analysis', 'Project Documentation', 'Problem solving', 'Работа в команде', 'Business Process Management', 'Управление проектами', 'ECM', 'DMS']"
Техник связи,Системы Комплексной Безопасности,50000.0,Нет опыта,"['Настройка сетевых подключений', 'Мобильность', 'Контроль доступа', 'Безопасность', 'Продвинутый пользователь ПК', 'работа с провайдерами']"
Middle QA Automation Engineer (Java),Scalable Solutions,160000.0,От 1 года до 3 лет,"['Автоматизация тестирования', 'Функциональное тестирование', 'Docker', 'Сетевые технологии', 'REST', 'Нагрузочное тестирование', 'Linux', 'Git', 'Java', 'Kotlin', 'Web socket', 'SQL']"
Графический дизайнер / Веб-дизайнер,ALM Works,130000.0,От 3 до 6 лет,"['Графический дизайн', 'Веб-дизайн', 'Дизайн полиграфии', 'Иллюстрирование', 'UI']"
Программист С++,Renga Software,,От 1 года до 3 лет,[]
Senior Frontend React Engineer (Remote),Spark Equation,190000.0,От 3 до 6 лет,"['JavaScript', 'Ajax', 'CSS', 'HTML', 'React', 'Git', 'TDD', 'ReactJS', 'Redux']"
Telecom Onboarding and Support Operations Manager,AB Handshake,,От 3 до 6 лет,"['RADIUS', 'DIAMETER', 'SS7', 'SIGTRAN', 'CAMEL', 'Negotiation skills', 'Project management', 'Customer Service', 'Leadership Skills', 'Sales Skills']"
Младший системный администратор,Нева Тревел Компани,40000.0,Нет опыта,"['Windows Os', 'Автоматизированное рабочее место (АРМ)', 'Helpdesk', 'Настройка ПК', 'Техническое обслуживание', 'Выездное обслуживание', 'Средства криптографической защиты информации', 'Настройка ПО', 'Монтаж оборудования']"
Lead Frontend Developer,Scalable Solutions,250000.0,От 3 до 6 лет,"['Алгоритмы и структуры данных', 'Оптимизация кода', 'Сокеты', 'Restful api', 'JavaScript', 'TypeScript', 'React', 'Redux', 'Cordova', 'Git', 'Docker', 'Bash', 'HTML', 'CSS']"
Системный администратор,Базис,60900.0,От 1 года до 3 лет,[]
PHP-программист,ВАШАКОМНАТА.РФ (ООО Торговый Дом Компик),110000.0,От 1 года до 3 лет,"['HTML', 'MySQL', 'PHP', 'CSS', 'Joomla CMS']"
SEO-специалист,FBS,70000.0,От 1 года до 3 лет,[]
Email-маркетолог (SaaS),Группа компаний eLama,,От 1 года до 3 лет,"['Email маркетинг', 'HTML', 'Интернет-реклама', 'Digital Marketing', 'Internet Marketing', 'B2B маркетинг', 'B2C маркетинг', 'Информационные рассылки', 'HTML-верстка', 'Грамотность', 'Креативность']"
Senior Developer (Vue.js),ОнТаргет ЛАБС,324801.0,От 3 до 6 лет,"['JavaScript', 'TypeScript', 'Vue.js', 'Front end']"
PHP-developer/PHP-программист,Lenvendo,150000.0,От 3 до 6 лет,[]
Менеджер проектов сервиса,РусХОЛТС,,От 1 года до 3 лет,"['Планирование', 'Управление проектами', 'Ведение переговоров', 'Навыки презентации', 'Умение работать в команде', 'Деловая коммуникация', 'Проведение презентаций', 'Гибкость']"
Программист C/С++,РусХОЛТС,150000.0,От 3 до 6 лет,"['Python', 'ООП', 'AVR', 'STM32', 'C/C++']"
Медиабайер,FBS,70000.0,От 1 года до 3 лет,"['Английский язык', 'Маркетинговые коммуникации', 'PR', 'Планирование маркетинговых кампаний', 'нативная реклама', 'Google Analytics', 'Media Buying', 'Развитие бренда', 'Internet Marketing']"
"Оператор на телефоне(удалённо, работа из дома)",Ozon,27840.0,Нет опыта,[]
Product designer,Skyeng,,Нет опыта,"['Figma', 'UX', 'Английский язык', 'UI', 'Adobe Photoshop']"
Unity C# разработчик,Ветров Денис,70000.0,От 1 года до 3 лет,"['C#', 'Unity', 'C++', 'Ответственность и пунктуальность', 'Работа в условиях многозадачности', 'Заинтересованность', 'Game Programming', 'Мобильность']"
Разработчик С++,НИИАС,,От 1 года до 3 лет,"['Git', 'SQL', 'Atlassian Jira', 'Linux', 'C/C++', 'Знание английского языка', 'Atlassian Confluence']"
Разработчик отдела банковских систем,"РостФинанс, КБ",,От 1 года до 3 лет,"['SQL', 'MS SQL', 'СУБД', 'Cистемы управления базами данных', 'MS Access', 'Разработчик']"
Программист С++,НИИАС,130500.0,От 1 года до 3 лет,"['Scrum', 'Agile Project Management', 'C++', 'Kanban', 'sprint', 'lcov', 'gtest']"
Senior QA (Team Lead),НИИАС,200000.0,От 3 до 6 лет,"['Организаторские навыки', 'Тестирование', 'Аналитическое мышление', 'Test case', 'Black box testing', 'Testing Framework', 'Unit Testing', 'Compatibility Testing', 'QA', 'Teamleading']"
Тимлид по таргетированной рекламе,Группа компаний eLama,,От 1 года до 3 лет,"['Internet Marketing', 'Таргетинг', 'Настройка таргетированной рекламы', 'myTarget', 'Веб-аналитика', 'GDS', 'PowerBI', 'Facebook API', 'Vkontakte Api', 'TikTok', 'Youtube', 'Яндекс.Метрика', 'Google Analytics']"
QA (Automation) специалист,НИИАС,150000.0,От 1 года до 3 лет,"['Test case', 'Testing Framework', 'TestLink', 'Cucumber', 'Selenide', 'Mockito', 'GoogleTest', 'QA']"
PR-менеджер (менеджер по связям с общественностью),Группа компаний eLama,,От 1 года до 3 лет,"['Internet Marketing', 'PR', 'Разработка стратегии продвижения продуктов', 'Работа со СМИ', 'Копирайтинг', 'B2B Marketing', 'Планирование рекламных кампаний', 'Анализ эффективности PR', 'Грамотность', 'B2C маркетинг', 'Ведение переговоров', 'Написание пресс-релизов', 'Написание рекламных статей', 'Анализ PR стратегии конкурентов']"
Специалист по продажам,Группа компаний eLama,,От 1 года до 3 лет,"['Поиск и привлечение клиентов', 'Грамотная речь', 'Ведение переговоров', 'B2C продажи', 'Digital Marketing', 'Навыки переговоров', 'Ориентация на результат', 'Управление отношениями с клиентами', 'Ведение клиентской базы', 'Оценка потребностей клиентов', 'B2B Продажи']"
Специалист по контекстной рекламе (агентство интернет-рекламы),Группа компаний eLama,,От 1 года до 3 лет,"['Контекстная реклама', 'Яндекс.Директ', 'Google AdWords', 'Яндекс.Метрика', 'Google Analytics', 'Составление семантического ядра', 'Медиапланирование', 'Директ Коммандер', 'Автоматизация контекстных кампаний', 'Работа с контекстными площадками', 'Работа с системами аналитики', 'Внешний аудит контекстной рекламы', 'Ведение переговоров']"
Редактор в образовательный проект (ppc.world),Группа компаний eLama,,От 1 года до 3 лет,"['Интернет-реклама', 'Написание текстов', 'Корректура текстов', 'Редактирование текстов', 'Английский язык', 'Перевод', 'Работа с большим объемом информации', 'Копирайтинг', 'Digital Marketing', 'Контекстная реклама', 'Таргетинг', 'Веб-аналитика']"
Продюсер образовательных проектов (ppc.world),Группа компаний eLama,,От 1 года до 3 лет,"['Продюсирование', 'Internet Marketing', 'Управление проектами', 'Проектный менеджмент', 'Креативность', 'Обучение', 'B2B маркетинг', 'B2C маркетинг', 'Вебинары', 'Администрирование процесса обучения']"
Системный инженер/Инженер по облачным сервисам,Linxdatacenter,,От 3 до 6 лет,[]
Linux разработчик/программист,Нума Технологии,,От 1 года до 3 лет,"['Git', 'Linux', 'Bash', 'Python', 'C/C++']"
Системный администратор,Адванст Мобилити Солюшинз,40000.0,От 1 года до 3 лет,"['Настройка сетевых подключений', 'Настройка ПК', 'Windows 7', 'Настройка ПО', 'TCP/IP']"
UEFI разработчик,Нума Технологии,,От 1 года до 3 лет,"['Python', 'C/C++', 'Многозадачность', 'GCC', 'ARM', 'C', 'embedded', 'bios', 'uefi']"
IOS разработчик,Клевер Пампкин,,От 1 года до 3 лет,"['iOS', 'Swift', 'Objective-C', 'Git']"
Sales Engineer,Linxdatacenter,,От 3 до 6 лет,[]
Presale Engineer/Presale Manager,Linxdatacenter,,От 3 до 6 лет,[]
Руководитель проектов,МОРЗЕ,78300.0,Более 6 лет,"['AutoCAD', 'Управление проектами', 'Проектная документация', 'Закупка товаров и услуг', 'Руководство коллективом', 'Точность и внимательность к деталям', 'Инженерные системы']"
Менеджер коммерческого отдела/менеджер по продажам (digital),Molinos.Ru,50000.0,От 1 года до 3 лет,[]
Java Developer (MmcR),Deutsche Telekom IT Solutions,,От 3 до 6 лет,[]
Unity developer (мобильная разработка),Varwin,,От 3 до 6 лет,"['Git', 'Unity', 'C#', 'Unity3D', 'SOLID', 'VR', 'AR', 'AssetBundles', 'Android', 'разработка приложений под android']"
Наладчик ТПА,Биплант,65000.0,Более 6 лет,[]
QA Automation Engineer (Senior/Middle),KIVORK,,От 1 года до 3 лет,"['REST', 'Atlassian Confluence', 'Confluence', 'CI', 'Postman', 'Jenkins', 'Git', 'REST API', 'Selenium WebDriver', 'Atlassian Jira', 'Тестирование']"
Старший системный администратор,1GHS,80000.0,От 3 до 6 лет,"['Мобильность', 'Обучение персонала', 'Мониторинг рынка', 'Блокчейн', 'Стратегическое мышление', 'Руководство коллективом']"
ASO Manager,Welltory,,Нет опыта,"['Английский язык', 'Многозадачность']"
Консультант по логистике в ИТ службе (OTM),"Северсталь, Москва",,От 1 года до 3 лет,"['Управление проектами', 'Системный анализ', 'SQL', 'Бизнес-анализ', 'MS Project']"
Автор работ по нейросетям,Homework,,От 1 года до 3 лет,[]
Java Developer (ORAN),Deutsche Telekom IT Solutions,,От 3 до 6 лет,[]
Специалист по информационной безопасности,Системлинк,,От 3 до 6 лет,"['Информационная безопасность', 'Аудит безопасности', 'Информационные технологии', 'Технические системы и средства безопасности', 'Технические средства информационной защиты', 'АСУ ТП', 'Аналитические навыки', 'Работа с документами', 'Внедрение систем информационной безопасности', 'Information Security', 'Защита информации']"
Java developer (middle/senior),Интервербум Текнолоджи,120000.0,От 3 до 6 лет,"['Java', 'jQuery', 'Linux', 'HTML5', 'MySQL', 'Bootstrap', 'AWS', 'Apache HTTP Server', 'CSS3', 'SQL']"
Senior/Middle Frontend-разработчик,Группа компаний eLama,,От 3 до 6 лет,"['React/Redux', 'Frontend', 'Node.js', 'Typescript', 'Docker', 'SOLID', 'Разработка ПО']"
Системный администратор,Группа компаний eLama,,От 3 до 6 лет,"['Linux', 'Atlassian Jira', 'Atlassian Confluence', 'Bash', '1С', 'Windows', 'PostgreSQL']"
PHP-разработчик в образовательный проект ppc.world,Группа компаний eLama,,От 1 года до 3 лет,"['ООП', 'PHP', 'Docker', 'PostgreSQL', 'Symfony', 'Redis', 'Jenkins', 'Kibana', 'PHPUnit', 'Unit Testing']"
Senior PHP developer,Группа компаний eLama,,Более 6 лет,"['PostgreSQL', 'PHP', 'Symfony', 'docker', 'rest api', 'Redis', 'Golang']"
QA Lead,Группа компаний eLama,,От 3 до 6 лет,"['Python', 'Linux', 'Jenkins', 'Git', 'SQL', 'Postman', 'CI/CD', 'Selenium', 'Тестирование API', 'Teamleading']"
Senior/Middle Java/Kotlin-разработчик,Группа компаний eLama,,От 3 до 6 лет,"['Kotlin', 'Gradle', 'PostgreSQL', 'Spring Framework', 'Java']"
DevOps / SRE Engineer,Группа компаний eLama,,От 3 до 6 лет,"['docker', 'kubernetes', 'Jenkins', 'CI/CD']"
Senior QA engineer,Группа компаний eLama,,От 3 до 6 лет,"['Linux', 'SQL', 'Тестирование', 'Postman', 'Автоматизация', 'Selenium', 'QA', 'Тестирование API', 'Bash']"
Автор работ по программированию Python,Homework,,От 1 года до 3 лет,[]
Game UI/UX Designer,Qmobi Ltd,,От 1 года до 3 лет,[]
Product manager,Яндекс,,Более 6 лет,"['Опытный пользователь ПК', 'Грамотная устная и письменная речь', 'B2B', 'Умение работать в режиме многозадачности', 'Умение работать с большим объемом информации', 'Гипотезы', 'Метрики', 'Монетизация']"
"Senior Java Developer (Helsinki, Finland)",Toughbyte,,Более 6 лет,"['Java', 'React', 'Vue']"
HR People Partner,G5 Entertainment AB,,От 1 года до 3 лет,"['Английский язык', 'Организаторские навыки', 'Работа в команде', 'Проведение презентаций', 'Деловая коммуникация', 'Проведение вебинаров', 'Atlassian Confluence', 'Atlassian Jira', 'Gamedev']"
Middle PHP разработчик,МедСпас-Софт,150000.0,От 3 до 6 лет,"['Git', 'ООП', 'Linux', 'PHP', 'PosqreSQL', 'Symfony']"
Автор работ по Web-программированию,Homework,,От 1 года до 3 лет,[]
PHP-разработчик (Laravel),РАКЕТА ПРОДЖЕКТ,50000.0,От 1 года до 3 лет,"['MySQL', 'Git', 'Linux', 'PHP', 'Laravel']"
Middle 3D Animator,Qmobi Ltd,,От 1 года до 3 лет,"['Maya', '3D Animation']"
PHP-разработчик (Битрикс),РАКЕТА ПРОДЖЕКТ,100000.0,От 1 года до 3 лет,"['MySQL', 'Git', 'Linux', '1С-Битрикс', 'PHP']"
Инженер-проектировщик телекоммуникационных систем (системный аналитик/технический писатель),Эшелон-Северо-Запад,,От 1 года до 3 лет,"['ГОСТы', 'Бизнес-анализ', 'Управление проектами', 'Оптимизация бизнес-процессов', 'MS Visio', 'Техническая документация', 'Автоматизация процессов', 'Проектироавние ПО', 'Архитектура ПО', 'Информационные технологии', 'Разработка технических заданий', 'MS Word', 'Формализация требований', 'Постановка задач разработчикам', 'ЕСПД', 'ГОСТы 34 серии', 'Автоматизированные системы', 'Моделирование бизнес процессов', 'Навыки презентации']"
Автор работ по Simulink,Homework,,От 1 года до 3 лет,[]
Менеджер по продажам,Эшелон-Северо-Запад,,От 1 года до 3 лет,"['B2B Продажи', 'Ведение переговоров', 'Навыки переговоров', 'Телефонные переговоры', 'Активные продажи', 'Проведение презентаций', 'Поиск и привлечение клиентов', 'Развитие ключевых клиентов', 'Организаторские навыки', 'Навыки продаж', 'Деловая переписка', 'Корпоративные продажи', 'входящие звонки', 'Деловая коммуникация', 'Продажи в IT', 'Продажи услуг']"
DevOps Engineer,ИТигрис,,От 1 года до 3 лет,"['Kubernetes', 'GitLab', 'Docker', 'YandexCloud', 'Postgres', 'Docker Helm', 'Helm', 'IaC', 'AWS', 'Prometheus', 'YandexCloud PostgreSQL', 'Git', 'Gradle', 'Java', 'Go']"
Специалист по информационной безопасности (инженер/аналитик),Эшелон-Северо-Запад,,От 1 года до 3 лет,"['Защита информации', 'Техническая документация', 'Информационная безопасность', 'ГОСТы', 'Информационные технологии', 'ЕСПД', 'СЗИ', 'Внутренний аудит информационных систем', 'Работа с заказчиком', 'Сертификация', 'Автоматизированные системы', 'Внедрение систем информационной безопасности', 'ГОСТы 34 серии', 'Формализация требований']"
Data Engineer (Инженер по данным),KUPIBILET.RU,,От 3 до 6 лет,"['SQL', 'Python', 'Java', 'Английский язык', 'SCALA']"
Frontend разработчик,KUPIBILET.RU,160000.0,От 1 года до 3 лет,"['JavaScript', 'React', 'Redux', 'CSS3+', 'HTML5+', 'CI/CD', 'Redux-saga', 'Styled-components', 'TypeScript']"
Product Analyst (Продуктовый аналитик),KUPIBILET.RU,,От 3 до 6 лет,"['Python', 'ClickHouse', 'Аналитическое мышление', 'Airflow', 'A/B тесты', 'SQL', 'Metabase', 'Redash']"
Product Manager (развитие услуг и локализация),KUPIBILET.RU,,От 3 до 6 лет,"['A/B тесты', 'Управление продуктом', 'Стратегическое мышление']"
Senior iOS разработчик,KUPIBILET.RU,,От 3 до 6 лет,"['IOS SDK', 'Swift', 'Objective-C', 'iOS', 'VIPER', 'Core Data', 'CocoaPods']"
"Менеджер по развитию в онлайн проект (снижение веса, спорт, здоровье)",Re.Form,,От 1 года до 3 лет,"['Грамотная речь', 'Управление проектами', 'Организаторские навыки', 'CRM', 'Онлайн']"
Автор работ по Kali Linux,Homework,,От 1 года до 3 лет,[]
Middle Frontend developer (React),Cинтез-АТ,,От 1 года до 3 лет,"['JavaScript', 'CSS', 'HTML', 'React', 'MobX', 'Redux', 'AntD', 'TypeScript']"
Системный аналитик (web),Cинтез-АТ,150000.0,От 1 года до 3 лет,"['Системный анализ', 'Разработка технических заданий', 'Веб-аналитика', 'WEB аналитика', 'Веб-программирование', 'BPMN', 'CRM', 'UML']"
Junior/Middle С/C++ Developer,Cинтез-АТ,,От 1 года до 3 лет,"['C/C++', 'ООП']"
Ведущий разработчик 1С,СофтЛаб,150000.0,От 3 до 6 лет,[]
Разработчик C# / JavaScript Junior,Anserem,60030.0,Нет опыта,"['.NET Core', '.NET Framework', 'C#', 'MVC', 'Terrasoft CRM', 'MSSQL', 'PostgreSQL', 'ASP.NET', 'AngularJS', 'Creatio', 'Git', 'Java Script', 'Проектная деятельность']"
Fullstack Web developer,Цифровая ипотека,250000.0,От 3 до 6 лет,"['GraphQL', 'VueJS', 'Жилая недвижимость', 'продажа недвижимости', 'Вторичная недвижимость']"
Инструктор авторизованных IT - тренингов направлений VMware,Фаст Лейн,110000.0,От 3 до 6 лет,"['Обучение и развитие', 'Дистанционное обучение', 'Умение структурировать обучающий контент тренинга', 'Citrix XenServer', 'Citrix XenApp', 'Citrix VDI', 'VMware vSphere 6', 'VMware vSphere 7', 'VMware NSX-T', 'VMware Horizon', 'VMware vCloud', 'VCP-DCV', 'VCP-NV', 'VCP-DTM', 'Обучение персонала', 'Работа в команде', 'Проведение презентаций', 'Управление проектами', 'Ориентация на результат', 'Управление командой', 'Грамотная речь', 'Деловое общение']"
Инженер-технолог РЭА,НПК ТИМ,,От 3 до 6 лет,[]
Программист C/С++,НПК ТИМ,100000.0,От 3 до 6 лет,"['Qt', 'C++', 'MS SQL', 'C']"
Graphic Desiger,EXANTE,,От 3 до 6 лет,"['Adobe Illustrator', 'Adobe Photoshop', 'Adobe After Effect', 'Английский язык', 'Web Design']"
Инженер-программист С++,НПК ТИМ,,От 3 до 6 лет,"['Qt', 'C/C++', 'C++']"
Ведущий программист ПЛИС,НПК ТИМ,,Более 6 лет,"['FPGA', 'VHDL', 'DSP', 'Verilog HDL', 'MATLAB']"
Руководитель по информационной безопасности,"Максимум, Автомобильный холдинг",,От 3 до 6 лет,"['Информационная безопасность', 'Управление рисками', 'Средства криптографической защиты информации', 'Аудит безопасности']"
Разработчик Python,Лига Цифровой Экономики,,От 1 года до 3 лет,"['Git', 'Python', 'ETL']"
Сторисмейкер / Ас продвижения с помощью инструментов Stories в инстаграм,ПупсВиль,20000.0,Нет опыта,"['Работа в команде', 'Управление проектами', 'Adobe Photoshop', 'SMM', 'Продвижение бренда']"
Консультант-аналитик 1С,Группа Компаний Остров,110000.0,От 1 года до 3 лет,"['Постановка задач разработчикам', 'Разработка технических заданий', '1С программирование', 'Разработка инструкций', '1С: Предприятие 8']"
Руководитель группы контента,Циан,,От 3 до 6 лет,"['Управление командой', 'Наполнение контентом', 'Управление проектами', 'маркетплейсы']"
Инженер внедрения и сопровождения (проект ГосТех),SberTech,,Нет опыта,"['Администрирование серверов Linux', 'Linux', 'Git', 'PostgreSQL', 'Atlassian Jira', 'Docker', 'Bash']"
Senior/Team Lead Java dev,SberTech,,От 3 до 6 лет,"['Java', 'Spring Boot', 'PostgreSQL', 'Git', 'Linux', 'Docker']"
Главный архитектор,SberTech,,От 3 до 6 лет,"['ITSM', 'SLA', 'ITIL']"
Инженер сопровождения (CI/CD),SberTech,,Нет опыта,[]
Эксперт по учебным инженерным программам в IT Bootcamp Сбера,SberTech,,Нет опыта,[]
Java разработчик,SberTech,,От 1 года до 3 лет,"['Java', 'Git', 'Docker', 'Jenkins', 'Kubernetes', 'Ansible', 'Kafka', 'Linux']"
Frontend-разработчик,ATI.SU,150000.0,От 3 до 6 лет,"['JavaScript', 'MobX', 'React', 'TypeScript', 'Redux', 'Effector']"
Middle разработчик на оптимизацию бизнеса,ПупсВиль,40000.0,Нет опыта,"['Управление персоналом', 'Ведение переговоров', 'Управление проектами', 'GraphQL', 'Разработка ПО', 'программироввние']"
C#/.Net разработчик(frontend) junior,Lanck Telecom,,От 1 года до 3 лет,"['Windows Forms', 'Scrum', 'Деловая коммуникация', 'DevExpress', 'ADO.NET']"
Middle PHP developer (внутренние проекты),Zoon.ru,160000.0,От 3 до 6 лет,"['Yii', 'Git', 'JavaScript', 'Linux', 'PHP', 'Разработка ПО', 'ООП', 'MySQL']"
Менеджер по продажам,html academy,80000.0,От 1 года до 3 лет,"['Телефонные переговоры', 'Работа в команде', 'Деловое общение', 'Деловая переписка', 'Навыки презентации', 'Грамотная речь', 'Деловая коммуникация', 'Коммуникабельность']"
Fullstack Developer (Jump-Start Automotive),Deutsche Telekom IT Solutions,,От 1 года до 3 лет,[]
"Инженер-электрик (РЗиА, КИПиА, АСУТП, телемеханика)",Птрн,60000.0,От 1 года до 3 лет,"['Электромонтажные работы', 'Монтаж оборудования', 'Электротехнические работы', 'Чтение проектной документации', 'Готовность к командировкам', 'Ведение документации', 'Журнал учёта ТМЦ', 'Планирование рабочего времени', 'Знание нормативной документации', 'Умение работать в условиях многозадачности', 'АСУ', 'Работа с проектной документацией', 'Умение организовывать работу', 'Монтаж инженерных систем', 'Пуско-наладочные работы', 'Техническое обслуживание', 'Работа в команде', 'Инженерные системы']"
IOS разработчик,Team4You,,Нет опыта,"['Objective-C', 'Английский язык', 'Swift', 'Работа в команде', 'iOS', 'ООП']"
Руководитель партнерского отдела,ЦН КВАДРАТ,,От 1 года до 3 лет,"['Организаторские навыки', 'Работа в команде', 'Ведение переговоров', 'Управление проектами', 'Грамотная речь', 'Организация мероприятий', 'Обучение и развитие', 'Ориентация на результат', 'Управление персоналом']"
Инженер слаботочных систем,Интеллектуальные комплексные системы,60000.0,От 1 года до 3 лет,"['Инженерные системы', 'слаботочные системы']"
Менеджер по работе с блогерами / influence-маркетолог,pompa -женская одежда,70000.0,От 1 года до 3 лет,"['Работа с блогерами', 'Telegram', 'Деловая переписка', 'Instagram', 'Аудит SMM', 'Ведение переговоров']"
Руководитель IT проектов,"Петрович, Строительный Торговый Дом",,От 3 до 6 лет,"['Организаторские навыки', 'Работа в команде', 'Грамотная речь', 'Подготовка презентаций', 'Организация презентаций']"
Ассистент руководителя/project manager,NEOTEL,40000.0,От 1 года до 3 лет,"['Организаторские навыки', 'Работа в команде', 'Подготовка презентаций', 'Управление проектами', 'Деловое общение']"
Data-analyst,Билайн,,От 1 года до 3 лет,"['Python', 'SQL', 'Hadoop', 'Teradata', 'Spark', 'Hive', 'Анализ данных', 'Agile Project Management', 'Big Data']"
Level Artist/Левел-дизайнер,Gaijin Games,,От 3 до 6 лет,"['Autodesk 3ds Max', '3D Моделирование', '3D-графика', '3ds Max', '3D Max', 'Разработка технических заданий']"
Python Backend Developer (СберЗвук Бизнес),СберЗвук,,От 3 до 6 лет,[]
Lead QA automation / SDET (СберЗвук Бизнес),СберЗвук,,От 3 до 6 лет,[]
Lead Backend Developer (СберЗвук Бизнес),СберЗвук,,От 3 до 6 лет,[]
Технический писатель (JavaScript),Developer Soft,156600.0,От 1 года до 3 лет,"['Английский язык', 'JavaScript', 'Техническая документация']"
JS Developer - fullstack (СберЗвук Бизнес),СберЗвук,,От 1 года до 3 лет,"['JavaScript', 'React', 'Redux', 'TypeScript', 'Node.js']"
System Administrator/OPS Engineer (Collaboration Tool),DINS,,От 1 года до 3 лет,"['Linux', 'AWS', 'Kubernetes']"
Ведущий программист 1С,CSI (Кристалл Сервис Интеграция),160000.0,От 3 до 6 лет,"['Atlassian Jira', 'SQL', '1С-Битрикс', 'XML', '1С: Бухгалтерия', '1C:УТ 10.3', '1С:БП КОРП', 'аналитика', '1С программирование', 'ЭДО', '1C', 'разработка 1С', '1С: Предприятие 8']"
Системный администратор (СберЗвук Бизнес),СберЗвук,,От 1 года до 3 лет,[]
Системный аналитик,Екассир,,От 1 года до 3 лет,"['XML', 'Xsd', 'UML', 'BPMN', 'SOA', 'SOAP', 'REST', 'Use Case Analysis', 'Разработка технических заданий']"
Product Manager / Financial and investment product,B2Broker,180000.0,От 3 до 6 лет,[]
Специалист по технической поддержке Teamcenter,"Силовые машины, Управляющая компания",,От 1 года до 3 лет,"['Продвинутый пользователь ПК', 'Организация рабочего процесса', 'Total Commander', 'Умение адаптироваться', 'Умение легко находить контакт с людьми']"
Game QA Automation Lead,G5 Entertainment AB,,От 3 до 6 лет,"['Тестирование', 'QA', 'Automation QA', 'Game Testing', 'Leadership Skills', 'Lead']"
Монтажник слаботочных систем,СМУ-16,61857.0,Нет опыта,"['Пользователь ПК', 'Умение работать в команде', 'оформление документации', 'OpenOffice', 'Творческое мышление']"
Full stack developer,Dataduck,100000.0,От 1 года до 3 лет,"['Git', 'ООП', 'MySQL', 'CMS Wordpress']"
Инженер по слаботочным системам,СМУ-16,69600.0,От 3 до 6 лет,"['Системы видеонаблюдения', 'Системы охранно-тревожной сигнализации', 'Водительское удостоверение категории B', 'Технические системы и средства безопасности', 'Инженерные системы']"
QA Engineer (удаленно),"Петрович, Строительный Торговый Дом",,От 1 года до 3 лет,"['Python', 'Selenium Webdriver', 'Atlassian Jira', 'API', 'REST API', 'Тестирование']"
Помощник системного администратора,Zet-Avto,40000.0,От 1 года до 3 лет,"['Настройка ПО', 'Настройка сетевых подключений', 'Настройка ПК', 'Сборка ПК', 'Ремонт ПК']"
"Оператор на телефоне(удалённо, работа из дома)",Ozon,27840.0,Нет опыта,[]
"Оператор колл-центра(удалённо, работа из дома)",Ozon,27840.0,Нет опыта,[]
Python/Go-разработчик в команду биллинга,Selectel,,От 3 до 6 лет,"['Python', 'Linux', 'Git', 'PostgreSQL', 'Docker', 'Flask', 'RabbitMQ']"
Технический дизайнер на производство,NR-Pro,,От 1 года до 3 лет,"['CorelDRAW', 'Adobe Photoshop', 'Adobe Illustrator', 'Наружная реклама', 'Графический дизайн']"
PHP Developer (Laravel),КЕЙС ПЛЭЙС,120000.0,От 1 года до 3 лет,"['MySQL', 'PHP', 'Git', 'JavaScript', 'HTML', 'Laravel']"
"Editor in Chief (digital, corporate blog)",Karuna,,От 3 до 6 лет,"['Английский язык', 'Business English', 'Brand Development', 'Corporate Communications', 'Teambuilding', 'content marketing', 'Менеджмент']"
Product Owner (Мобильные приложения),Гринхэт,,От 1 года до 3 лет,"['Start-up project', 'Работа в команде', 'Мобильный маркетинг', 'Product Development']"
Personal Assistant CEO (remote work),Petrosoft LLC,,От 3 до 6 лет,"['Административная поддержка иностранного сотрудника', 'Written Translation', 'MS PowerPoint', 'Organization Skills', 'Английский язык', 'Time management', 'Analytical skills', 'MS Office', 'Административная поддержка руководителя', 'Планирование рабочего дня руководителя']"
Менеджер по партнёрским продажам,Дримкас,80000.0,От 1 года до 3 лет,"['Активные продажи', 'Прямые продажи', 'B2B Продажи', 'Телефонные переговоры']"
Product Owner,Дримкас,,От 1 года до 3 лет,"['Agile Project Management', 'Управление продуктом', 'Product Management', 'Работа в команде', 'Scrum', 'Разработка ПО', 'Управление проектами']"
Python Developer,АСД Технолоджиз,150000.0,От 1 года до 3 лет,[]
Senior PHP Developer,Siren Group,227361.0,Нет опыта,"['Laravel', 'ООП', 'Linux', 'Паттерны проектирования', 'Git', 'MySQL', 'PostgreSQL', 'Английский язык', 'SOLID', 'Удаленная работа', 'Знание английского языка', 'Backend', 'PHP']"
Frontend-разработчик (Vue),Сodexoptimus,200000.0,От 3 до 6 лет,"['Git', 'VueJS', 'HTML5', 'CSS3', 'Английский язык']"
Разработчик Android (Kotlin),Лига Цифровой Экономики,,От 3 до 6 лет,"['Java', 'Kotlin', 'Git', 'ООП']"
Account Manager (B2B Cloud Solutions),Сведбайт,,Нет опыта,"['Деловое общение', 'Делопроизводство', 'Документооборот', 'Ведение активных клиентов', 'Customer Service', 'Ведение клиентской базы', 'Клиентоориентированность', 'Консультирование клиентов по телефону', 'Оценка потребностей клиентов', 'Ориентация на клиента']"
Менеджер проектов,Агентство Рупор,80000.0,От 1 года до 3 лет,"['Ведение переговоров', 'Руководство коллективом', 'Веб-аналитика', 'Интернет-реклама', 'Управление интернет-проектами', 'Internet Marketing', 'Деловая переписка', 'Управление проектами']"
Backend разработчик крупных онлайн агрегаторов,Restate 110km Peterburg2 Group,90000.0,От 1 года до 3 лет,"['PHP', 'XML', 'SQL', 'Git', 'HTML', 'MySQL', 'PHP5', 'SVN', 'Linux', 'Redis', 'Sphinx', 'MongoDB', 'Поиск объектов', 'jQuery', 'CSS', 'HTML5', 'CSS3', 'Nginx', 'Ajax']"
QA Engineer,ETNA,147900.0,От 1 года до 3 лет,"['C#', 'Python', 'QA', 'Тестирование']"
Системный аналитик,Medlinx,,От 3 до 6 лет,"['UML', 'SQL', 'Системный анализ']"
Консультант SAP HR (HCM),СИГМА,,От 3 до 6 лет,"['SQL', 'SAP HR', 'MS Visio', 'Change Management', 'HR', 'SAP PY']"
Менеджер по продажам B2B,Консорциум Кодекс,34800.0,От 1 года до 3 лет,"['Телефонные переговоры', 'Холодные продажи', 'Активные продажи', 'Пользователь ПК', 'Ведение переговоров', 'Навыки продаж', 'B2B Продажи', 'Холодные звонки', 'Грамотная речь', 'Навыки презентации', 'Деловое общение', 'Телемаркетинг']"
Специалист по обслуживанию клиентов,Консорциум Кодекс,43500.0,Нет опыта,"['Ведение переговоров', 'Деловое общение', 'Опытный пользователь ПК', 'Выявление потребностей', 'Активные продажи', 'Стрессоустойчивость', 'Коммуникабельность', 'Ответственность', 'Доброжелательность']"
Менеджер отдела телемаркетинга,ExpAs,50000.0,Нет опыта,"['Навыки презентации', 'Умение принимать решения', 'SRM', 'Дружелюбность', 'Быстро учусь']"
Сетевой администратор на оборудование CISCO,"Зенит, футбольный клуб",,От 1 года до 3 лет,['Cisco']
Разработчик C#/ASP.Net Core,Quantum Art,,От 1 года до 3 лет,"['.NET Core', 'SQL', 'HTML', 'CSS', 'C#']"
Разработчик 1С,СофтЛаб,100000.0,От 1 года до 3 лет,"['Работа в команде', 'Деловая переписка', 'Ориентация на результат', '1С программирование']"
Инженер по ремонту медицинского оборудования,Медицинский холдинг МЕДИКА,,От 3 до 6 лет,[]
Руководитель проектов отдела развития и сопровождения информационных систем,Петербургская сбытовая компания,62551.0,От 1 года до 3 лет,"['Документальное сопровождение', 'Мобильность', 'Постановка задач разработчикам', 'BPMN']"
HTML Developer,Wargaming St. Petersburg (Lesta Studio),,От 1 года до 3 лет,"['HTML5', 'HTML 4', 'CSS']"
Python Developer (AI Projects),Билайн,,От 1 года до 3 лет,"['Python', 'SQL', 'Message Queue', 'gitlab', 'CI\\CD', 'docker', 'kubernetes', 'C++', 'Java', 'Go']"
Инженер технической поддержки,Первый Сервисный Провайдер,40000.0,От 1 года до 3 лет,"['Настройка ПК', 'Настройка ПО', 'Настройка сетевых подключений', 'Офисная техника', 'Техническая поддержка', 'Прием и распределение телефонных звонков', 'Техническое обслуживание']"
Аналитик,oodji,,Нет опыта,[]
Partner Manager,ALM Works,150000.0,От 3 до 6 лет,"['Leadership Skills', 'Sales Skills']"
Специалист по контекстной рекламе,НаПоправку.ру,,От 1 года до 3 лет,"['Контекстная реклама', 'Яндекс.Директ', 'Google AdWords', 'Яндекс.Метрика', 'Google Analytics', 'Внутренний аудит контекстной рекламы', 'Yandex Direct']"
IOS разработчик,НаПоправку.ру,,От 1 года до 3 лет,"['Scrum', 'iOS', 'Swift']"
Web разработчик (PHP/Vue),НаПоправку.ру,,От 1 года до 3 лет,"['PHP', 'laravel', 'vue', 'Scrum', 'Docker', 'SQL', 'Nginx', 'REST']"
Cпециалист по контекстной рекламе (Junior),НаПоправку.ру,,Нет опыта,"['Google Analytics', 'Яндекс.Директ', 'Контекстная реклама', 'Интернет-реклама', 'Google AdWords', 'Key Collector', 'Яндекс.Метрика', 'Директ Коммандер', 'Составление семантического ядра']"
PHP-разработчик,НаПоправку.ру,,От 1 года до 3 лет,"['PHP', 'laravel', 'vue', 'Scrum', 'Docker', 'SQL', 'Nginx', 'REST']"
3D-моделлер,Red Pill Studio,,От 1 года до 3 лет,"['Substance Painter', 'ZBrush', '3D Моделирование', '3D-графика', 'Adobe Photoshop']"
.NET Developer,Аркадия,,От 1 года до 3 лет,"['Английский язык', 'C#', 'Web Forms', 'MS SQL', 'VB.NET']"
Web-analyst,ДЕЛОВЫЕ МЕРОПРИЯТИЯ,,Нет опыта,"['Google Analytics', 'MS PowerPoint', 'Power BI', 'Ведение отчетности', 'Анализ данных']"
Middle JavaScript - разработчик / React,СимбирСофт,,От 3 до 6 лет,"['JavaScript', 'CSS3', 'HTML5', 'Less', 'Git', 'React']"
Аналитик,Фацер,,От 1 года до 3 лет,[]
Middle backend разработчик (PHP),Header&Footer,120000.0,От 1 года до 3 лет,"['Git', 'PHP', 'MySQL', '1С-Битрикс', 'Vue.js', 'Node.js', 'Next.js', 'HTML', 'CSS', 'Ajax', 'API', 'Laravel', 'Backend', 'JavaScript', 'Разработка продукта', 'Веб-программирование', 'REST API', 'Стремление к профессиональному росту', 'Работа в команде']"
Программист Битрикс 1С,Эвентус,100000.0,От 3 до 6 лет,"['1С-Битрикс', '1С: Управление Торговлей', '1С программирование', 'HTML', 'CSS', 'Организация мероприятий', 'JSON', 'XML', 'MySQL', 'GitLab', 'GITHUB']"
Тестировщик ПО,BIV,80000.0,От 1 года до 3 лет,"['Работа в команде', 'Функциональное тестирование']"
Frontend Developer (Angular),GridGain Systems,,От 3 до 6 лет,"['JavaScript', 'TypeScript', 'RxJS', 'SCSS', 'Webpack', 'Angular']"
Аналитик SQL,СИГМА,,От 1 года до 3 лет,"['SQL', 'ORACLE', 'MySQL', 'MS SQL', 'PL/SQL', 'Oracle Pl/SQL']"
Performance Marketing Manager,Painty,95700.0,От 1 года до 3 лет,"['Google Analytics', 'Яндекс.Метрика', 'Креативность', 'Таргетинг', 'Performance Management']"
Специалист по внедрению лабораторной информационной системы (ЛИС),ГК Эксперт,,От 1 года до 3 лет,"['Деловая переписка', 'Разработка инструкций', 'HTML', 'Руководство коллективом', '1С', 'ЛИС', '1С-Больница', '1С-Лаборатория']"
Электромонтажник,Авентин Инжиниринг,60900.0,От 1 года до 3 лет,"['Системы видеонаблюдения', 'Технические системы и средства безопасности', 'Монтаж инженерных систем', 'Системы безопасности', 'Системы охранно-тревожной сигнализации']"
Руководитель портфеля проектов,CSBI,,От 3 до 6 лет,"['Управление проектами', 'BPM']"
Business Assistant,Cointelegraph Consulting,,От 3 до 6 лет,"['MS PowerPoint', 'Английский язык', 'Teamplayer', 'Business English', 'Time management']"
Системный администратор,OneTwoTrip,,От 1 года до 3 лет,"['Linux', 'Администрирование', 'Информационная безопасность']"
Инженер технической поддержки,ПЭРКо,45240.0,Нет опыта,"['Техническая поддержка', 'Деловое общение', 'Консультирование']"
Специалист по техническому обслуживанию,Дентал Менеджмент Компани,39150.0,От 1 года до 3 лет,"['Умение планировать', 'Многозадачность', 'Техническое обслуживание', 'Электротехнические работы', 'Электромонтажные работы', 'Сантехнические работы']"
Менеджер / Аналитик процессов,БиАйЭй-Технолоджиз,,От 1 года до 3 лет,"['Навыки презентации', 'Моделирование бизнес процессов', 'Бизнес-моделирование', 'Оптимизация бизнес процессов', 'Atlassian Jira', 'Atlassian Confluence']"
Менеджер по продажам,Профессиональные Комплексные Решения,50000.0,От 1 года до 3 лет,"['входящие звонки', 'Грамотная речь', 'Пользователь ПК']"
Аналитик отдела логистики,Газстройпром,,От 3 до 6 лет,"['MS PowerPoint', 'MS Outlook', '1С: Предприятие 8', 'MS Excel', 'VBA', 'Сводные таблицы', 'Сбор и анализ информации', 'Работа с базами данных', 'Базы данных', 'Анализ данных']"
Бизнес-аналитик (жилое строительство),Lightmans,110000.0,От 1 года до 3 лет,[]
Senior Full-Stack Developer ( Java + React ),ОнТаргет ЛАБС,357281.0,От 3 до 6 лет,"['Java', 'SQL', 'React.js']"
Фронтенд-разработчик,Коммуникационное агентство Magnat Professional,,От 1 года до 3 лет,"['Git', 'JavaScript', 'HTML5', 'jQuery', 'CSS3', 'Figma', 'Bootstrap 4+', 'Google Material', 'Vue.JS', 'vue.js', 'axios', 'vue-router', 'vuex', 'Jetbrains', 'чтения inline-документации к API бека проектов', 'CMS Wordpress', 'PHP-фреймворком Laravel', 'ava-фреймворком Spring MVC', 'React']"
Юрист,Парадигма,40000.0,От 1 года до 3 лет,"['внимательность', 'Коммуникабельность', 'Активные продажи', 'Пользователь ПК', 'Консультирование', 'Телефонные переговоры']"
BIM-моделлер/BIM-проектировщик,МосИнжПроект,,От 1 года до 3 лет,"['Autodesk Revit', 'MS Access', 'Pascal', 'Моделирование', 'Revit']"
Системный аналитик,CSSSR,100000.0,От 1 года до 3 лет,"['Системный анализ', 'Бизнес-анализ', 'SQL', 'Системная интеграция', 'Информационные технологии', 'Статистический анализ', 'Аналитические исследования', 'Стратегическое планирование', 'Разработка технических заданий', 'SOAP', 'REST', 'API']"
Project Manager Gamedev,Red Pill Studio,,От 3 до 6 лет,"['Работа в команде', 'Atlassian Jira', 'Тестирование', 'Unity', 'Gamedev']"
Аналитик рекламных кампаний,Триколор,,От 1 года до 3 лет,"['Медиапланирование', 'Планирование рекламных кампаний', 'Реклама', 'Наружная реклама', 'Анализ данных', 'Mediascope']"
Интернет-маркетолог,Evercode Lab,87000.0,От 1 года до 3 лет,"['Английский язык', 'Маркетинговый анализ', 'Internet Marketing']"
Менеджер по продажам / Продавец-консультант (м. пл. А. Невского),Ростелеком - Розничные Системы,39150.0,Нет опыта,[]
Cloud Gaming Platform Senior Software Engineer,HUAWEI,,Нет опыта,"['Java', 'C++', 'C/C++', 'Engineering', 'HTTP', 'C#']"
Customer Support Consultant (Estonian),SupportYourApp,,Нет опыта,"['Английский язык', 'Customer Service', 'Fluent English', 'Customer Support', 'Estonian']"
Сотрудник технической поддержки/помощник сисадмина,Аванти,15000.0,Нет опыта,"['Linux', 'Mac Os', 'Деловое общение', 'Работа с клиентами', 'Windows Vista']"
Специалист по защите информации,Научно-Технический Центр Нептунит,40000.0,Нет опыта,"['Windows 7', 'Windows Os', 'Продвинутый пользователь ПК', 'УЦ VipNet', 'NAT']"
Frontend-разработчик на Angular (middle),Liniax Inc,110000.0,От 1 года до 3 лет,"['JavaScript', 'Git', 'TypeScript', 'Angular', 'HTML5']"
QA Engineer (Android),ATI.SU,100000.0,От 1 года до 3 лет,"['Android', 'Работа в команде', 'Тестирование пользовательского интерфейса', 'Функциональное тестирование']"
"Оператор call-центра, Оперативный дежурный, оператор ПЦН, диспетчер",ПиБиЭс,,Нет опыта,"['Пользователь ПК', 'Электронный документооборот', 'Грамотная речь', 'Электронная почта', 'входящие звонки', 'Консультирование клиентов по телефону', 'Техническая поддержка', 'Психологическая устойчивость', 'Деловое общение', 'Телефонные переговоры']"
Оператор фрезерного ЧПУ станка,Инмет,47850.0,От 1 года до 3 лет,[]
Программист по Teamcenter,"Силовые машины, Управляющая компания",,От 3 до 6 лет,"['Java', 'C++']"
Графический дизайнер,Big Data Technologies,,От 1 года до 3 лет,"['Figma', 'Adobe Illustrator', 'Adobe Photoshop', 'Графический дизайн', 'Web-дизайн']"
ML/RL Engineer,Wargaming,,Более 6 лет,[]
Junior Developer (intern),GET Information Technology,,Нет опыта,[]
Integration Engineer,Wargaming,,От 3 до 6 лет,"['Integration', 'Integrator', 'Boomi', 'Dell Boomi AtomSphere', 'ODATA', 'SOAP API']"
Директор по маркетингу,Custom-Recruitment,100000.0,От 3 до 6 лет,"['Маркетинговые исследования', 'Маркетинговые коммуникации', 'Планирование маркетинговых кампаний', 'Продвижение бренда']"
Верстальщик,ОРИМИ ТРЭЙД,,Нет опыта,"['Adobe InDesign', 'Adobe Illustrator', 'Adobe Photoshop', 'Верстка', 'MS PowerPoint']"
Руководитель отдела аналитики (SuperAppKit),VK,,От 3 до 6 лет,[]
Senior Python Developer (DS),Welltory,,От 3 до 6 лет,"['Python', 'HTTP', 'REST API', 'Оптимизация кода']"
Системный администратор-инженер поддержки,Ай Ти без проблем,70000.0,От 3 до 6 лет,[]
Senior Full Stack Engineer,Cytiva,,От 3 до 6 лет,"['Java', 'Spring Framework', 'JavaScript', 'English', 'TypeScript', 'Angular', 'Git', 'MVC', 'IOC']"
Middle Backend Developer (PHP),Центр образовательных технологий Advance,140000.0,От 3 до 6 лет,"['PHP', 'PostgreSQL']"
Системный администратор,Мастер-ИТ,70000.0,От 1 года до 3 лет,"['Active Directory', 'DHCP', 'Администрирование серверов Windows', 'Администрирование сетевого оборудования', 'Настройка DNS', 'Администрирование серверов', 'Windows Server 2008 R2', 'Техническая поддержка', 'Hyper-V', 'Настройка ПК', 'TCP/IP', 'Windows Server 2003', 'Поддержка пользователей', 'Настройка серверов', 'Linux', 'Администрирование серверов Linux', 'Информационные технологии', 'Администрирование', 'VPN', 'Настройка сетевого оборудования', 'AD', 'GPO', 'RDP', 'MS SQL', 'Администрирование Windows', 'Системный администратор', 'Сетевое оборудование', 'Настройка VPS/VDS серверов']"
QA Automation Engineer,Deutsche Bank Technology Center,,От 3 до 6 лет,[]
Full Stack developer (Node.js/React),Zion Development,250000.0,От 3 до 6 лет,"['Node.js', 'Git', 'TypeScript', 'React', 'Redux']"
Backend Developer (Node.js),Zion Development,,От 1 года до 3 лет,"['Linux', 'MySQL', 'Node.js', 'NoSQL']"
Project manager,Visualteam,,Нет опыта,"['Управление проектами', 'Управление интернет-проектами']"
Главный специалист по реализации проектов,Газпром нефть,,От 3 до 6 лет,"['Управление проектами', 'MS Project', 'Информационные технологии', 'Планирование', 'Составление отчетности']"
Менеджер по работе с партнерами,Appbooster,70000.0,От 1 года до 3 лет,"['B2B Продажи', 'Проведение презентаций', 'Английский язык', 'Навыки презентации', 'Ведение переговоров']"
Junior Java Backend Developer / Младший разработчик на Java,Nord.Codes,50000.0,Нет опыта,"['Java', 'Spring Framework', 'SQL', 'MySQL', 'REST', 'JSON API', 'Git', 'Apache Maven', 'JDBC', 'Linux']"
Senior Java Developer for Big Data product,WANdisco,,Более 6 лет,['Java']
"Системный администратор (IT, техническая поддержка)",ГЕО-ПРОЕКТ,,От 3 до 6 лет,"['Настройка ПО', 'Настройка сетевых подключений', 'Настройка ПК', 'Администрирование сетевого оборудования', 'Linux', 'SQL', 'Windows', 'СУБД', 'Техническая поддержка', 'Системный администратор']"
3D Animator / 3D аниматор,Wargaming St. Petersburg (Lesta Studio),,От 1 года до 3 лет,[]
Data Scientist,Самокат (ООО Умное пространство),,От 1 года до 3 лет,"['Python', 'SQL', 'Machine Learning']"
QA Engineer (middle\senior),Appbooster,80000.0,От 1 года до 3 лет,"['Функциональное тестирование', 'Atlassian Jira', 'iOS', 'Android']"
Senior ROR-инженер,Buyk,,От 3 до 6 лет,"['Ruby On Rails', 'PostgreSQL', 'SQL', 'GraphQL', 'RSpec', 'Docker', 'Git', 'Amazon AWS']"
ROR-инженер,Buyk,,От 3 до 6 лет,"['Ruby On Rails', 'PostgreSQL', 'SQL', 'GraphQL', 'RSpec', 'Docker', 'Git', 'Amazon AWS']"
Magento Developer,Nitka Technologies,,От 3 до 6 лет,"['Git', 'PHP', 'Linux', 'Английский язык', 'MySQL', 'Magento', 'PostgreSQL']"
Middle QA Engineer,Lenvendo,100000.0,От 1 года до 3 лет,"['Git', 'Atlassian Jira', 'SQL', 'Atlassian Confluence', 'API', 'Postman', 'DevTools', 'Rabbit MQ']"
Team Lead Go,Karuna,,От 3 до 6 лет,"['ООП', 'Git', 'go']"
Системный аналитик,"Иннотех, Группа компаний",,От 3 до 6 лет,"['SQL', 'BPMN', 'XML', 'UML', 'СУБД', 'Xsd', 'JSON', 'SOAP', 'REST', 'SOAP UI', 'Postman']"
Младший технический писатель (JavaScript),Developer Soft,60900.0,Нет опыта,"['JavaScript', 'HTML', 'CSS', 'Английский язык']"
Старший Frontend-разработчик ReactJS / ReactNative,Проект,,От 3 до 6 лет,"['Teamleading', 'React.js', 'TypeScript', 'SSR', 'ES6', 'Sass', 'ReactNative', 'Android SDK', 'iOS UIKit', 'CI/CD', 'Scrum', 'Разработка нового продукта', 'Agile Project Management']"
Инженер-конструктор,АТБ Электроника,,От 3 до 6 лет,"['AutoCAD', 'ЕСКД', 'Разработка проектной документации', 'Solid Works', 'САПР', '3D Моделирование']"
Программист,СЭТ-Продакшн,110000.0,От 1 года до 3 лет,"['Git', 'Linux', 'MySQL', 'HTML', 'JavaScript']"
QA Engineer,СИГМА,,От 1 года до 3 лет,"['Atlassian Jira', 'Atlassian Confluence', 'SQL', 'Тестирование пользовательского интерфейса']"
Специалист по работе с мастер-данными SAP,Фацер,,От 1 года до 3 лет,[]
Senior Java Developer with possible relocation to Prague,Veeam Software,,От 3 до 6 лет,"['Java', 'Английский язык', 'Java EE', 'core java']"
Системный администратор/IT-специалист,Филиал «ДиПОС Санкт-Петербург» ООО ПКФ «ДиПОС»,50000.0,От 3 до 6 лет,"['Администрирование серверов Windows', 'Active Directory', 'Администрирование сетевого оборудования', 'Системы видеонаблюдения', 'Cisco', 'Linux', 'Организация рабочих мест', 'Работа с оргтехникой', 'Cистемы управления базами данных', 'Видеонаблюдение', 'Телефония', 'Office', 'Закупка оргтехники и оборудования', 'Мини-АТС', 'СКУД', 'VLAN', 'Настройка DNS', 'Zabbix', 'Mikrotik', 'PowerShell', 'VMware']"
Ведущий программист Embedded систем,"САТЕЛ, Группа компаний",,От 3 до 6 лет,"['Linux', 'TCP/IP', 'C/C++', 'OSI', 'SVN', 'Yocto', 'Buldroot']"
Монтажник ВОЛС,"NEWLINK, провайдер интернета",75000.0,От 1 года до 3 лет,"['инженер ВОЛС', 'сварщик оптики', 'монтажник оптики', 'пайщик']"
Middle Manual QA Engineer,Space307,120000.0,От 3 до 6 лет,"['Atlassian Jira', 'Функциональное тестирование', 'Atlassian Confluence', 'HTML', 'Тестирование']"
Senior Frontend developer (Vue.js),Эквид,250000.0,От 3 до 6 лет,"['TypeScript', 'JavaScript', 'Git', 'Vue.js', 'HTML5']"
Senior Backend Developer (Ruby),Servers.com,,От 3 до 6 лет,"['Ruby', 'Go']"
Инженер технической поддержки (см) (Выборгское ш),"Лента, федеральная розничная сеть",,От 1 года до 3 лет,[]
Android Developer (Kotlin),Electrolux,,От 3 до 6 лет,"['Java', 'Android', 'REST', 'Atlassian Jira', 'MVP', 'AWS', 'JSON API', 'Android Studio', 'Android SDK', 'Google Playstore', 'Java 8 and RX Java', 'Retrofit is a plus', 'REST APIs', 'Dagger 2', 'Design Patterns', 'Английский язык', 'MVP, Singleton, Factory', 'Kotlin', 'KMM']"
Ведущий инженер,НПО «Импульс»,60000.0,Нет опыта,"['Опытный пользователь ПК', 'способность к обученю']"
Разработчик CRM,Softline,,От 3 до 6 лет,"['C#', 'MS Dynamics CRM', 'HTML', 'JavaScript', 'MS SQL', 'Design Patterns']"
Специалист по ведению базы данных,"Лента, федеральная розничная сеть",,От 1 года до 3 лет,[]
Компьютерный мастер,Омега,65000.0,Нет опыта,"['Ремонт ПК', 'Настройка ПК', 'Сборка ПК', 'Настройка ПО', 'Пользователь ПК', 'Работа с оргтехникой', 'Работа в команде', 'Выездное обслуживание']"
Инженер по медицинскому оборудованию,Медицинские системы и технологии,90000.0,От 1 года до 3 лет,"['Гарантийное обслуживание', 'Медицинское оборудование', 'Сервисный инженер', 'Монтаж оборудования', 'Командировки']"
Руководитель службы технологий,Агентство судебного взыскания,100000.0,От 1 года до 3 лет,"['Английский язык', 'Оптимизация бизнес-процессов', 'Разработка инструкций', 'CRM', 'Ориентация на результат']"
Руководитель проекта,"РАЗМАХ, Группа компаний",,Нет опыта,"['Ведение переговоров', 'Заключение договоров', 'Деловое общение', 'Документальное сопровождение', 'Многозадачность']"
Junior DevOps Engineer,Скибина Алена Сергеевна,35000.0,Нет опыта,"['Удаленная работа', 'Желание учиться', 'Memcached', 'Wordpress', 'Python', 'Bash']"
Web backend/Ruby разработчик,Mercury Development,,От 1 года до 3 лет,"['PostgreSQL', 'MongoDB', 'Английский язык', 'SQL', 'ООП', 'Ruby', 'JavaScript']"
"Оператор на телефоне(удалённо, работа из дома)",Ozon,27840.0,Нет опыта,[]
"Специалист по обслуживанию клиентов(удалённо, работа из дома)",Ozon,27840.0,Нет опыта,[]
Frontend developer на React.js (удаленно),A-hiring,,От 1 года до 3 лет,"['JavaScript', 'Git', 'React', 'Redux', 'TypeScript', 'mobx']"
Python Developer (middle),A-hiring,,От 1 года до 3 лет,"['Git', 'Python', 'Django', 'Web разработка', 'Микросервисы']"
Разработчик банковского ПО (АБС ЦФТ),Банк Оранжевый,,От 3 до 6 лет,[]
UX/UI дизайнер,Space307,,От 3 до 6 лет,[]
UX / UI дизайнер,Space307,,От 3 до 6 лет,"['UX/UI', 'Product design']"
Senior Software Developer (Toolbox Enterprise),JetBrains,280000.0,От 3 до 6 лет,[]
FX Artist,Ласт Левел,,От 3 до 6 лет,[]
Системный администратор,ПО Возрождение Филиал Северо-Запад,,От 1 года до 3 лет,"['Active Directory', 'DHCP', 'Администрирование серверов Windows', 'Техническая поддержка', 'Windows Server 2003', 'DNS', 'Администрирование сетевого оборудования', 'Настройка сетевых подключений', 'Настройка ПК']"
"Разработчик Go, Логистика / Адресация",Ozon,,От 1 года до 3 лет,"['Golang', 'Linux', 'Docker', 'Scrum', 'IT', 'разработка логистики']"
Программист Java Spring,ИТигрис,,От 1 года до 3 лет,"['Spring Framework', 'Git', 'Apache Maven', 'Hibernate ORM', 'Java']"
Senior IT Project Manager,Агентство судебного взыскания,80000.0,От 1 года до 3 лет,"['Управление проектами', 'MS Project', 'Оптимизация бизнес-процессов', 'Project management', 'Проектный менеджмент']"
SAS Программист,PSI Co Ltd.,,Нет опыта,[]
Ведущий инженер (IT),СИГМА,,От 1 года до 3 лет,"['MS SQL', 'MS SQL Server', 'Azure', 'Базы данных', 'Hyper-V', 'Microsoft Windows']"
Программист 1С,Комплектэнергоучет,150000.0,От 3 до 6 лет,[]
Team Lead (E-commerce),BARONA,,От 3 до 6 лет,"['Английский язык', 'PostgreSQL', 'Python', 'ERP', 'MS Dynamics NAV']"
Rigger / Риггер,Cтудия Dragon-Fly,110432.0,От 1 года до 3 лет,"['Autodesk Maya', '3D Rigging', 'Skinning', 'Facial Rig', 'Unreal Engine 4']"
Senior Angular Frontend developer,BARONA,,От 3 до 6 лет,"['Angular', 'TypeScript', 'Git', 'Английский язык', 'CSS']"
Разработчик С#,BARONA,,От 1 года до 3 лет,"['СУБД', 'C#', 'ООП', 'MSSQL', 'ORACLE', 'PostgreSQL', 'TDD', 'API', 'CRM', 'Git', 'SVN', 'REST']"
Монтажник РЭАиП,НПП Марс-Энерго,30000.0,От 3 до 6 лет,"['Знание номенклатуры электронных компонентов', 'Навыки сборки РЭА и приборов', 'Знание правил техники безопасности']"
"Разработчик Go (Логистика, Платформа TMS)",Ozon,,От 1 года до 3 лет,"['IT', 'Go', 'SQL', 'разработка логистики']"
Программист C/С++,Algos Capital,,Нет опыта,"['Биржевые торги', 'Адекватность', 'Работа в условиях многозадачности', 'C++', 'C#', 'Python', 'Удаленная работа']"
Инженер,Business FM Санкт-Петербург,,Более 6 лет,"['Техническое обслуживание', 'Ремонтные работы', 'Опытный пользовать ПК, знание MS Office', 'Техническая эксплуатация', 'Контроль исправности оборудования', 'Навыки составления отчетности', 'Радиорелейное оборудование', 'Высокая степень ответственности', 'Ответственность и пунктуальность']"
Middle Java developer (remote),DIS Group,,От 1 года до 3 лет,"['PostgreSQL', 'Java', 'SQL', 'MS SQL', 'REST']"
Разработчик ETL,DIS Group,,От 1 года до 3 лет,"['SQL', 'Инструменты ETL']"
Программист С# (Developer),Algos Capital,87000.0,Нет опыта,"['Оптимизация кода', 'С (#)', 'Databases', 'Linux', 'NodeJS', 'Proxmox', 'SQL']"
Специалист технической поддержки (помощник инженера/DevOps),Majordomo,35000.0,Нет опыта,"['Linux', 'Bash', 'Настройка DNS', 'Настройка почтовых серверов', 'хостинг', 'HTTP']"
Senior Backend Developer (PHP),Центр образовательных технологий Advance,220000.0,От 3 до 6 лет,"['PHP', 'Laravel', 'PostgreSQL', 'ООП']"
PHP-разработчик,"Лента, федеральная розничная сеть",,От 1 года до 3 лет,"['Linux', 'MySQL', 'ООП', 'PostgreSQL', 'PHP', 'golang']"
Product manager,8848INVEST,120000.0,От 1 года до 3 лет,"['Английский язык', 'Customer Development', 'Аналитическое мышление', 'UX', 'Немецкий язык', 'PSPO']"
Head of Digital Marketing / Директор по Digital-маркетингу,MIP,200000.0,От 3 до 6 лет,"['Управление командой', 'Анализ бизнес показателей', 'Маркетинговые коммуникации', 'Планирование маркетинговых кампаний', 'Digital Marketing', 'Internet Marketing']"
Системный администратор с навыками поддержки 1С,БИОКОЛ,78300.0,От 3 до 6 лет,"['1С программирование', '1С: Бухгалтерия', '1С: Предприятие 8', '1С: Зарплата и управление персоналом', '1С: Торговля']"
Оператор клиентской службы,Кухни Мария (ООО Мария),40000.0,От 1 года до 3 лет,"['Работа с претензиями', 'Работа с жалобами клиентов', 'Грамотная речь', 'Работа в команде', 'Работа с большим объемом информации', 'Претензионная работа', 'Телефонные переговоры', 'CRM', 'входящие звонки', 'обработка входящей корреспонденции']"
3D художник по персонажам (next-gen character artist),Cтудия Dragon-Fly,116928.0,От 1 года до 3 лет,[]
Инженер ОТК,НИЦ СПб ЭТУ (Научно-инженерный центр Санкт-Петербургского электротехнического университета),,От 1 года до 3 лет,[]
Системный администратор / Инженер по настройке ПК,НИЦ СПб ЭТУ (Научно-инженерный центр Санкт-Петербургского электротехнического университета),,От 3 до 6 лет,"['Windows 7', 'Монтаж оборудования', 'Linux', 'Техническое обслуживание', 'Администрирование', 'Настройка ПК', 'Системы видеонаблюдения', 'Диагностика']"
Backend разработчик (Java),НИЦ СПб ЭТУ (Научно-инженерный центр Санкт-Петербургского электротехнического университета),,От 1 года до 3 лет,[]
Ведущий тестировщик / Senior QA Engineer,НИЦ СПб ЭТУ (Научно-инженерный центр Санкт-Петербургского электротехнического университета),,От 3 до 6 лет,"['Atlassian Jira', 'Git', 'SQL', 'Linux', 'SOAP', 'Sikuli', 'Testolang', 'Тестирование', 'Разработка ПО', 'Наставничество', 'QA', 'Selenium']"
Руководитель отдела конструкторской документации,НИЦ СПб ЭТУ (Научно-инженерный центр Санкт-Петербургского электротехнического университета),,От 3 до 6 лет,"['Организаторские навыки', 'Контроль качества', 'Грамотность', 'Работа в команде', 'Планирование', 'Документальное сопровождение', 'Грамотная речь', 'Пользователь ПК', 'ЕСКД', 'ГОСТы', 'MS Office', 'MS Visio', 'Linux']"
"Front-end разработчик (JavaScript, Vue, React)",НИЦ СПб ЭТУ (Научно-инженерный центр Санкт-Петербургского электротехнического университета),,От 1 года до 3 лет,"['JavaScript', 'Git', 'Имитационное моделирование', 'ГИС', 'Cesium', 'React']"
Системный архитектор (Java),НИЦ СПб ЭТУ (Научно-инженерный центр Санкт-Петербургского электротехнического университета),,От 3 до 6 лет,[]
Системный аналитик / Бизнес-аналитик,НИЦ СПб ЭТУ (Научно-инженерный центр Санкт-Петербургского электротехнического университета),,От 3 до 6 лет,"['UML', 'Управление проектами', 'Бизнес-анализ', 'математика', 'Анализ данных', 'MATLAB', 'Разработка ПО']"
"Разработчик компьютерного зрения (С/C++, Python)",НИЦ СПб ЭТУ (Научно-инженерный центр Санкт-Петербургского электротехнического университета),,От 3 до 6 лет,"['OpenCV', 'Python', 'Computer Vision', 'Tensorflow', 'C++', 'Математическое моделирование', 'machine learning', 'нейронные сети', 'Stereo correspondence', 'structure from motion']"
Ведущий инженер (системы связи и передачи данных),НИЦ СПб ЭТУ (Научно-инженерный центр Санкт-Петербургского электротехнического университета),,От 1 года до 3 лет,"['AutoCAD', 'MS Visio', 'Linux', 'Инженерные системы', 'Проектирование', 'Администрирование сетевого оборудования']"
Разработчик (Java),НИЦ СПб ЭТУ (Научно-инженерный центр Санкт-Петербургского электротехнического университета),,От 1 года до 3 лет,"['Apache Maven', 'Linux', 'Git', 'Java', 'ООП', 'JavaScript']"
Инженер конфигураций (DevOps),НИЦ СПб ЭТУ (Научно-инженерный центр Санкт-Петербургского электротехнического университета),,От 3 до 6 лет,[]
Java-программист,НИЦ СПб ЭТУ (Научно-инженерный центр Санкт-Петербургского электротехнического университета),,От 3 до 6 лет,[]
Игровой аналитик,Zillion Whales,60900.0,От 1 года до 3 лет,[]
Старший менеджер IT-проектов,Агентство судебного взыскания,80000.0,От 1 года до 3 лет,"['Управление проектами', 'MS Project', 'Оптимизация бизнес-процессов', 'Project management', 'Проектный менеджмент']"
Node.js developer,Эрвиай Групп,160000.0,От 3 до 6 лет,"['Linux', 'Redis', 'Node.js', 'HTML', 'JavaScript', 'MQTT']"
Linux System Administrator,Wargaming,,От 1 года до 3 лет,[]
Наладчик машин и автоматических линий по производству изделий из пластмасс,Аквафор,55680.0,От 3 до 6 лет,"['Управление производством', 'Mac Os', 'Adobe Audition', 'Windows Vista']"
Оператор колл-центра клиентского сервиса / Диспетчер по приёму обращений от населения в сфере ЖКХ,Колл-центр,,От 1 года до 3 лет,"['Работа с большим объемом информации', 'Пользователь ПК', 'Грамотная речь', 'Работа в команде', 'Урегулирование конфликтов']"
Junior unity разработчик,Varwin,,Нет опыта,"['ООП', 'Unity', 'C#', 'VR']"
Senior Go Developer,Karuna,,От 1 года до 3 лет,"['ООП', 'Git', 'go']"
Middle Manual QA Test Engineer  (Integration Team),Solveva,104400.0,От 1 года до 3 лет,"['Тестирование', 'Java', 'Scrum']"
Бизнес - аналитик,Агентство судебного взыскания,100000.0,От 1 года до 3 лет,"['Английский язык', 'Оптимизация бизнес-процессов', 'Разработка инструкций', 'CRM', 'Ориентация на результат']"
Руководитель IT-подразделения,Агентство судебного взыскания,150000.0,От 1 года до 3 лет,"['Управление проектами', 'Стратегическое мышление', 'Ориентация на результат', 'Управление временем', 'Автоматизация документооборота']"
Специалист по оценке долговых портфелей,Агентство судебного взыскания,40000.0,От 1 года до 3 лет,"['Python', 'SQL', 'PostgreSQL', 'Английский язык', 'MS SQL']"
IT директор,Агентство судебного взыскания,150000.0,От 3 до 6 лет,"['Управление проектами', 'Стратегическое мышление', 'Ориентация на результат', 'Управление временем']"
Программист 1С,Малтри,,От 1 года до 3 лет,"['1С программирование', '1С: Предприятие 8', '1С: Розница', '1С: Управление Торговлей', '1С: Управление предприятием']"
Инженер-программист C# (прикладное программирование),ГАЗИНФОРМСЕРВИС,,От 1 года до 3 лет,[]
Веб-разработчик,Группа компаний АРКАН,,Нет опыта,"['jQuery', 'PHP', 'JavaScript', '1С-Битрикс', 'HTML']"
Системный администратор,Группа компаний АРКАН,,От 1 года до 3 лет,"['MS SQL Server', 'Windows Server 2003', 'MS SQL', 'СУБД', 'SQL Server', 'настройка ЛВС', 'Знание протоколов и технологий: TCP/IP']"
WPF Developer,EXQUANCE,,От 3 до 6 лет,"['C#', 'WPF', 'MVVM', 'Entity Framework ORM', 'SOLID']"
Ведущий специалист секции оценки долговых портфелей,Агентство судебного взыскания,80000.0,От 3 до 6 лет,"['Python', 'SQL', 'Pandas']"
Backend Engineer Python Developer,Myna Labs,,От 1 года до 3 лет,"['Linux', 'SQL', 'Английский язык', 'Bash', 'C++', 'Python']"
Ведущий DevOps \ SRE Engineer \ Системный администратор,СИГМА,,От 3 до 6 лет,[]
System Analyst (DWH),Playrix,,От 1 года до 3 лет,"['SQL', 'ETL', 'Анализ данных', 'DWH', 'Big Data']"
Оператор лазерного станка CO2,Сувенир,45000.0,От 1 года до 3 лет,"['CorelDRAW', 'Способность обучать других', 'Станки ЧПУ', 'Организационные навыки', 'Закупка рекламных материалов']"
Продавец,Билайн,43500.0,Нет опыта,[]
Специалист пункта выдачи заказов,Ozon,,Нет опыта,"['Работа с клиентами', 'Работа с кассовым аппаратом', 'Клиентоориентированность', 'Выдача заказов клиентам', 'Инкассация', 'Инвентаризация']"
Web дизайнер (middle/senior),Вайт Код,100000.0,От 3 до 6 лет,"['Adobe Photoshop', 'Adobe Illustrator', 'Adobe InDesign', 'Figma', 'UX/UI', 'Английский - B2- Средне-продвинутый']"
ИТ-архитектор,Газпром нефть,,Нет опыта,"['UML', 'Английский язык', 'ARIS', 'Управление проектами', 'EPC']"
Руководитель практики ABBYY,Газпром нефть,,От 3 до 6 лет,"['Управление проектами', 'Atlassian Jira', 'Английский язык', 'Scrum', 'Agile Project Management']"
Инженер данных,Газпром нефть,,От 1 года до 3 лет,"['SQL', 'Oracle Pl/SQL', 'ORACLE', 'Базы данных', 'Управление временем']"
"Backend разработчик (.Net, C#)",Газпром нефть,,От 1 года до 3 лет,"['MS SQL', 'C#', 'SQL', 'ASP.NET', 'ООП']"
Руководитель разработки RPA,Газпром нефть,,От 1 года до 3 лет,"['Управление проектами', 'Atlassian Jira', 'Английский язык', 'Scrum', 'Agile Project Management', 'rpa', 'uipath']"
Ведущий разработчик Qlik,Газпром нефть,,От 1 года до 3 лет,"['SQL', 'Atlassian Jira', 'Agile Project Management', 'Scrum', 'Git', 'SAP BI', 'qlik']"
Руководитель направления по архитектуре услуг и работ,Газпром нефть,,От 1 года до 3 лет,"['Английский язык', 'Грамотная речь', 'Ориентация на результат', 'Стратегическое мышление', 'Управление временем']"
BI разработчик,Газпром нефть,,От 1 года до 3 лет,"['SQL', 'Oracle Pl/SQL', 'ORACLE', 'Базы данных', 'Управление временем']"
Frontend developer (Angular) [id 83881],Газпром нефть,,От 3 до 6 лет,"['Git', 'HTML5', 'CSS3', 'MVC', 'ООП', 'AngularJS', 'Angular', 'TypeScript', 'REST', 'API', 'MVVM', 'SCSS', 'JS', 'JavaScript']"
Дата-партнер,Газпром нефть,,Нет опыта,"['Английский язык', 'Организаторские навыки', 'Управление проектами', 'Ориентация на результат', 'Обучение и развитие']"
ИТ-архитектор,Газпром нефть,,Нет опыта,"['UML', 'Английский язык', 'ARIS', 'Управление проектами', 'EPC']"
Руководитель разработки ABBYY,Газпром нефть,,Нет опыта,"['Управление проектами', 'Atlassian Jira', 'Английский язык', 'Scrum', 'Agile Project Management']"
RPA-разработчик,Газпром нефть,,От 1 года до 3 лет,"['UML', 'Английский язык', 'ARIS', 'Управление проектами', 'EPC']"
Разработчик геоинформационных систем [id111016],Газпром нефть,,Нет опыта,"['PostgreSQL', 'Python', 'C#', 'ASP.NET', 'Английский язык']"
Архитектор HSE,Газпром нефть,,От 1 года до 3 лет,"['ARIS', 'ArchiMate', 'MEGA', 'HSE', 'Промышленная безопасность']"
Архитектор HR,Газпром нефть,,От 1 года до 3 лет,"['SAP HR', '1C ЗУП', 'SAP HCM', 'SAP Success Factors', 'WebTutor', 'Mirapolis', 'ARIS', 'ArchiMate', 'MEGA', 'СУБД']"
SQL разработчик [id111305 ],Газпром нефть,,От 1 года до 3 лет,"['SQL', 'MS SQL', 'ORACLE', 'MS SQL Server', 'PostgreSQL', 'API']"
UX/UI дизайнер (Private Banking),Сбербанк,,От 3 до 6 лет,"['Figma', 'Linux', 'Adobe Photoshop', 'Adobe Illustrator', 'UX', 'UI']"
Дизайнер интерфейсов,Ramotion,,От 3 до 6 лет,"['Дизайн интерфейсов', 'Web-дизайн']"
QA инженер (PFM),Сбербанк,,От 3 до 6 лет,"['Linux', 'SQL', 'Java', 'HTML', 'CSS', 'iOS', 'Android', 'мобильное тестирование']"
Системный администратор (Greenplum),Сбербанк,,От 1 года до 3 лет,"['Jenkins', 'Bash', 'Atlassian Jira', 'Docker', 'Kibana', 'Big Data', 'SQL', 'ETL', 'ELK', 'Python']"
Программист 1C,Бизнес Полис,100000.0,От 1 года до 3 лет,"['1С программирование', 'Поддержка конфигураций на платформе 8.2., 8.3 (КА, БП, ЗУП)', '1С: Бухгалтерия', 'Создание конфигурации 1С', '1C: Финансы', '1С: БИТ. Финанс']"
Systems Analyst,Karuna,,От 1 года до 3 лет,"['Atlassian Jira', 'Atlassian Confluence', 'Работа в команде', 'Английский язык', 'Проведение презентаций']"
Senior Data Analyst/ Старший аналитик данных,"Лента, федеральная розничная сеть",,От 3 до 6 лет,"['Python', 'Linux', 'SQL', 'Прогнозирование', 'Базы данных', 'Power BI']"
Старший системный администратор,BARONA,,От 1 года до 3 лет,"['TCP/IP', 'Настройка ПО', 'Настройка ПК']"
Специалист по информационной безопасности,ЛОГКУ Центр социальной защиты населения,50000.0,От 3 до 6 лет,"['Пользователь ПК', 'Настройка ПК', 'Информационные технологии', 'Сборка ПК', 'Информационная безопасность']"
Flutter Developer (Middle),Сеть магазинов цифровой и бытовой техники DNS,100000.0,От 1 года до 3 лет,[]
Разработчик 1С,Сеть магазинов цифровой и бытовой техники DNS,,От 1 года до 3 лет,"['1С программирование', 'SQL']"
Программист C#,Сеть магазинов цифровой и бытовой техники DNS,100000.0,От 1 года до 3 лет,"['C#', 'TypeScript', 'SQL', 'JS', 'ReactJS']"
Системный аналитик 1С (Middle),Сеть магазинов цифровой и бытовой техники DNS,80000.0,От 1 года до 3 лет,"['UML', 'Разработка технических заданий', 'BPMN', 'Бизнес-анализ', 'Аналитика', 'Постановка задач разработчикам']"
Младший системный администратор,Сеть магазинов цифровой и бытовой техники DNS,30000.0,От 1 года до 3 лет,[]
Консультант 1C,Сеть магазинов цифровой и бытовой техники DNS,80000.0,От 1 года до 3 лет,"['UML', 'BPMN', 'Постановка задач разработчикам', '1C']"
Аналитик 1С,ПитерСофт,,От 1 года до 3 лет,"['1С: Предприятие 8', 'Бизнес-анализ', 'ERP-системы на базе 1С', '1С: Документооборот', 'Моделирование бизнес процессов', 'Постановка задач разработчикам', 'Разработка технических заданий', 'Работа в команде']"
Менеджер по работе с клиентами/Account manager,ОЛЛИ,,От 1 года до 3 лет,[]
"Программист web (PHP, JS)/ fullstack (удалённо)",Картлавка,100000.0,От 1 года до 3 лет,"['JavaScript', 'PHP', 'Git', 'PostgreSQL', '1С программирование', 'Веб-программирование']"
Стажер-аналитик 1С,ПитерСофт,15000.0,Нет опыта,"['1С: Предприятие 8', 'Работа с большим объемом информации', 'Грамотность', 'Моделирование бизнес процессов', 'Многозадачность']"
Младший специалист технической поддержки,Фертоинг,,Нет опыта,"['TCP/IP', 'Настройка сетевых подключений', 'Настройка ПК']"
Оператор фрезерного станка ЧПУ,Shokobrand,70000.0,Нет опыта,"['CorelDRAW', 'Работа в команде', 'ArtCAM']"
Токарь (служба эксплуатации),Радар ММС,,Нет опыта,[]
Middle QA Engineer,Фортус,100000.0,Нет опыта,"['Redmine', 'Тестирование', 'Тестирование пользовательского интерфейса', 'WEB тестирование', 'Тестирование API', 'Postman']"
Frontend-разработчик (Удалённо),Stream Telecom,,От 1 года до 3 лет,"['CSS', 'JavaScript', 'HTML', 'HTML5', 'CSS3', 'webpack', 'Gulp', 'DOM', 'react js']"
Оператор call-центра,Школа музыки Pianist,45000.0,Нет опыта,"['CRM', 'Грамотная речь', 'Навыки продаж', 'Управление отношениями с клиентами', 'Телефонные переговоры', 'Активные продажи', 'исходящие звонки', 'Ориентация на результат', 'Холодные продажи', 'Ведение клиентской базы']"
Специалист по обеспечению непрерывности IT-систем (DRP),Банк Санкт-Петербург,,От 1 года до 3 лет,"['ITIL', 'Управление процессами', 'Аудит', 'Написание процедур', 'Проведение аудита ИТ']"
Аналитик по неличным видам страхования,Совкомбанк Страхование,,От 1 года до 3 лет,"['Работа с большим объемом информации', 'MS Outlook', 'Деловая переписка', 'Аналитическое мышление', 'Виды страхования']"
Менеджер по работе с корпоративными клиентами (Менеджер Клиента),КРОК,,От 3 до 6 лет,"['Прямые продажи', 'Активные продажи', 'Английский язык', 'Работа в команде', 'Клиентоориентированность', 'Корпоративные продажи', 'Подготовка коммерческих предложений', 'B2B Продажи', 'Участие в Тендерах', 'Поиск и привлечение клиентов']"
Инженер по внедрению и сопровождению информационных систем,Лаборатория модульной автоматизации,65250.0,Нет опыта,"['SQL', 'СУБД', 'Unix', 'Shell Scripting', 'Сбор и анализ информации', 'Внедрение информационных систем']"
Junior QA Automation Engineer,СЕВЕРГРУПП МЕДИЦИНА,,Нет опыта,"['Git', 'Java', 'SQL', 'ООП', 'Python']"
IOS разработчик middle\senior,СофтМедиаЛаб,,От 3 до 6 лет,"['Swift', 'Git', 'SOLID', 'Английский язык', 'REST', 'iOS', 'Удаленная работа', 'MVVM', 'VIPER', 'JSON API']"
Инженер по тестированию в команду VK Testers,VK,,От 1 года до 3 лет,"['Java', 'JavaScript', 'SQL', 'Тестирование']"
Технический специалист Битрикс24,Stream Telecom,,Нет опыта,"['CRM', 'Мобильность', 'Битрикс24', '1С: CRM ПРОФ', 'Многозадачность', 'Системность', 'CRM Bitrix24']"
Frontend разработчик (Vue.js),Балтех,80000.0,От 1 года до 3 лет,"['JavaScript', 'CSS3', 'HTML5', 'jQuery', 'Git']"
Аналитик,Сбербанк,,От 1 года до 3 лет,"['Работа в команде', 'MS PowerPoint', 'Подготовка презентаций', 'MS Outlook', 'Работа с большим объемом информации']"
Оператор гибочного станка с ЧПУ (Колпино),ДиКом,40020.0,От 1 года до 3 лет,"['Умение читать чертежи', 'Контроль качества', 'Умение пользоваться контрольно-измерительным инструментом', 'Техника безопасности', 'Редактирование управляющих программ']"
Traffic manager,Cindicator,,От 3 до 6 лет,"['Креативность', 'B2C маркетинг', 'Ведение мобильных рекламных кампаний', 'Разработка стратегии продвижения продуктов', 'Разговорный английский', 'Удаленная работа', 'Грамотная устная и письменная речь', 'Финансы']"
Product Manager Junior / Менеджер по продукту Junior,DIY Tools,50000.0,От 1 года до 3 лет,"['Деловая переписка', 'MS PowerPoint', 'Английский язык', 'Adobe Photoshop', 'Деловое общение', 'Продвинутый пользователь MS Excel', '1 С', 'Работа с этикетками', 'Работа с поставщиками', '1C: Предприятие', 'MS Outlook', 'Excel', 'Умение работать с большим объемом информации', 'Мотивированность', 'Штрихкодирование']"
Старший специалист по сетевому администрированию,МегаФон Ритейл,,От 1 года до 3 лет,[]
Спортивный корреспондент,Медиа Бизнес Солюшенс,,От 1 года до 3 лет,"['Грамотная речь', 'Телефонное интервью', 'Поиск информации в интернет', 'Интервьюирование', 'Грамотность']"
"Менеджер по продажам (IT, входящие звонки)",Первый Бит,52200.0,Нет опыта,"['Консультативные продажи', 'B2B Продажи', 'телефонные продажи', 'Навыки продаж']"
Тестировщик мобильных приложений (IOS),Okko,,От 1 года до 3 лет,"['SQL', 'Выполнение тестов приложений на мобильных устройствах', 'создание инструментов для тестирования', 'Работа в команде', 'Тестирование', 'iOS']"
Backend QA Engineer,Okko,,От 1 года до 3 лет,"['Python', 'Linux', 'SQL', 'Test case', 'Atlassian Jira', 'Docker', 'Kubernetes']"
SMM-менеджер,Белая радуга,40000.0,Нет опыта,"['SMM', 'Грамотность', 'Написание текстов', 'Креативность', 'Instagram']"
Трафик-менеджер,iLocked реальные квесты,43500.0,От 3 до 6 лет,"['Яндекс.Директ', 'Интернет-реклама', 'Контекстная реклама', 'Яндекс.Метрика', 'Google AdWords', 'Таргетинг', 'Facebook']"
Инженер технической поддержки,Лайт Порт,49000.0,От 1 года до 3 лет,"['Деловое общение', 'Спокойствие', 'Грамотная речь', 'Общение с клиентами']"
Тестировщик ПО/ QA Engineer,Wemakefab,80000.0,От 1 года до 3 лет,"['Функциональное тестирование', 'Тестирование пользовательского интерфейса', 'Тестирование', 'GitLab', 'API', 'REST']"
"Менеджер по закупкам (Китай, РФ)/ Bayer (байер), удаленно",My Organizer,35000.0,От 1 года до 3 лет,"['Грамотная речь', 'Пользователь ПК', 'Закупка товаров и услуг', 'Оптимизация закупок', 'Ведение переговоров', 'Работа с большим объемом информации', 'Согласование договоров', 'Планирование запасов', 'Закупки', 'Первичная бухгалтерская документация', 'Управление складскими запасами', 'Работа с поставщиками', 'Планирование закупок', 'Логистика поставок', 'Анализ ассортиментной линейки', 'Заключение договоров', 'Навыки продаж', 'Маркетинговая стратегия']"
C#/.NET developer,ETNA,156600.0,От 3 до 6 лет,"['C#', 'Rabbit MQ', 'kubernetes', 'docker']"
Младший аналитик в IT компании,Роксот,25000.0,Нет опыта,"['Английский язык', 'Работа в команде', 'MS Excel', 'Аналитический склад ума', 'Пользователь ПК', 'Грамотная речь', 'Аналитическое мышление']"
Торговый представитель,Билайн,39150.0,От 1 года до 3 лет,"['Прямые продажи', 'Обучение и развитие', 'Навыки продаж', 'Работа в команде', 'Деловое общение']"
Golang разработчик,TeamLead,,От 1 года до 3 лет,"['GO', 'Golang', 'PostgreSQL', 'Clickhouse', 'Redis', 'MongoDB', 'Git']"
Бизнес-аналитик,Самокат (ООО Умное пространство),,От 1 года до 3 лет,[]
Ведущий системный аналитик,Центр образовательных технологий Advance,110000.0,От 3 до 6 лет,"['SQL', 'Системный анализ', 'Разработка технических заданий', 'Управление проектами']"
Project manager (mobile apps),ZorbasMedia (ООО Делайт),100000.0,От 1 года до 3 лет,[]
Motion designer / моушн-дизайнер (дизайнер видео-рекламы),ZorbasMedia (ООО Делайт),50000.0,От 1 года до 3 лет,"['Adobe Illustrator', 'Adobe Photoshop', 'Adobe After Effect', 'Креативность', 'Интернет-реклама', 'Контекстная реклама', 'Adobe Premier', 'Adobe InDesign', 'Графические редакторы', 'Дизайн', 'Internet Marketing']"
Инженер по автоматизации,Газпром нефть,,От 3 до 6 лет,"['AutoCAD', 'Проектная документация', 'Разработка технических заданий', 'Разработка проектной документации', 'Проектирование', 'АСУ ТП']"
Журналист-редактор в медиа о партнерском маркетинге,ZorbasMedia (ООО Делайт),43500.0,От 1 года до 3 лет,"['Написание статей', 'Журналистика', 'Английский язык', 'Написание текстов', 'Грамотность', 'Affiliate marketing', 'Арбитраж трафика', 'Партнерский маркетинг', 'Корректура текстов']"
"Media buyer / арбитражник (FB, Google, In-app)",ZorbasMedia (ООО Делайт),150000.0,От 1 года до 3 лет,"['Internet Marketing', 'Интернет-реклама', 'Интернет маркетинг', 'Google AdWords', 'Social Media Marketing', 'Анализ трафика', 'UAC', 'Google Analytics', 'Медиабаинг', 'Лидогенерация']"
Консультант-аналитик 1С (Ведущий консультант-аналитик 1С),Onecloudspace,100000.0,От 3 до 6 лет,"['1С: Розница', 'Консультирование', '1С: Управление Торговлей', '1С: Предприятие 8', '1С: Зарплата и управление персоналом', '1С: Бухгалтерия']"
.NET developer,First Line Software,,От 1 года до 3 лет,"['C#', 'Английский язык', 'ASP.NET']"
Senior .Net Developer (C#),Николаев Артем Николаевич,259841.0,От 3 до 6 лет,"['C#', 'Entity Framework', 'MS SQL Server', 'ASP.NET', 'MS SQL', '.NET Core', 'Английский язык', 'Redis', 'Microservices']"
Ведущий разработчик (Senior Developer),Мясницкий ряд,,От 3 до 6 лет,"['MS SQL Server', 'SQL', 'Transact-SQL', 'MS SQL', 'База данных: Olap', 'MySQL', 'Работа с базами данных']"
Ведущий системный администратор,Hoff,,Более 6 лет,"['Cisco', 'Linux', 'Networking', 'Планирование карьеры', 'ansible', 'Windows Server 2012', 'AD']"
QA Engineer (Salesforce),DINS,,От 3 до 6 лет,"['Java', 'REST', 'SQL', 'SOAP', 'Atlassian Jira']"
Консультант-программист 1С,Балтийская Группа,70000.0,От 1 года до 3 лет,"['1С: Предприятие 8', 'Бухгалтерский учет', '1С: Бухгалтерия', '1С: Зарплата и управление персоналом', '1С программирование']"
Логист,Байбаков Андрей Анатольевич,75000.0,Нет опыта,"['Работа в команде', 'Мобильность', 'Умение работать в коллективе', 'Коммуникабельность, стрессоустойчивость', 'Работа в условиях многозадачности']"
Golang Backend Developer,Emphasoft,,От 1 года до 3 лет,"['Agile Project Management', 'Atlassian Jira', 'Английский язык', 'Go', 'golang', 'docker', 'Kubernetes', 'Git', 'AWS', 'REST API']"
Менеджер по продажам медицинского программного обеспечения,Медицинские Скрининг Системы,60000.0,От 1 года до 3 лет,"['Ведение переговоров', 'Проведение презентаций', 'Деловая переписка', 'Английский язык', 'Поиск и привлечение клиентов']"
Специалист сектора технической поддержки ЦОД,Балтийский Телекоммуникационный Холдинг,43000.0,От 1 года до 3 лет,"['Настройка DNS', 'TCP/IP', 'Linux', 'Настройка сетевых подключений']"
Специалист службы технической поддержки,Российский аукционный дом,47850.0,От 1 года до 3 лет,"['Грамотная речь', 'Работа в команде', 'Телефонные переговоры', 'Деловое общение', 'Стрессоустойчивость', 'Внимательность', 'Коммуникабельность', 'Терпеливость', 'Письменная речь']"
Разработчик мобильных приложений React Native / Ionic,"Агентство 21 век, КЦ",150000.0,От 1 года до 3 лет,"['JavaScript', 'React Native']"
Frontend-разработчик (vue.js),ЭР-Телеком,,От 1 года до 3 лет,"['Git', 'JavaScript', 'Vue.js', 'HTML', 'Удаленная работа']"
Ведущий программист 1С,ПрофМастер,120000.0,От 1 года до 3 лет,"['1С программирование', '1С: Предприятие 8', '1С: Управление Торговлей', '1С: Документооборот', '1С: Комплексная автоматизация']"
Специалист службы технической поддержки,Мой Софт,50000.0,От 1 года до 3 лет,"['Пользователь ПК', 'Работа в команде', '1С: Предприятие 8', 'Работа с большим объемом информации', 'Разработка инструкций']"
ServiceNow Developer,Tumlare Corporation,,От 3 до 6 лет,"['Английский язык', 'Project management', 'ITIL', 'Time management', 'Teamleading']"
Дизайнер-фотограф,КОРЕАНА,70000.0,От 1 года до 3 лет,"['Adobe Photoshop', 'Adobe Illustrator', 'CorelDRAW', 'Графический дизайн', 'Adobe Lightroom']"
Junior Java QA Automation Engineer / Младший инженер по автоматизированному тестированию на Java,Nord.Codes,50000.0,Нет опыта,"['Функциональное тестирование', 'Ручное и автоматизированное тестирование', 'Нагрузочное тестирование', 'Регресcионное тестирование', 'JUnit', 'Java', 'Spring Framework', 'TestNG', 'REST', 'SOAP', 'JMeter']"
System/ Business Analyst (Remote),Spark Equation,120000.0,От 3 до 6 лет,"['Atlassian Jira', 'Business Analysis', 'Business Modeling', 'Моделирование бизнес процессов', 'Software Development', 'Английский язык', 'Specifications', 'Web technologies', 'Communication skills', 'System Analysis']"
QA Engineer (Тест-дизайнер),МТС,,От 1 года до 3 лет,"['SQL', 'Тестирование']"
Senior Python Developer,Siemens,,Нет опыта,"['Python', 'Django Framework', 'Flask', 'Английский язык', 'AWS']"
Frontend Developer,Wargaming St. Petersburg (Lesta Studio),,От 3 до 6 лет,"['CSS3', 'HTML5', 'Пользователь ПК', 'MS Office', 'Vanilla JS', 'Typescript']"
Тестировщик / QA инженер,Проект,,От 1 года до 3 лет,"['SQL', 'Android', 'CSS', 'Check-list', 'Test case', 'iOS', 'Unit Testing', 'Регресcионное тестирование', 'Bug Tracking Systems', 'Agile Project Management']"
Event-manager,ЭДГОУ,80000.0,От 1 года до 3 лет,"['Организаторские навыки', 'Работа в команде', 'Работа с большим объемом информации', 'Английский язык', 'Организация мероприятий', 'Деловая коммуникация', 'Креативность', 'Организация конференций']"
Стажер — Креативный копирайтер / Редактор,NewGen Vision,30000.0,Нет опыта,"['Журналистика', 'Наполнение контентом', 'Редактирование текстов', 'Написание статей', 'Написание сценариев', 'Рерайтинг', 'Написание текстов', 'Копирайтинг', 'Работа в команде', 'SEO-копирайтинг', 'перевод статей']"
Sales manager (SaaS),Checkaso,,От 1 года до 3 лет,"['Customer Service', 'Английский язык', 'Sales Skills', 'SaaS']"
Java разработчик (Java Developer),Digital Security,100000.0,От 1 года до 3 лет,"['Java', 'JUnit', 'TestNG', 'Hibernate ORM', 'PostgreSQL', 'HTTP', 'logstash + elasticsearch', 'RabbitMQ', 'CentOS', 'JIRA', 'Redmine', 'TeamCity', 'GitLab']"
Frontend developer (React),Enjoypro,,От 3 до 6 лет,[]
Программист 1С,Веза,100000.0,От 1 года до 3 лет,"['Грамотная речь', 'Работа с большим объемом информации', '1С: Предприятие 8', '1С: Управление Торговлей', 'Грамотность']"
Middle Unity developer,Deus Craft,80000.0,От 3 до 6 лет,[]
Руководитель направления по работе с розницей,Ростелеком,,От 3 до 6 лет,"['Управление проектами', 'Подбор персонала', 'Управление продажами', 'Обучение персонала', 'Управление персоналом']"
Менеджер по обслуживанию VIP-клиентов,Ростелеком,,От 1 года до 3 лет,"['Грамотная речь', 'Работа в команде', 'Грамотность', 'Клиентоориентированность', 'Консультирование клиентов']"
Эксперт по запуску (маркетолог-аналитик),Ростелеком,,От 1 года до 3 лет,"['Клиентоориентированность', 'Ведение клиентской базы', 'B2C продажи', 'Ориентация на клиента', 'Анализ проблем и их решение', 'B2C маркетинг', 'навыки статистической обработки данных', 'Cоциальный маркетинг', 'sap compaign', 'SQL', 'lifetime value']"
Ведущий специалист по аналитике,Ростелеком,,От 1 года до 3 лет,"['Анализ бизнес показателей', 'Аналитика', 'Базы данных', 'Управление отношениями с клиентами', 'Работа с большим объемом информации', 'MS Access', 'Анализ данных', 'Аналитическое мышление', 'Статистический анализ', 'Статистика', 'Microsoft Access', 'Cистемы управления базами данных', 'MS Excel']"
Бизнес-аналитик (1С),Петербургский нефтяной терминал,91350.0,От 1 года до 3 лет,"['MS PowerPoint', 'Моделирование бизнес процессов', 'BPMN', 'Бизнес-анализ', 'Работа в команде', '1С', 'MS Excel', 'Работа с большим объемом информации', 'Написание процедур', 'Аналитическое мышление', 'Анализ данных', 'Анализ поведения пользователей', 'Техническая документация', 'нотации для описания бизнес-процессов', 'Оптимизация бизнес процессов', 'MS Visio', 'Постановка задач разработчикам', 'Аналитика']"
Senior Product Manager,igooods,200000.0,От 3 до 6 лет,"['Управление проектами', 'Управление продуктом', 'Product Management', 'E-Commerce', 'FMCG Продажи', 'Разработка продукта']"
Digital маркетолог,Баер Макспостер,,От 1 года до 3 лет,"['Английский язык', 'Креативность', 'Управление проектами', 'CRM', 'Digital Marketing']"
Специалист поддержки первой линии,Баер Макспостер,40000.0,От 1 года до 3 лет,"['Грамотная речь', 'Деловая переписка', 'Деловое общение', 'Телефонные переговоры', 'Клиентоориентированность']"
Старший программист 1С,AxisPoint Consulting,100000.0,От 1 года до 3 лет,"['1С программирование', '1С: Предприятие 8', 'Пользователь ПК', 'Разработка и внедрение 1С', 'Обновление конфигурации 1С', 'Логическое мышление', 'SQL', '1С: Управление предприятием', '1С: Комплексная автоматизация', '1С: Документооборот', '1С: Управление Производственным Предприятием', '1С: Управление Торговлей', 'ERP-системы на базе 1С', 'СКД', '1C ERP', '1С: УНФ']"
Младший инженер-электронщик,Ready for Sky,,От 1 года до 3 лет,"['Схемотехника электронного оборудования', 'Английский язык', 'Altium Designer', 'САПР']"
Sales Development Representative / Менеджер по продажам со знанием английского (Digital),Brane,,От 1 года до 3 лет,"['Sales Management', 'Leadership Skills', 'Negotiation skills', 'Sales Skills', 'Business English', 'Analytical skills', 'Problem-solving skills']"
"Frontend-разработчик (React, Angular, Mithril)",Эрвиай Групп,120000.0,От 3 до 6 лет,"['HTML5', 'Node.js', 'CSS', 'Git', 'JavaScript', 'SPA', 'React', 'Mithril']"
"Frontend разработчик (React, Next. js, Node. js)",Everum. N.V.,120000.0,От 1 года до 3 лет,"['JavaScript', 'Node.js', 'React', 'Next.js', 'Web Application Development', 'Удаленная работа']"
"Junior Product Manager, B2B",Brane,,От 1 года до 3 лет,"['Customer Development', 'JTBD', 'CJM']"
Team Assistant / Ассистент со знанием английского,Brane,,Нет опыта,"['English', 'Multitasking', 'Microsoft Office', 'Business communication', 'Business English', 'Customer Needs Analysis', 'Responsibility', 'Negotiation skills', 'Creativity', 'Business Development']"
Кладовщик-комплектовщик,ДиаМарка,42000.0,От 3 до 6 лет,[]
PHP-разработчик,СИГМА,,От 1 года до 3 лет,"['SQL', 'PHP', 'HTML/CSS', 'MVC', 'Bootstrap', '1С-Битрикс', 'Bitrix24', 'Битрикс 24', 'CRM Bitrix24', 'Битрикс24', 'Bitrix', 'Парсинг']"
Intern / Junior QA Engineer (manual),iFuture,,Нет опыта,"['SQL', 'Linux', 'Техническое образование']"
Unity Технический художник/Technical artist,Antifreeze Games,,От 1 года до 3 лет,"['Unity', '3D Моделирование', 'ООП', 'Autodesk 3ds Max', 'Креативность', 'Разработка компьютерных Игр']"
VFX artist,Antifreeze Games,,От 1 года до 3 лет,"['Unity', 'Adobe Photoshop', 'Google Docs', 'Blender 3D']"
Программист 1С,AxisPoint Consulting,,От 1 года до 3 лет,"['1С программирование', '1С: Предприятие 8', 'Пользователь ПК', 'Разработка и внедрение 1С', 'Обновление конфигурации 1С', 'Логическое мышление', 'SQL', '1С: Управление предприятием', '1С: Комплексная автоматизация']"
Консультант-аналитик 1C,Гермес Групп,,От 3 до 6 лет,"['1С: Управление Торговлей', '1С: Предприятие']"
Playable Ads Developer (HTML5/JS developer),Playrix,,От 1 года до 3 лет,"['JavaScript', 'CSS', 'HTML5', 'Playable Ads', 'PixiJS']"
Менеджер проектов в digital-агентство,NIRIS,60000.0,От 3 до 6 лет,"['Управление интернет-проектами', 'Проектный менеджмент', '1С-Битрикс', 'SEO', 'Управление проектами', 'Веб-аналитика', 'Продвижение сайтов', 'Оптимизация бизнес-процессов', 'Интернет маркетинг']"
Product Manager,Невасофт,100000.0,От 1 года до 3 лет,"['Работа в команде', 'Управление проектами', 'Ведение переговоров', 'Управление персоналом', 'Работа с большим объемом информации']"
Менеджер проектов / Project manager,Норд Клан,,От 3 до 6 лет,"['Управление рисками', 'Ориентация на результат', 'Управление отношениями с клиентами', 'Управление временем', 'Психология', 'Управление проектами']"
Python-разработчик в команду блочного хранения,Selectel,,От 1 года до 3 лет,"['OpenStack', 'Python', 'Linux', 'Docker', 'Git', 'C++']"
Специалист технической поддержки 1С / консультант 1С,ЭлитСпецОбувь,80000.0,От 1 года до 3 лет,"['Разработка инструкций', '1C: Предприятие', 'Тестирование', 'Умение работать в режиме многозадачности', 'Работа с большим объемом информации', 'Стремление к профессиональному росту', '1С: Предприятие 8']"
Ведущий специалист по управлению запасами МТР,Газпром нефть,,От 1 года до 3 лет,"['MS PowerPoint', 'Английский язык', 'SAP ERP', 'Высшее образование', 'Ответственность и исполнительность', 'Знание Microsoft Office', 'Аналитические навыки', 'Инициативность']"
Ведущий специалист по управлению запасами МТР,Газпром нефть,,От 1 года до 3 лет,"['MS PowerPoint', 'Английский язык', 'SAP ERP', 'Высшее образование', 'Ответственность и исполнительность', 'Знание Microsoft Office', 'Аналитические навыки', 'Инициативность']"
Руководитель направления обучения и развития (Департамент системного анализа),Спортмастер,,От 3 до 6 лет,"['Работа в команде', 'UML', 'Системный анализ', 'Обучение и развитие', 'Преподавание', 'Администрирование процесса обучения', 'Системное мышление', 'Организация учебного процесса', 'Обучение', 'Хорошие организаторские способности']"
Графический дизайнер,ITERIUM.TECH,50000.0,Более 6 лет,"['Графический дизайн', 'Графические редакторы', 'Adobe Illustrator', 'Adobe Photoshop', 'Adobe InDesign', 'Полиграфический дизайн', 'Иллюстрирование', 'Креативность', 'Figma', 'Principle', 'Spine', 'Motion desing', 'Анимация', 'Инфографика', 'Типографика', 'Фирменный стиль', 'Adobe After Effects']"
Golang developer,Специальный Технологический Центр (ООО СТЦ),,От 1 года до 3 лет,"['Git', 'Golang', 'Docker', 'Python', 'Linux']"
Руководитель группы (отдела) продаж (iiko),ITRestoran(ООО Титул),100000.0,От 1 года до 3 лет,"['Холодные продажи', 'CRM', 'Активные продажи', 'B2B Продажи', 'Поиск и привлечение клиентов', 'Корпоративные продажи', 'Управление продажами']"
Аналитик бизнес-процессов,Интроверт,30000.0,Нет опыта,"['CRM', 'Управление персоналом', 'Обучение и развитие', 'Ориентация на результат', 'amoCRM', 'Телефонные переговоры', 'Пользователь ПК', 'Сопровождение клиентов', 'Google Docs', 'Тайм-менеджмент', 'Ведение переговоров', 'Грамотная речь', 'Деловое общение']"
"DevOps (Linux) engineer, удаленно",ГК Innostage,,От 1 года до 3 лет,"['Git', 'Администрирование серверов Linux', 'Nginx', 'Linux', 'Zabbix']"
Ведущий специалист по управлению запасами МТР,Газпром нефть,,От 1 года до 3 лет,"['MS PowerPoint', 'Английский язык', 'SAP ERP', 'Высшее образование', 'Ответственность и исполнительность', 'Знание Microsoft Office', 'Аналитические навыки', 'Инициативность']"
Системный администратор,Михайловский театр,69600.0,От 3 до 6 лет,"['Администрирование сетевого оборудования', 'Администрирование серверов Windows', 'Информационная безопасность', 'Cisco', 'Настройка серверов']"
Автор работ по маркетингу (маркетолог),Homework,,От 1 года до 3 лет,[]
Главный специалист управления запасами МТР,Газпром нефть,,От 3 до 6 лет,"['MS PowerPoint', 'Подготовка презентаций', 'Грамотная речь', 'Организаторские навыки', 'Работа с большим объемом информации', 'Ведение переговоров', 'Аналитическое мышление', 'SAP ERP', 'Аналитика', 'Статистический анализ', 'MS Excel', 'ERP Systems', 'Знание ИТ-продуктов']"
DataOps/Data Engineer,Wargaming,,От 3 до 6 лет,[]
Frontend-разработчик/верстальщик веб-приложений (Vue.js),Системы информации и связи,100000.0,От 1 года до 3 лет,"['Git', 'JavaScript', 'CSS', 'HTML', 'Flexbox', 'Vue.js', 'Vuetify', 'UI', 'UX']"
Системный администратор ОС Windows со знанием MS SQL,Банк Санкт-Петербург,,От 1 года до 3 лет,"['Администрирование серверов Windows', 'MS SQL', 'MS SQL Server', 'MS System Center']"
Инженер-разработчик . инженер электроники,НПП Дериа Графикс,60000.0,Нет опыта,[]
Аналитик BI,Авито,,От 3 до 6 лет,"['Scrum', 'SQL', 'Аналитическое мышление', 'Аналитические исследования', 'Аналитика продаж', 'Business Intelligence Systems']"
Backend developer (Java),ГК ФСК,,От 1 года до 3 лет,"['Java', 'Spring', 'JPA', 'Hibernate', 'SQL', 'Tomcat', 'Maven', 'JUnit', 'Mockito']"
"Frontend Developer (Tiger Team), в Прагу || remote",Semrush,180000.0,От 3 до 6 лет,[]
Системный администратор 104675,Газпром нефть,,Нет опыта,"['MS SQL Server', 'IIS', 'MS SQL', 'Базы данных', 'Terrasoft CRM']"
Системный инженер,"585, Золотой",,От 1 года до 3 лет,[]
PR менеджер (копирайтер),Ильичева Дарья Александровна,55000.0,Нет опыта,"['Написание текстов', 'Грамотность', 'Корректура текстов', 'Грамотная речь', 'Деловое общение']"
Продакт-менеджер / Product manager ( Product Owner ),HUAWEI,,От 3 до 6 лет,"['Product Management', 'Управление продуктом', 'Аналитическое мышление', 'Анализ данных', 'Бизнес-анализ', 'E-Commerce', 'Аналитические исследования', 'Product Development', 'Разработка нового продукта', 'Развитие бренда', 'Figma', 'Аналитика', 'Product Owner', 'Product Promotion', 'Конкурентная аналитика', 'Unit-экономика']"
Manual QA engineer,Газпром-медиа Развлекательное телевидение (ГПМ РТВ),,От 1 года до 3 лет,"['Postman', 'Atlassian Jira', 'Atlassian Confluence', 'Регресионное тестирование', 'Test case', 'Ручное тестирование']"
Менеджер по сопровождению клиентов,«Новый дом»,60000.0,От 3 до 6 лет,"['Документальное сопровождение', 'Работа с дебиторской задолженностью', 'Тендеры']"
Контент-менеджер,ИТА ГРУПП,40000.0,От 1 года до 3 лет,"['Наполнение контентом', 'Поиск информации в интернет', 'Работа с большим объемом информации', 'Грамотная речь']"
Менеджер IT-проектов,Уникальные технологии,69600.0,От 1 года до 3 лет,"['Управление проектами', 'Постановка задач разработчикам', 'Разработка технических заданий', 'API', 'Решение нестандартных задач', 'Работа в условиях многозадачности']"
"Инженер сервисного центра по ремонту асиков, майнеров",1GHS,80000.0,От 1 года до 3 лет,"['Техническое обслуживание', 'Ремонт ПК', 'Настройка ПО', 'Пайка плат', 'Ремонт оборудования', 'Ремонт электроники', 'Пайка', 'Работа в команде', 'Криптовалюта', 'Продвинутый пользователь ПК', 'Блокчейн', 'Ремонт компьютеров', 'Электроника', 'Майнинг']"
Комплаенс-менеджер,МТС,,От 1 года до 3 лет,"['Внутренний контроль', 'Английский язык', 'Оценка рисков', 'Аудит', 'Корпоративная этика', 'Анализ рисков', 'Contract Compliance Management']"
Разаработчик на Python,МЕДГАРАНТ,52200.0,Нет опыта,"['Python', 'MongoDB', 'Flask', 'Работа с большим объемом информации', 'Numpy']"
Программист 1C,ЛИГРЕС,70000.0,От 1 года до 3 лет,"['1С: Документооборот', 'MS SQL Server', 'MS SQL', '1С: Предприятие 8', 'SQL', '1С программирование', 'Работа в команде', 'Базы данных']"
Архитектор/Старший консультант SAP BW/BI,NOVARDIS,,От 3 до 6 лет,"['ABAP', 'Английский язык', 'Управление проектами', 'SAP HANA', 'SQL']"
Консультант SAP (ГИС системы),NOVARDIS,,От 3 до 6 лет,"['SAP ERP', 'Английский язык', 'SAP MM', 'ГИС']"
Младший инженер технической поддержки,Юнона,30000.0,Нет опыта,"['Linux', 'Работа с оргтехникой', 'LibreOffice', 'Английский язык']"
Middle Python developer,ЛИГРЕС,80000.0,Нет опыта,"['Python', 'Django Framework', 'PostgreSQL', 'Redis', 'Git']"
System Developer,Emlid,,От 1 года до 3 лет,"['C/C++', 'Linux', 'Python']"
GIS Developer,Emlid,,От 1 года до 3 лет,"['Kotlin', 'Математика', 'C/C++', 'GIS', 'Linux']"
Бизнес-аналитик,ГК Милнорт,100000.0,От 3 до 6 лет,"['Анализ бизнес показателей', 'Макросы', 'SQL', 'Базы данных', 'Прогнозирование', 'Big Data', 'Управление проектами', 'Оптимизация бизнес-процессов', 'Аналитическое мышление', 'MS Power BI', 'Tableau', 'Power BI', 'Excel', 'Работа с базами данных', 'Анализ данных', 'Data Analysis', 'Business Intelligence Systems']"
Стажёр стратегический маркетолог (технологическое предпринимательство),Digital Design,,Нет опыта,"['Стратегический маркетинг', 'Маркетинговый анализ', 'Разработка маркетинговой стратегии', 'Проведение презентаций']"
Lead Atlassian engineer,Nexign (АО «Нэксайн»),,От 3 до 6 лет,"['Atlassian Jira', 'SQL', 'Atlassian Confluence', 'Базы данных']"
SAP консультант (MM / SD / PP),Magna Cosma International,,От 3 до 6 лет,[]
SAP программист - ABAP,Magna Cosma International,,От 3 до 6 лет,[]
SAP консультант (MM / SD / PP) / SAP Consultant,Magna Cosma International,,От 3 до 6 лет,[]
SAP программист (ABAP),Magna Cosma International,,От 3 до 6 лет,[]
Инженер автоматизации интеграционного тестирования / QA automation (Python),YADRO,,От 3 до 6 лет,"['Python', 'Linux', 'Jenkins', 'Pytest', 'ООП']"
Системный администратор,ЭлектроРадиоАвтоматика,55462.0,От 1 года до 3 лет,"['Администрирование сетевого оборудования', 'Active Directory', 'TCP/IP', 'DHCP', 'Linux']"
Фрезеровщик,Промресурс,60000.0,От 3 до 6 лет,"['Работа с большим объемом информации', 'Грамотность']"
Руководитель проектов отдела электрики,ГиперТехнолоджи,65000.0,От 3 до 6 лет,"['Руководство коллективом', 'Управление проектами', 'Организаторские навыки', 'Управление персоналом', 'Пользователь ПК', 'Бюджетирование', 'Деловая переписка', 'Деловое общение', 'Грамотная речь', 'Управленческие навыки', 'MS Office', '4 группа по электробезопасности']"
Инженер-программист систем мониторинга,ВНИИРА,,От 3 до 6 лет,"['Python', 'Linux', 'Bash', 'C++', 'Qt', 'Cisco', 'Zabbix', 'Git']"
Senior Developer/ Программист / Разработчик,ВНИИРА,135000.0,От 3 до 6 лет,"['Linux', 'Qt', 'СУБД', 'C/C++', 'MySQL', 'PostgreSQL', 'Git', 'C++', 'SVN', 'OpenGL']"
DevOps/инженер-программист,ВНИИРА,,От 1 года до 3 лет,"['Linux', 'Git', 'Bash', 'TCP/IP', 'Python', 'CI/CD']"
Главный специалист по ПД ИТР и ТЗИ,ВНИИРА,57855.0,От 3 до 6 лет,"['НСД Dallas Lock', 'НСД ""SecretNet""', 'Администрирование', 'способность разработи РКД по ПДИТР и ТЗИ', 'Знание законодательной базы по ПДИТР и ТЗИ']"
QA/ Тестировщик,ВНИИРА,63510.0,От 1 года до 3 лет,"['Тестирование', 'SQL', 'Linux', 'C++', 'Git']"
Разработчик С/С++,ВНИИРА,,От 1 года до 3 лет,"['Git', 'Linux', 'Qt', 'Python']"
Системный архитектор,ВНИИРА,130000.0,От 1 года до 3 лет,"['Linux', 'Системный анализ', 'Git', 'C++', 'Archimate', 'архитектура приложений', 'UML']"
Начальник научно-технического отдела средств защиты информации (СЗИ),ВНИИРА,,От 3 до 6 лет,"['Информационная безопасность', 'Средства криптографической защиты информации', 'Разработка технических заданий', 'Информационные технологии', 'Технические средства информационной защиты']"
Технический писатель,ВНИИРА,53940.0,От 1 года до 3 лет,"['AutoCAD', 'MS Visio', 'Разработка технических заданий', 'Ведение документации']"
Монтажник РЭА и П 5-6 разряд (пайка),ВНИИРА,47850.0,От 1 года до 3 лет,"['монтаж', 'РЭА', 'SMD', 'СВЧ']"
Регулировщик РЭА и приборов (5 разряд),ВНИИРА,48198.0,От 1 года до 3 лет,['Регулировщик РЭА']
Системный администратор,ВНИИРА,69600.0,От 3 до 6 лет,[]
Начальник бюро автоматизации,ВНИИРА,,От 1 года до 3 лет,"['SQL', '1С: Предприятие 8', '1С: Управление Производственным Предприятием', '1С программирование', 'MS SQL']"
IT Project Manager,Правое Полушарие Интроверта,100000.0,От 1 года до 3 лет,"['Управление проектами', 'Работа в команде', 'Разработка технических заданий', 'Составление технических заданий', 'Написание технических заданий', 'Project Documentation']"
Оператор станка с ЧПУ на вертикально-фрезерный станок 65А60,Промресурс,80000.0,От 3 до 6 лет,"['Работа с большим объемом информации', 'Грамотность']"
Python Back-end Developer (Junior),Правое Полушарие Интроверта,150000.0,От 1 года до 3 лет,"['Git', 'Python', 'SQL', 'Django Framework', 'Django', 'REST', 'Flask', 'REST API', 'Linux', 'Docker', 'CI/CD', 'Backend', 'Unit Testing', 'GitHub']"
QA Lead (Casual),Playgendary,,От 3 до 6 лет,"['Английский язык', 'Android', 'iOS', 'Test case', 'Тестирование']"
Оператор станка с ЧПУ на вертикально-фрезерный обрабатывающий центр ФС110,Промресурс,80000.0,От 3 до 6 лет,"['Работа с большим объемом информации', 'Грамотность']"
Младший системный администратор,Учреждение ДПО Бизнес-Школа ИМИСП,30000.0,Нет опыта,"['Техническая поддержка', 'Организация рабочих мест', 'Организация мероприятий', 'Организация конференций', 'Windows 7', 'Windows 8', 'Windows 10', 'Microsoft Office', 'Продвинутый пользователь ПК', 'Active Directory', 'Helpdesk', 'Грамотная речь']"
Seo-специалист / СЕО-оптимизатор,Альтера Инвест,70000.0,Более 6 лет,"['Российские поисковые системы', 'Поисковая оптимизация мобильной версии сайта', 'Формирование технического задания для разработки', 'Составление семантического ядра', 'внутренний аудит сайта', 'работа с биржами', 'SEO оптимизация', 'SMO', 'Аудит поисковой видимости сайта', 'Внешняя оптимизация сайта', 'Создание систем перелинковок', 'SEO', 'Лидогенерация']"
Вечерний менеджер,МТС,58725.0,Нет опыта,[]
Customer Success Manager,Brokeree Solutions,43730.0,От 1 года до 3 лет,"['Customer Service', 'Business English', 'Analytical skills', 'MySQL', 'HTML', 'CSS', 'Product Management', 'Business Analysis', 'Negotiation skills']"
Проектный менеджер (middle+),ТЕКНО,,От 1 года до 3 лет,"['Управление проектами', 'Работа в команде', 'MS Project', 'Atlassian Jira', 'Тайм-менеджмент', 'Waterfall']"
Java Developer (T.Vision),Deutsche Telekom IT Solutions,,От 1 года до 3 лет,[]
Java Developer (SBB),Deutsche Telekom IT Solutions,,От 1 года до 3 лет,"['Java', 'Spring Framework', 'XML', 'SQL', 'JPA']"
Junior Analyst / Младший аналитик (автоматизация процессов),ДОМСПб,43500.0,Нет опыта,[]
Программист 1С,Эвентус,110000.0,От 3 до 6 лет,"['1С-Битрикс', '1С: Управление Торговлей', '1С: Зарплата и управление персоналом', '1С программирование', '1С: Бухгалтерия']"
Junior Product Manager (младший менеджер продукта),НаПоправку.ру,,От 1 года до 3 лет,"['Product Development', 'custdev', 'Анализ данных', 'Бенчмаркинг', 'Разработка продукта', 'Креативность', 'Аналитика']"
Head of SEO,НаПоправку.ру,,От 3 до 6 лет,"['SEO', 'SEO оптимизация', 'Поисковая оптимизация сайтов', 'Составление семантического ядра', 'Продвижение сайтов']"
Lead product designer (UX/UI),НаПоправку.ру,191400.0,От 3 до 6 лет,"['Прототипирование', 'Проектирование пользовательских интерфейсов', 'figma', 'Usability', 'UI', 'Adobe After Effects', 'Дизайн интерфейсов', 'Тестирование пользовательского интерфейса', 'UX']"
Fullstack Java Developer (SBB),Deutsche Telekom IT Solutions,,От 1 года до 3 лет,"['Git', 'Java', 'Spring Framework', 'SQL', 'Hibernate ORM']"
Разработчик отчетности (BI),МАВИС,87000.0,От 1 года до 3 лет,"['MS SQL Server', 'Transact-SQL', 'MS Access', 'C#', 'SQL']"
Frontend developer (react),"Риалвеб, Интернет-агентство",200000.0,От 1 года до 3 лет,"['React JS', 'JavaScript', 'HTML', 'CSS']"
Программист Python,"Риалвеб, Интернет-агентство",,От 3 до 6 лет,"['Python', 'PostgreSQL', 'Google BigQuery', 'ClickHouse', 'Kubernetes', 'Atlassian Jira', 'Анализ данных', 'Разработка ПО']"
Java-разработчик,Балтех,80000.0,От 1 года до 3 лет,"['Java', 'Git', 'SQL', 'ООП', 'Apache Maven']"
Бизнес / Системный аналитик,Берканасофт,150000.0,От 3 до 6 лет,"['UML', 'BPMN', 'Системный анализ', 'Atlassian Jira', 'Бизнес-анализ', 'Управление проектами', 'Моделирование бизнес процессов', 'Ведение переговоров', 'Системное мышление', 'Техническая документация', 'Работа в CRM', 'Работа в команде', 'Постановка задач разработчикам', 'Аналитика', 'Управление временем']"
Специалист по коммерции,"Лента, федеральная розничная сеть",,От 1 года до 3 лет,"['SAP', 'Мониторинг цен', 'Деловая коммуникация', 'MS PowerPoint', 'Работа с большим объемом информации']"
Python Developer,Toughbyte,64960.0,От 1 года до 3 лет,"['Python', 'Django Framework', 'SQL', 'Английский язык', 'Django']"
Senior Golang Developer,Akvelon Ukraine,,От 3 до 6 лет,"['Golang', 'Python', 'Английский язык', 'Java', 'SCALA', 'Go', 'C/C++']"
Помощник системного администратора (Кассовый дежурный),Сириус,30000.0,Нет опыта,[]
Программист С#,Сириус,70000.0,От 1 года до 3 лет,"['Информационные технологии', 'MS SQL', 'SQL', 'MS Visual Studio', 'C#']"
Lead QA Engineer,Гигант,200000.0,От 3 до 6 лет,"['Agile', 'Git', 'SQL', 'PHP']"
Системный администратор,IT-PROF,50000.0,От 3 до 6 лет,[]
Системный администратор-аналитик,Сириус,35000.0,Нет опыта,"['Работа с оргтехникой', 'Пользователь ПК', 'Internet', 'Умение работать в команде', 'Сбор и анализ информации']"
Junior Quality Assurance Engineer (QA-инженер),Сириус,,От 1 года до 3 лет,"['Линейное программирование', 'Высшее образование', 'Работа в условиях многозадачности', 'С++', 'Уверенный пользователь MS Office']"
Креативный директор,Seven Suns Development,78300.0,От 3 до 6 лет,"['Креативность', 'Разработка концепции', 'Организаторские навыки', 'Организация мероприятий', 'Управление проектами', 'Грамотная речь']"
Ведущий дизайнер,Creative,,От 3 до 6 лет,"['UI', 'UX', 'Figma', 'Навыки тимлида', 'Исследование', 'Анимация интерфейса']"
Fullstack разработчик,РУС КВАНТ,,От 1 года до 3 лет,"['HTML', 'PHP', 'CSS', 'laravel', 'vue.js']"
Специалист по прогнозированию/Аналитик,"Лента, федеральная розничная сеть",,От 1 года до 3 лет,"['JDA', 'Планирование запасов', 'Управление товарными запасами', 'Прогнозирование спроса', 'SAP R/3', 'SAP']"
Начинающий разработчик мобильных приложений iOS,ВЕБИМ.РУ,,Нет опыта,"['Objective-C', 'iOS', 'SWIFT Alliance']"
Инженер по обслуживанию системы автоматической противопожарной защиты (АППЗ),Инженерные системы,80000.0,От 3 до 6 лет,"['Пользователь ПК', 'Организаторские навыки', 'Управление персоналом', 'Ввод в эксплуатацию']"
3D Artist,G5 Entertainment AB,,От 1 года до 3 лет,[]
Архитектор 1С,"САТЕЛ, Группа компаний",,Нет опыта,"['Разработка технических заданий', 'MS Visio', '1С программирование', 'ARIS']"
Senior DevOps Engineer,Foach,,От 3 до 6 лет,"['Kubernetes', 'Английский язык', 'Linux', 'Terraform', 'Nginx', 'NATS', 'Postgres', 'CloudFlare']"
Web-разработчик/PHP программист,Millennium,120000.0,От 1 года до 3 лет,"['MySQL', 'PHP', 'Docker', 'REST', 'SOAP', 'Java Script', 'SOA']"
Frontend developer,Unlimint,,От 1 года до 3 лет,"['Git', 'JavaScript', 'CSS3', 'HTML5', 'Angular']"
Frontend-разработчик (Vue.js),ГАРВИН (ГК ГаражТулс),160000.0,От 1 года до 3 лет,"['vueJs', 'CSS', 'HTML', 'JavaScript', 'Работа в команде']"
Специалист по продажам,Ключи,80000.0,От 1 года до 3 лет,"['Ведение переговоров', 'Активные продажи', 'Сопровождение клиентов', 'Клиентоориентированность', 'Деловая коммуникация', 'Организация встреч', 'Навыки продаж', 'CRM', 'Первичная недвижимость', 'Работа с документами', 'Работа в команде']"
Программист,Сириус,60000.0,От 1 года до 3 лет,"['SQL', 'MS SQL', 'Ведение документации', 'С#']"
QA Automation Engineer (Java) - remote,М.Видео-Эльдорадо,,От 1 года до 3 лет,[]
Сервисный инженер,ЭКОС СЕКЬЮРИТИ РУС,50000.0,От 1 года до 3 лет,"['Монтаж оборудования', 'Выездное обслуживание', 'Быстрообучаемый', 'Умение организовывать работу, планировать', 'Умение работать в условиях многозадачности', 'Работа с электроинструментом', 'Техническое обслуживание', 'Монтаж инженерных систем', 'Системы видеонаблюдения', 'СКУД', 'MSSQL', 'Контроль доступа', 'Опытный пользователь ПК', 'Готовность к командировкам', 'Ответственный подход к работе', 'Работа в условиях многозадачности', 'Коммуникабельность, стрессоустойчивость']"
Backend QA Engineer (Manual),Zion Development,,От 1 года до 3 лет,"['Проведение тестирований', 'API', 'Теория тестирования']"
QA Automation engineer (C#) / Автотестировщик,4people,200000.0,От 1 года до 3 лет,"['SQL', 'Git', 'Docker', 'TeamCity', 'Linux', 'C#', 'NUnit', 'Kubernetes', 'DevOps', 'MySQL']"
"Программист-исследователь (ЦОС, ПЛИС)",Специальный Технологический Центр (ООО СТЦ),,От 1 года до 3 лет,"['Verilog HDL', 'VHDL', 'FPGA', 'C/C++', 'DSP']"
Программист/Back-end разработчик,ЭйСиЭс,43500.0,От 1 года до 3 лет,"['ASP.NET', 'C#', '.NET Framework', 'Английский язык', 'MS Visual Studio']"
Linux developer,Специальный Технологический Центр (ООО СТЦ),,От 1 года до 3 лет,"['C/C++', 'Linux', 'Embedded', 'buildroot', 'yocto', 'u-boot', 'FPGA', 'xilinx', 'altera', 'ПЛИС', 'DSP', 'SDR', 'FFT', 'verilog', 'vhdl', 'Python']"
Code team lead/Менеджер программистов,Elephant Games,,От 3 до 6 лет,"['Lua', 'C#', 'Английский язык', 'С++', 'Управление командой']"
Lead QA,Elephant Games,,От 3 до 6 лет,"['Тестирование', 'QA', 'Laed QA']"
3D Art Director,G5 Entertainment AB,,От 1 года до 3 лет,"['Английский язык', '3D-графика', 'Adobe Photoshop', 'Autodesk Maya', '3D Моделирование', 'Unity', '3ds Max', 'Autodesk 3ds Max', 'Blender 3D', '3D', 'Blender', 'Substance Designer', 'Substance Painter', 'ZBrush', 'Gamedev', 'Разработка компьютерных Игр']"
Ведущий специалист (защита информации),"Комита, АО (Санкт-Петербург)",78300.0,От 3 до 6 лет,"['ФСТЭК', 'Разработка проектной документации', 'нормативно-техническая документация', 'защита информации', 'Linux', 'Unix', 'windows', 'Интранет', 'FTP', 'VLAN', 'Http Proxy', 'FIrewall', 'Администрирование', 'СКЗИ', 'Администрирование сетевого оборудования', 'Средства криптографической защиты информации', 'Информационные технологии', 'C/C++', 'Java', 'Delphi', 'openvas', 'nessus', 'VMware', 'virtualbox', 'metasploit']"
PHP Developer,Elephant Games,,От 3 до 6 лет,"['ООП', 'MySQL', 'SQL', 'PHP', 'Английский язык']"
ASO Manager,Elephant Games,,От 1 года до 3 лет,"['Английский язык', 'ASO']"
Администратор проектного офиса,Центр Технологического Консалтинга,150000.0,От 3 до 6 лет,"['Управление проектами', 'Организаторские навыки', 'Деловая коммуникация', 'Работа в команде', 'Ориентация на результат']"
C++/.Net Trainer (Remote),Luxoft,,От 3 до 6 лет,"['Тренинги', 'C#', 'Обучение и развитие', '.NET Framework', 'WCF', 'WPF', 'C++ 17', 'STL', 'Boost', 'Qt']"
Virtualization Backup Engineer - Trainee (French Speaker),Veeam Software,,Нет опыта,"['Французский язык', 'Linux', 'Virtualization', 'VMware', 'SQL']"
Менеджер в интернет-магазин спорт товаров,Интернет магазин ПОПАДИ В ДЕСЯТКУ,82500.0,От 1 года до 3 лет,"['Активные продажи', 'Консультирование', 'Грамотная речь', 'Консультативные продажи', 'Прямые продажи', 'Ответственность', 'телефонные продажи', 'Ориентация на клиента', 'Работа в команде', 'Грамотность', 'Консультирование клиентов', 'Навыки продаж', 'Телефонные переговоры', 'Оценка потребностей клиентов']"
Junior PHP Developer,Аэро-Трейд,60000.0,Нет опыта,"['MySQL', 'JavaScript', 'Git', 'CSS', 'jQuery', 'PHP']"
Дизайнер-верстальщик,Фонтанка.ру,34800.0,От 3 до 6 лет,"['Adobe Photoshop', 'Adobe Illustrator', 'Figma', 'Adobe InDesign', 'Tilda', 'Верстка', 'Графический дизайн', 'Английский язык', 'Грамотность', 'Обработка изображений', 'Креативность', 'Веб-дизайн', 'Web-дизайн', 'Грамотная речь']"
Python разработчик,Coding Team,120000.0,От 3 до 6 лет,"['Python', 'Django Framework', 'PostgreSQL', 'RabbitMQ']"
QA Automation Engineer (Web),Zion Development,,От 1 года до 3 лет,"['SQL', 'Автоматизация тестирования', 'Jira', 'Тестирование API']"
IT Рекрутер,HEADS and HANDS,,От 1 года до 3 лет,"['Внутренние коммуникации', 'Android', 'iOS', 'Управление талантами', 'Рекрутмент', 'Подбор персонала', 'Прямой поиск']"
Технический писатель,НТЦ Электрозонд,100000.0,От 3 до 6 лет,[]
Технический писатель,Alloy Software Inc.,65000.0,От 1 года до 3 лет,"['HTML', 'MadCap Flare']"
Web-программист,Alloy Software Inc.,100000.0,От 3 до 6 лет,"['.NET Core', 'React']"
Embedded Software Validation Lead/Manager,onsemi,,От 1 года до 3 лет,[]
Разработчик SQL/DWH,GMCS,,От 1 года до 3 лет,"['HTML', 'DWH', 'Git', 'CSS', 'T-SQL', 'ETL']"
Менеджер по работе с клиентами,Севостьянов Герман Дмитриевич,55000.0,От 1 года до 3 лет,"['Телефонные переговоры', 'Ведение переговоров', 'B2C продажи', 'Битрикс24', 'телефонные продажи', 'CRM', 'Навыки продаж']"
Technical Support Engineer / Специалист по технической поддержке со знанием английского языка,Brokeree Solutions,36441.0,От 1 года до 3 лет,"['Customer Service', 'MySQL', 'Multitasking', 'Windows Server', 'Computer troubleshooting']"
Менеджер по продажам образовательных услуг,Севостьянов Герман Дмитриевич,55000.0,От 1 года до 3 лет,"['Телефонные переговоры', 'Ведение переговоров', 'B2C продажи', 'Битрикс24', 'телефонные продажи', 'CRM', 'Навыки продаж']"
Контролер технического состояния автотранспортных средств (механик по выпуску),Группа компаний VEZU,50000.0,От 1 года до 3 лет,"['профильное образование', 'дополнительное образование с присвоением квалификации ""контролёр технического состояния ...""', 'Техническое обслуживание', 'Техническая документация', 'эффективно управлять временем и людьми, находящимися в подчинении', 'Эксплуатационные документы', '1C: Предприятие', 'Знание MS Office', 'Опрятность', 'принимать решения и за их результаты отвечать самостоятельно', 'Работа в условиях многозадачности', 'Высокая энергичность и инициативность', 'Внимательность, ответственность', 'Умение работать в условиях многозадачности']"
Level artist,Паттернмастерс,,От 1 года до 3 лет,"['Adobe Photoshop', 'Креативность', 'Управление проектами', 'Unity 3D', 'Эффективное принятие решений', 'Работа в команде', 'Artist', 'Gamedev', 'Разработка компьютерных Игр']"
С/С++ developer (Synapse),SberTech,150000.0,От 3 до 6 лет,[]
Инженер-программист АСУ ТП,Технолинк,60900.0,От 3 до 6 лет,"['TIA Portal', 'ПЛК', 'ГОСТ', 'Siemens', 'PLC', 'SCADA', 'GE IP', 'Proficy']"
Project Manager (Deployment department),АПСТЕК Лабс,,От 1 года до 3 лет,"['Project management', 'Английский язык', 'MS PowerPoint', 'Atlassian Jira', 'Organization Skills']"
2D художник/иллюстратор,Фотострана,,От 3 до 6 лет,"['Adobe Photoshop', 'Affinity', 'Иллюстрирование', 'GameDev', '2D', 'Художник', 'Adobe Illustrator']"
Unity разработчик,Varwin,,От 1 года до 3 лет,"['Git', 'Unity', 'C#', 'Unity3D', 'SOLID', 'VR', 'AR', 'AssetBundles']"
Стажер автомеханика в сервисный центр,АВАНГАРД,30000.0,Нет опыта,[]
Оператор наладчик токарного станка ЧПУ,КОМПФЛЕКС,70000.0,От 1 года до 3 лет,"['Работа в команде', 'Работа с компьютером']"
Системный администратор,Группа Управляющих компаний,50000.0,От 1 года до 3 лет,[]
Старший разработчик Unity 3D C# / Unity 3D C# Senior developer,PaleBlue,230000.0,От 3 до 6 лет,"['C#', '.NET Framework', 'MS Visual Studio', 'ООП', '3D', 'Unity 3D', 'Git', 'VR', 'OOP']"
Manual QA,Scalable Solutions,,От 1 года до 3 лет,"['Функциональное тестирование', 'Docker', 'Сетевые технологии', 'Нагрузочное тестирование', 'Linux', 'Git', 'Тестирование']"
Senior QA Automation Engineer (Python),Scalable Solutions,300000.0,От 3 до 6 лет,"['Автоматизация тестирования', 'Функциональное тестирование', 'Python', 'Docker', 'Сетевые технологии', 'REST', 'Нагрузочное тестирование', 'Linux', 'Git']"
Lead Product Manager,Scalable Solutions,300000.0,От 3 до 6 лет,"['Дизайн продукта', 'Аналитика требований', 'UI/UX дизайн', 'Системная аналитика', 'Разработка интерфейсов', 'Прототипирование', 'Менеджмент']"
Middle/Senior C++ Developer,Scalable Solutions,250000.0,От 3 до 6 лет,"['Linux', 'C++', 'С++ boost', 'Алгоритмы и структуры данных', 'Параллельное программирование', 'Многопоточность', 'Оптимизация кода', 'Сокеты', 'Restful api', 'Python', 'SQL', 'Golang']"
Product Manager,Scalable Solutions,200000.0,От 3 до 6 лет,"['Дизайн продукта', 'Аналитика требований', 'UI/UX дизайн', 'Системная аналитика', 'Разработка интерфейсов', 'Прототипирование']"
Frontend Developer,Scalable Solutions,150000.0,От 3 до 6 лет,"['Алгоритмы и структуры данных', 'Оптимизация кода', 'Сокеты', 'Restful api', 'JavaScript', 'TypeScript', 'React', 'Redux', 'Cordova', 'Git', 'Docker', 'Bash', 'HTML', 'CSS']"
UX-редактор (IT компания),AVRIO Group Consulting,,От 1 года до 3 лет,"['Грамотность', 'Грамотная речь', 'Написание текстов', 'Работа с большим объемом информации', 'Редактирование', 'Редактирование текстов']"
Начинающий специалист,Ростелеком,35000.0,Нет опыта,"['Грамотная речь', 'Пользователь ПК', 'Ориентация на результат', 'общение с клиентами', 'исходящие звонки', 'Работа в команде', 'Телефонные переговоры']"
Директор по развитию продукта (онлайн-кинотеатр),AVRIO Group Consulting,,От 3 до 6 лет,"['Управление проектами', 'Креативность', 'Agile Project Management', 'Стратегия Развития', 'Запуск новых продуктов', 'Scrum', 'Стратегическое мышление', 'Разработка нового продукта', 'Kanban', 'Составление бизнес-плана']"
Менеджер по продажам,Ростелеком,45000.0,Нет опыта,"['Активные продажи', 'Грамотная речь', 'Пользователь ПК', 'Работа в команде', 'Навыки продаж']"
Стажер в отдел продаж,Ростелеком,26100.0,Нет опыта,"['Работа в команде', 'Грамотная речь', 'Клиентоориентированность', 'Пользователь ПК', 'Обучение и развитие', 'Консультирование клиентов']"
Дизайнер / Web-дизайнер,НПФ Электропривод,,Нет опыта,"['Adobe Photoshop', 'Adobe Illustrator', 'HTML', 'Фотография', 'CorelDRAW', 'Figma, Adobe Illustrator, Adobe Photoshop, Corel Draw, GIMP']"
IT Архитектор,BIV,,От 3 до 6 лет,"['Управление проектами', 'Разработка ПО', 'Архитектура', 'Системный анализ', 'Базы данных']"
Программист 1С БП (российский сервис экспресс-доставки),AVRIO Group Consulting,,От 3 до 6 лет,"['1С программирование', '1С: Предприятие 8', '1С: Бухгалтерия', '1C: Бухгалтерия', '1С: Зарплата и управление персоналом', '1С: Документооборот']"
Руководитель группы разработки справочной информации (строительная компания),AVRIO Group Consulting,,От 1 года до 3 лет,"['Аналитическое мышление', 'Уверенный пользователь ПК', 'Высокий уровень самоорганизации', '1C: Предприятие', 'Уверенный пользователь MS Office', 'Навыки работы с большим объемом информации', 'Обучение новых сотрудников', 'Высокие коммуникативные навыки']"
Full stack разработчик (Tessa) [id103056],Газпром нефть,,От 3 до 6 лет,"['PostgreSQL', '.net core', 'C#', 'MS Visual Studio', 'JetBrains', 'TFS', 'azure', 'react']"
Front-end разработчик (ReactJS)[id92962],Газпром нефть,,От 3 до 6 лет,"['Git', 'PostgreSQL', 'SQL', 'JavaScript', 'React', 'TypeScript']"
Механик по ремонту строительной техники,СМУ-45,60900.0,Нет опыта,[]
Руководитель IT проектов (автоматизация блока экономики и финансов) [id82861],Газпром нефть,,От 3 до 6 лет,"['Управление проектами', 'PMBOK', 'MS Project', 'MS PowerPoint', 'Управление рисками', 'MS Excel', 'Управление командой', 'Финансовая отчетность', 'Бюджетирование']"
Unity developer (Удаленно),Pride Games Studio,,От 1 года до 3 лет,"['Unity', 'ООП', 'C#', 'MS Visual Studio', 'C++']"
Системный администратор,ВИЛАШ-КШВ,50000.0,От 1 года до 3 лет,"['Windows 7', 'Настройка ПК', 'Сборка ПК', 'Ремонт ПК', 'Администрирование']"
Моушн-дизайнер,Sales Video Production,,От 1 года до 3 лет,"['Adobe After Effect', 'Cinema 4D', 'Autodesk 3ds Max', 'Тайм-менеджмент']"
Инженер-программист/ Разработчик,Инсайд,90000.0,Нет опыта,"['Git', 'Linux', 'MySQL', 'JSON', 'ООП', 'SQL', 'API']"
"Ведущий специалист по связи и системам охраны (г. Кингисепп, Ленинградская обл.)","ЕвроХим, Минерально-Химическая Компания",,От 3 до 6 лет,[]
Инженер Технической Поддержки,Кредитколл,50000.0,От 1 года до 3 лет,[]
Аналитик (Финансы),"585, Золотой",,От 1 года до 3 лет,"['Atlassian Jira', 'Atlassian Confluence', 'Аналитические способности', 'Системное мышление', 'Стратегическое мышление']"
PHP разработчик,Восхождение,80000.0,От 1 года до 3 лет,"['MySQL', 'Git', 'CSS3', 'HTML5', 'PHP', 'Laravel', 'JavaScript', 'HTML']"
JavaScript разработчик (Node.js),Восхождение,100000.0,От 1 года до 3 лет,"['JavaScript', 'Node.js', 'MySQL', 'React', 'Git']"
Backend разработчик (Node.js),Восхождение,,От 1 года до 3 лет,"['JavaScript', 'Node.js', 'MySQL', 'React', 'Git']"
Product Analyst,Quadcode,,От 1 года до 3 лет,"['SQL', 'Python', 'Tableau', 'Английский язык', 'Анализ данных']"
Web-программист,Гусаров С.И.,60000.0,От 1 года до 3 лет,"['CSS', 'HTML', 'MODX', '1С-Битрикс', 'XML', 'UMI CMS', 'Adobe Photoshop', 'CMS MODX', 'Web', 'CSS-верстка', 'Блочная верстка', 'HTML-верстка', 'HTML/CSS', 'Техническое задание', 'Написание технических заданий', 'Java Script', 'JS', 'Написание ТЗ', 'Базовые знания HTML']"
Программист 1C,Альфа-Провиант,110055.0,От 3 до 6 лет,"['1С программирование', '1С: Зарплата и управление персоналом', '1С: Предприятие 8', 'Обновление конфигурации 1С', 'Конвертация данных']"
Руководитель направления по развитию инструментов внешнего взаимодействия [id1130111500],Газпром нефть,,От 3 до 6 лет,"['Управление знаниями', 'Unit-экономика', 'Анализ поведения пользователей', 'Описание бизнес-процессов']"
.NET Full-stack developer,Датиум,147900.0,Более 6 лет,"['JavaScript', 'C#', 'Entity Framework', 'ASP.NET', 'MS SQL Server']"
Senior Azure DevOps engineer (remotе),VIAcode,298668.0,От 3 до 6 лет,"['Работа в команде', 'MS Azure']"
Монтажник слаботочных систем/инженер слаботочных систем (электромонтажник),BERET,52500.0,От 1 года до 3 лет,"['Ответственность, внимательность, ориентация на результат,']"
Аналитик по ассортименту и полочному пространству,"РИВ ГОШ, Сеть магазинов",,От 1 года до 3 лет,"['MS PowerPoint', 'Работа с большим объемом информации', 'Анализ данных', 'Экономический анализ', 'Аналитическое мышление']"
Инженер,Бразерс Групп,70000.0,От 1 года до 3 лет,"['Деловая переписка', 'Пользователь ПК', 'Проектная документация', 'Ведение отчетности', 'Деловая коммуникация', 'самоорганизация', 'нормативно-техническая документация', 'Ведение переписки', 'Ведение документации', 'Инженерные системы']"
Web QA Engineer (Manual),Zion Development,,От 1 года до 3 лет,"['QA', 'Регресcионное тестирование', 'Техническая документация', 'Git', 'Тестирование пользовательского интерфейса', 'Test case']"
Разработчик аналитических отчётов (Bi - аналитик),ЕВРАЗ,,От 3 до 6 лет,"['SQL', 'Python', 'Git', 'Atlassian Jira', 'Управление проектами', 'Английский язык', 'Power BI', 'Базы данных', 'Визуализация данных', 'Big Data', 'Математический анализ', 'Умение принимать решения', 'Работа с большим объемом информации', 'Анализ данных', 'Оптимизация процессов', 'Проектная работа', 'Проектная деятельность', 'Аналитические навыки', 'Сбор и анализ информации', 'навыки статистической обработки данных', 'База данных: Olap', 'Olap (online analytical processing)', 'DWH', 'Jira', 'BI']"
Оператор станка с ЧПУ,СИГУРА,47850.0,От 1 года до 3 лет,"['Трудолюбие, Дисциплина, Обязательность, Желание работать']"
Python Back-end Developer (Junior),Сайт для Вас,70000.0,От 1 года до 3 лет,"['Python', 'Git', 'SQL']"
Менеджер по оптовым продажам,Ленинградские Кухни,120000.0,От 1 года до 3 лет,"['Активные продажи', 'Грамотная речь', 'Ведение переговоров', 'Деловое общение', 'Деловая переписка', 'Холодные звонки', 'Корпоративные продажи', 'Ведение отчетности', 'Поиск и привлечение клиентов', 'B2B Продажи', 'Холодные продажи', 'Телефонные переговоры', 'Проведение презентаций']"
Technical Game Designer,Wargaming St. Petersburg (Lesta Studio),,Нет опыта,"['Английский язык', 'Game Design', 'Управление временем', 'Разработка компьютерных Игр']"
Сервисный инженер АСУ ТП,Импульс-Автоматика,69600.0,От 1 года до 3 лет,[]
Менеджер IT-проектов / IT Project Manager (PM),Гора Студио,50000.0,От 1 года до 3 лет,"['Agile Project Management', 'Управление командой', 'Scrum', 'Работа с людьми', 'Atlassian Jira', 'PMBOK', 'Аналитическое мышление', 'Atlassian Confluence', 'Управление проектами']"
Главный специалист по информационным технологиям,ФГБУ Комбинат питания Кремлевский,60000.0,От 1 года до 3 лет,"['TCP/IP', 'Администрирование сетевого оборудования', 'Настройка ПО', 'Администрирование серверов Windows', 'Настройка ПК']"
PHP/Yii1 developer,Динамекс,100000.0,От 1 года до 3 лет,"['PostgreSQL', 'PHP', 'Yii']"
Azure DevOps Engineer,VIAcode,,От 1 года до 3 лет,"['MySQL', 'DevOps', 'Azure', 'SRE', 'Cloud Azure', 'Cloud']"
Монтажник ЛВС,SkyNet,43500.0,Нет опыта,"['Пользователь ПК', 'Грамотная речь', 'Настройка оборудования', 'Прокладка кабелей', 'Уверенный пользователь ПК', 'Опрятность', 'Быстрое обучение', 'Желание обучаться', 'Ответственность и пунктуальность', 'Продуктивность', 'Работа с электроинструментом', 'Ремонтные работы', 'Техническое обслуживание', 'Настройка сетевых подключений', 'Стрессоустойчивость', 'Монтаж оборудования', 'Internet']"
Программист C/С++,INPAS,,От 3 до 6 лет,[]
Менеджер службы поддержки (Чаты) / Support manager (HelpDesk) - Частичная удалёнка,OFFERRUM,30450.0,Нет опыта,"['CSS', 'HTML', 'Слепая печать', 'Грамотная речь', 'OpenOffice']"
Разработчик программного обеспечения,СП.АРМ,,От 1 года до 3 лет,"['Linux', 'XML', 'Деловая коммуникация', 'Автоматизация медицинских процессов', 'Программирование', 'MUMPS', 'FHIR HL7', 'JSON', 'LIMS', 'Cache Object Script', 'SOAP', 'WSDL', 'RESTful API']"
"Продавец-консультант (ст.м. Ленинский проспект, ТЦ Нарвский Универмаг)",ГЛОРИЯ ДЖИНС,30000.0,От 1 года до 3 лет,[]
Монтажник слаботочных систем,СК Компас,80000.0,От 1 года до 3 лет,"['Настройка сетевых подключений', 'Прокладка кабелей', 'Пользователь ПК', 'Настройка ПК', 'Навыки продаж', 'Internet']"
Web-разработчик / PHP-программист (Full-stack разработчик),Макромир,120000.0,От 3 до 6 лет,"['JavaScript', 'jQuery', 'HTML5', 'Ajax', 'CSS3', 'PHP', 'MODx', 'Ext JS']"
Pre-sales инженер по сетевой инфраструктуре,Вкорпе,,От 1 года до 3 лет,"['Ведение переговоров', 'Управление проектами', 'Проведение презентаций', 'Cisco', 'Huawei']"
Сетевой инженер,Elitel Telecommunication Group,87000.0,Более 6 лет,"['Linux', 'TCP/IP', 'Python', 'Cisco', 'Mikrotik', 'OSPF', 'BGP', 'STP', 'DHCP', 'NAT', 'SNMP.', 'Juniper', 'Сетевые технологии']"
Инженер технической поддержки,Elitel Telecommunication Group,43500.0,От 3 до 6 лет,[]
Projects Manager (IT Infrastructure),Nokian Tyres (Нокиан Тайерс),,Нет опыта,"['Project management', 'Английский язык', 'Team management', 'Time management', 'MS PowerPoint']"
Projects Manager (Finance),Nokian Tyres (Нокиан Тайерс),,От 1 года до 3 лет,"['Английский язык', 'Project management', 'Time management', 'Team management', 'MS PowerPoint']"
Аналитик,"ДИКСИ, группа компаний",36888.0,Нет опыта,"['Работа с большим объемом информации', 'Skype']"
Ruby on Rails разработчик,Сodexoptimus,250000.0,От 3 до 6 лет,"['PostgreSQL', 'Ruby', 'Mac Os', 'Docker', 'Ruby On Rails']"
UX-редактор,Space307,,От 1 года до 3 лет,"['Английский язык', 'Разработка технических заданий', 'Тренинги', 'Работа в команде', 'Грамотная речь', 'Figma', 'Miro', 'Atlassian Jira', 'Английский язык (Upper-Intermediate)', 'UX', 'UX - исследования']"
Методист по работе с преподавателями/Teacher Development manager,Novakid Inc,,От 3 до 6 лет,"['Обучение и развитие', 'Английский язык', 'Обучение персонала', 'Преподаватель', 'Организация учебного процесса']"
Teacher support manager / Менеджер службы поддержки учителей,Novakid Inc,40000.0,От 1 года до 3 лет,"['Английский язык', 'Преподаватель', 'Письменный перевод', 'Обучение', 'Организация учебного процесса']"
Project Manager,Sperasoft,,От 3 до 6 лет,[]
Руководитель креативного отдела,Триколор,,От 1 года до 3 лет,[]
Project manager / Менеджер проектов,ГК Артис Молочная Культура,,От 1 года до 3 лет,"['Digital Marketing', 'Ведение переговоров', 'Сопровождение клиентов', 'Управление продажами', 'web продажи', 'Подготовка презентаций', 'Навыки презентации']"
Разработчик Android,АйТи++,,От 3 до 6 лет,"['Java', 'Android', 'Kotlin', 'ООП', 'Android SDK', 'Английский язык', 'Git', 'C/C++', 'Удаленная работа', 'Android Studio', 'OpenGL']"
Front End разработчик (верстальщик),Планоплан,87000.0,От 3 до 6 лет,"['JavaScript', 'Unity', 'Redux', 'Git', 'React', 'ООП', 'Webpack', 'Nuxt.js', 'Singlton']"
Оператор бобинорезательной машины (ученик),"Биостар, группа компаний",31700.0,Нет опыта,[]
Техник-механик на базу отдыха в Карелии,Консул,45000.0,От 3 до 6 лет,"['Знание устройства автомобиля', 'Техническое обслуживание', 'Пользователь ПК', 'ремонт автомобиля', 'ремонт техники', 'ремонт квадроцикла', 'ремонт снегохода', 'Поиск информации в интернет', 'Работа с большим объемом информации']"
Сборщик-упаковщик,Интеллит,50000.0,Нет опыта,"['Пользователь ПК', 'Работа в команде', 'Работа с кассой', 'Навыки продаж', 'Поиск информации в интернет']"
"Бизнес-аналитик (Внедрение CRM Битрикс24, Удаленно)",INVO Group,30450.0,Нет опыта,"['1С-Битрикс', 'Управление проектами', 'CRM', 'Оптимизация бизнес-процессов', 'B2B Продажи']"
Python developer (Middle / Senior),Big Data Solutions,200000.0,От 3 до 6 лет,"['Python', 'numpy', 'pytest', 'Linux', 'docker', 'gitlab']"
Technical Implementation Engineer,Big Data Solutions,130500.0,От 1 года до 3 лет,"['Python', 'Linux', 'Английский язык', 'Development']"
Руководитель автоматизации бизнес-процессов,CSI (Кристалл Сервис Интеграция),,От 1 года до 3 лет,"['Постановка задач разработчикам', 'Управление проектами', 'Agile Project Management', 'Бизнес-анализ', 'Scrum', '1C: Зарплата и кадры', '1C: Бухгалтерия', 'Руководство коллективом', 'Управление командой', 'Автоматизация', 'Разработка ПО', 'автоматизация бизнес-процессов']"
Аналитик,Почта России,,От 1 года до 3 лет,"['Ценообразование', 'MS Outlook', 'Мониторинг цен', '1С: Предприятие 8']"
Механик по транспорту,Классик,60000.0,От 1 года до 3 лет,"['Знание устройства автомобиля', 'Пользователь ПК', 'Мобильность', 'Поиск информации в интернет']"
Системный администратор,ИГОРА,54000.0,От 1 года до 3 лет,"['Работа в команде', 'Ориентация на результат', 'Деловая коммуникация', 'Fidelio', 'Высшее образование', 'Грамотная речь', 'Helpdesk']"
"Программист-проектировщик (java/kotlin, удаленная работа)",Дольмен,110000.0,От 3 до 6 лет,"['SQL', 'Аналитическое мышление', 'Бизнес-анализ', 'Java', 'ERP', 'Удаленная работа', '1C: Предприятие', 'Kotlin', 'Управление проектами']"
Программист C/С++,Айтов Дионис Фотич,149334.0,Нет опыта,"['Python', 'Rust', 'C/C++', 'Assembler', 'WinAPI']"
Mobile QA Engineer (Manual),Zion Development,,От 1 года до 3 лет,"['Git', 'SQL', 'Python', 'Linux', 'Atlassian Jira', 'Мобильное тестирование']"
"Слесарь-ремонтник пневмосистем, инструмента",Форест,58290.0,Нет опыта,"['Грамотная речь', 'Уверенный пользователь ПК', 'MS Dos', 'Материальная ответственность']"
Оператор станков с ЧПУ (листогибочные станки),Петербургский тракторный завод,50000.0,От 1 года до 3 лет,[]
Оператор станков с ЧПУ,Петербургский тракторный завод,60000.0,От 1 года до 3 лет,[]
Программист-разработчик ПО (Fullstack программист),Аэромакс,,От 3 до 6 лет,"['Git', 'Python', 'JavaScript', 'Английский язык', 'PostgreSQL']"
Оператор станков с ЧПУ (газ/плазма),Петербургский тракторный завод,40000.0,От 1 года до 3 лет,[]
Системный аналитик,Софт Компани,,От 1 года до 3 лет,"['BPMN', 'MS Visio', 'REST', 'SOAP', 'XML', 'JSON', 'SQL', 'СУБД', 'Деловая коммуникация']"
Технический писатель,СПб ГКУ Управление информационных технологий и связи,,От 3 до 6 лет,"['Разработка технических заданий', 'ГОСТ', 'информационные системы', 'знание MS Office']"
Руководитель проектов,СПб ГКУ Управление информационных технологий и связи,,От 3 до 6 лет,"['Управление проектами', 'Оптимизация бизнес-процессов', 'Ведение переговоров', 'Информационные технологии', 'цифровая трансформация', 'Agile Project Management', 'Аналитика', 'Scrum', 'Product Management', 'MS Visio', 'PMBOK']"
Product owner / UI-UX продуктолог,Сарафан Технологии,,От 1 года до 3 лет,"['Product Development', 'Internet Marketing', 'Управление интернет-проектами', 'Веб-аналитика', 'HTML', 'UI', 'UX', 'Web-дизайн', 'Веб-дизайн', 'Дизайн интерфейсов', 'Графический дизайн', 'Разработка PR стратегии', 'Бюджетирование', 'Adobe Photoshop', 'Английский язык', 'CSS', 'JavaScript', 'HTML5', 'CSS3']"
ИТ-архитектор,СПб ГКУ Управление информационных технологий и связи,,От 3 до 6 лет,"['Управление проектами', 'Ведение переговоров', 'ИТ-архитектор', 'ГОСТ 34']"
Разработчик iOS,АйТи++,,От 3 до 6 лет,"['Английский язык', 'Удаленная работа', 'Swift', 'Core ML', 'iOS', 'C++', 'Мобильные приложения', 'OpenCV', 'Objective-C', 'Git', 'Developer', 'Программист']"
Дизайнер интерфейсов,СПб ГКУ Управление информационных технологий и связи,,От 3 до 6 лет,"['Управление проектами', 'Оптимизация бизнес-процессов', 'Ведение переговоров', 'Информационные технологии', 'цифровая трансформация', 'Agile Project Management', 'Аналитика', 'Scrum', 'Product Management', 'MS Visio', 'PMBOK', 'Figma', 'User Story', 'Google SketchUp']"
Главный специалист сектора мониторинга и экспертизы технических заданий,СПб ГКУ Управление информационных технологий и связи,48500.0,От 3 до 6 лет,"['Ведение переговоров', 'Информационные технологии', 'Закупка товаров и услуг', '44-ФЗ', 'ГОСТ 34', 'Гост 1095']"
Сетевой инженер / Сетевой архитектор,ДОК,,От 1 года до 3 лет,"['Linux', 'BGP', 'OSPF', 'dpdk', 'vpp', 'openvSwitch', 'nxp', 'sdn', 'mesh']"
Корректор в Яндекс.Маркет,Яндекс,47850.0,От 1 года до 3 лет,"['Креативность', 'Написание текстов', 'Копирайтинг', 'Грамотность', 'Написание рекламных сценариев']"
"Аналитик в области цифровой трансформации отраслей экономики, социальной сферы и госуправления",СПб ГКУ Управление информационных технологий и связи,,От 1 года до 3 лет,"['Управление проектами', 'Оптимизация бизнес-процессов', 'Ведение переговоров', 'Информационные технологии', 'цифровая трансформация', 'Аналитика', 'Product Management', 'ГОСТы', 'Стремление к профессиональному росту', 'Умение работать в условиях многозадачности', 'Технические задания']"
Мастер по подключению (интернет),Телекомпания КТВ,70000.0,От 1 года до 3 лет,"['Умение работать в команде', 'слаботочные системы', 'Настройка сетевых подключений', 'Пользователь ПК', 'Работа в команде']"
Системный администратор Linux,Stream Telecom,85000.0,От 1 года до 3 лет,[]
Менеджер по работе с корпоративными клиентами,Elitel Telecommunication Group,52200.0,От 3 до 6 лет,[]
Менеджер по работе с ключевыми клиентами,Elitel Telecommunication Group,52200.0,От 3 до 6 лет,"['Деловая коммуникация', 'Навыки продаж', 'Развитие ключевых клиентов', 'Корпоративные продажи', 'Навыки переговоров', 'Работа с ключевыми клиентами']"
Менеджер по продажам корпоративным клиентам,Elitel Telecommunication Group,52200.0,От 3 до 6 лет,"['Ориентация на результат', 'B2B Продажи', 'Проведение переговоров', 'Продажи корпоративным клиентам', 'Холодные звонки', 'Поиск и привлечение клиентов']"
Менеджер по привлечению объектов коммерческой недвижимости (ОКН),Elitel Telecommunication Group,52200.0,От 3 до 6 лет,[]
Инженер по продажам и технической поддержке пользователей,МультиСистемная Интеграция,,Нет опыта,"['Креативность', 'Навыки переговоров', 'Ведение переговоров', 'навыки прямых продаж', 'Графические редакторы', 'Создание презентационных материалов о компании', 'Высокая скорость печати', 'Навыки делового общения', 'Русский язык', 'MS PowerPoint', 'Деловое общение', 'Грамотность', 'Способность быстро обучаться', 'Коммуникабельность, стрессоустойчивость', 'Способность самостоятельно принимать решения', 'Грамотная речь', 'Английский язык', 'Немецкий язык']"
Инженер по поддержке приложений Oracle,ПКБ,73950.0,От 1 года до 3 лет,"['Oracle CRM', 'PL/SQL']"
Разработчик MS SQL,ПКБ,,От 3 до 6 лет,"['SQL', 'MS SQL Server', 'Работа с базами данных', 'MS SQL', 'Базы данных']"
Менеджер по работе с клиентами,Работа.ру,,От 1 года до 3 лет,"['B2B Продажи', 'Обучение и развитие', 'Оценка потребностей клиентов', 'Сопровождение клиентов', 'Клиентоориентированность', 'Грамотная речь', 'Работа в команде', 'Деловая коммуникация', 'Управление отношениями с клиентами', 'Навыки переговоров', 'Ориентация на результат', 'Развитие бренда', 'исходящие звонки', 'входящие звонки', 'Ведение переговоров']"
Менеджер по продажам проектов системной интеграции в AV и мультимедиа,Вкорпе,,От 1 года до 3 лет,"['Активные продажи', 'Ведение переговоров', 'Управление проектами', 'Холодные продажи', 'Продажа решений', 'Системная интеграция', 'Публичные выступления', 'Навыки презентации', 'Работа в команде']"
QA инженер (мануальное тестирование),Амбреллио,,От 1 года до 3 лет,"['Функциональное тестирование', 'QA', 'Ручное тестирование', 'UI']"
UX Designer,Sperasoft,,От 3 до 6 лет,"['UX', 'Adobe XD', 'Английский язык', 'Usability', 'UI', 'Prototyping', 'Fluent English', 'Design', 'Проектирование пользовательских интерфейсов', 'UI/UX']"
Techical Artist,Sperasoft,,От 1 года до 3 лет,"['Python', 'Unity', 'Unreal Engine 4', 'C#', 'UE4', 'Technical Artist', 'TechArt', 'Английский язык']"
3D Environment Artist (Level Art),Sperasoft,,От 1 года до 3 лет,"['Autodesk Maya', 'ZBrush', '3D', 'Substance Painter', 'Unreal Engine 4', 'Level art', 'Environment art']"
Motion designer/Cinematic Artist (Unreal Engine),Sperasoft,,От 1 года до 3 лет,"['Unreal Engine 4', 'Английский язык', 'Adobe Illustrator', 'Teamplayer', 'Project management', 'Cascade', 'Niagara', 'Sequencer/Movie Render Queue', 'UE4', 'Cinema 4D', 'Creativity', 'Blender 3D', '3D', 'Motion design']"
UI Artist,Sperasoft,,От 3 до 6 лет,"['UI', 'Дизайн интерфейсов', 'Game UI', 'UX', 'Adobe Illustrator', 'Проектирование пользовательских интерфейсов', 'Usability', 'Adobe Photoshop']"
Инженер технической поддержки/системный администратор,Источник,,Более 6 лет,"['TCP/IP', 'Настройка сетевых подключений', 'Администрирование сетевого оборудования', 'Настройка ПК', 'Настройка ПО', 'Настройка DNS', 'DHCP', 'Сборка ПК', 'LAN', 'Администрирование', 'Mac Os', 'Системы мониторинга сетей', 'IP телефония', 'Техническая поддержка', 'Локальные сети', 'Сетевые технологии', 'OSI', 'Local IP access networks']"
Менеджер по сопровождению клиентов (IT),Первый Бит,43500.0,Нет опыта,"['Грамотная речь', 'Активные продажи', 'Навыки продаж', 'Консультирование клиентов', 'Деловое общение', 'Продажи', 'Пользователь ПК']"
ASO специалист,Паблишер,,От 1 года до 3 лет,"['Английский язык', 'iOS', 'Android', 'Креативность', 'ASO', 'AppStore', 'Google Play', 'Internet Marketing', 'Подбор ключевых слов', 'Проведение тестирований', 'Аналитическое мышление', 'Мобильный маркетинг']"
Интернет-маркетолог,Bright Rich | CORFAC International,,От 1 года до 3 лет,"['Маркетинговый анализ', 'Интернет-реклама', 'CRM', 'Internet Marketing', 'Аналитическое мышление', 'Mac Os', 'Аналитика', 'Лидогенерация', 'MS Office', 'Социальные сети', 'Наполнение контентом', 'Опытный пользователь ПК']"
Web/Product Analyst,Zion Development,,От 1 года до 3 лет,"['SQL', 'Математическая статистика', 'Английский язык', 'Google Analytics', 'Power BI']"
Digital маркетолог,Коник,73950.0,От 1 года до 3 лет,"['Internet Marketing', 'B2C маркетинг', 'Интернет-реклама', 'B2C продажи', 'Планирование маркетинговых кампаний', 'Email маркетинг', 'Креативность']"
Android Developer (Unite team),Intermedia,,От 3 до 6 лет,"['Git', 'Android', 'RxJava', 'Kotlin']"
Программист 1С,Группа компаний Навигатор,,От 1 года до 3 лет,"['1С программирование', '1С: Бухгалтерия', '1С: Предприятие 8', '1С: Зарплата и управление персоналом', '1С: Управление Торговлей', '1С: Управление Производственным Предприятием', 'Управление проектами', '1С: Комплексная автоматизация', 'Бюджетирование', 'Первичная бухгалтерская документация', 'Управление продажами', 'MS SQL']"
QA Engineer (инженер по тестированию),Smart Design,,От 1 года до 3 лет,"['SQL', 'SOAP', 'Docker', 'Linux', 'CI/CD', 'Java', 'Kotlin', 'Gitlab', 'Jenkins']"
Программист 1С,ФСК Северо-Запад,,От 3 до 6 лет,"['1С программирование', '1С: Бухгалтерия', 'Автоматизация процессов', '1С: Документооборот', '1С: Зарплата и управление персоналом']"
Бизнес-аналитик (крупная строительная компания),AVRIO Group Consulting,,От 3 до 6 лет,"['MS Visio', 'MS PowerPoint', 'Аналитическое мышление', 'Подготовка презентаций', 'Бизнес-анализ']"
Электромеханик (иностранная производственная компания),AVRIO Group Consulting,,От 3 до 6 лет,"['Монтаж оборудования', 'Техническое обслуживание', 'Ремонтные работы', 'Чтение электросхем', 'Электротехнические работы']"
Менеджер по анализу и разработке систем Track&Trace/ Track & Trace Development Analyst Manager,JTI,,От 3 до 6 лет,"['Project management', 'Java', 'XML', 'Business English', 'MS SQL Server', 'Software Development']"
Golang разработчик (Junior+),СимбирСофт,,От 1 года до 3 лет,"['GO', 'Golang', 'микросервисы']"
Affiliate manager / Менеджер по работе с партнерами (CPA),7Click Limited,,От 1 года до 3 лет,"['Английский язык', 'Skype', 'Ведение переговоров', 'Организаторские навыки', 'Управление проектами', 'партнерские системы', 'рекламные кампании']"
Инженер отдела технической поддержки,Строительная Энергетическая Компания,50000.0,Нет опыта,"['Пользователь ПК', 'Windows 7', 'Mac Os', 'Электронная почта', 'Планирование карьеры']"
Рroduct analyst Growth Team,Приложение «Кошелёк»,,От 1 года до 3 лет,"['Python', 'MS SQL', 'Аналитические исследования', 'Анализ данных', 'Аналитика', 'Базы данных', 'Визуализация данных']"
Инженер-проектировщик АСУ ТП,ТДС,43500.0,От 3 до 6 лет,"['Деловое общение', 'Управление отношениями с клиентами', 'Продажи физическим лицам', 'Работа с существующей базой клиентов']"
Game Designer,Playrix,,От 1 года до 3 лет,"['Game Design', 'UI/UX']"
Начинающий специалист IT/IT-инженер,АТМ АЛЬЯНС,55000.0,Нет опыта,"['Пользователь ПК', 'Настройка ПО', 'Сервис', 'Установка ПО', 'Выездное обслуживание', 'Настройка ПК', 'Техническое обслуживание', 'Сборка ПК', 'Платежные системы', 'Онлайн касса', 'Установка Windows', 'Опытный пользователь ПК, знание MS Office', 'ОС Windows', 'Работа с оргтехникой', 'Установка ОС', 'Работа с банками']"
Инженер по сопровождению ПО IT-телеком,НТЦ АРГУС,40000.0,От 1 года до 3 лет,[]
Senior Game Designer,СВЭГ МАША,,От 3 до 6 лет,"['Game Design', 'Креативность', 'Аналитическое мышление', 'Game Dev', 'Техническая документация']"
Менеджер по продажам,Первое Маркетинговое Агентство,60900.0,От 1 года до 3 лет,"['переговоры с первыми лицами компаний', 'Активные продажи', 'B2B маркетинг', 'Internet Marketing', 'Информационные сайты', 'Создание сайтов', 'B2B Продажи', 'Продвижение сайтов']"
Senior Frontend Developer (React),EX CORP.,,От 3 до 6 лет,[]
Mobile app Project Manager,StudyWorld,,От 1 года до 3 лет,"['Управление проектами', 'Работа в команде']"
Специалист технической поддержки,Траектория,40000.0,Нет опыта,"['Helpdesk', 'Грамотность', 'Пользователь ПК', 'MS Office']"
Фрезеровщик,МетеорСтафф,76560.0,От 3 до 6 лет,"['Работа в команде', 'Опыт работы']"
Младший бизнес аналитик,Интроверт,50000.0,От 1 года до 3 лет,"['CRM', 'Работа в команде', 'Управление проектами', 'Google Docs', 'BPMN', 'Удаленная работа', 'B2B Продажи', 'Ведение переговоров', 'Грамотная речь', 'Работа в CRM системе', 'Сопровождение проектов', 'Обучение и развитие']"
Тестировщик печатных узлов,"СтарЛайн, Научно-производственное объединение",33000.0,Нет опыта,[]
Программист,Газпром переработка,,От 3 до 6 лет,[]
Python developer (senior),Betby,,От 3 до 6 лет,"['Linux', 'MongoDB', 'Python', 'Английский язык', 'Unix', 'NoSQL']"
Системный администратор / DevOps,Alertgroup,70000.0,От 1 года до 3 лет,"['Linux', 'Nginx', 'Python', 'Bash', 'Docker', 'DevOps', 'Администрирование серверов Linux']"
Специалист по APS - системам,КОННЕКТИВ ПЛМ,,От 1 года до 3 лет,"['Английский язык', 'Информационные технологии', 'Opcenter', 'Preactor', 'APS', 'MES', 'Ortems', 'Goodforecast', 'SAP APO', 'Планирование производства', 'Диспетчеризация']"
